0 0 0 -0.508592 -6.07658e-07
0 0 1 0 0
0 0 2 -2.34282e-08 2.93263e-10
0 0 3 0 0
0 1 0 0 0
0 1 1 -0.508592 -6.07658e-07
0 1 2 0 0
0 1 3 -2.34282e-08 2.93263e-10
0 2 0 -3.18932e-09 3.51232e-09
0 2 1 0 0
0 2 2 -0.508592 -6.06112e-07
0 2 3 0 0
0 3 0 0 0
0 3 1 -3.18932e-09 3.51232e-09
0 3 2 0 0
0 3 3 -0.508592 -6.06112e-07
1 0 0 -0.345403 -3.12082e-09
1 0 1 0 0
1 0 2 -7.01001e-12 5.49657e-13
1 0 3 0 0
1 1 0 0 0
1 1 1 -0.345403 -3.12082e-09
1 1 2 0 0
1 1 3 -7.01001e-12 5.49657e-13
1 2 0 -8.43799e-12 -5.37089e-13
1 2 1 0 0
1 2 2 -0.345403 -3.12293e-09
1 2 3 0 0
1 3 0 0 0
1 3 1 -8.43799e-12 -5.37089e-13
1 3 2 0 0
1 3 3 -0.345403 -3.12293e-09
2 0 0 -0.243148 2.27592e-09
2 0 1 0 0
2 0 2 -5.84254e-12 -4.00618e-13
2 0 3 0 0
2 1 0 0 0
2 1 1 -0.243148 2.27592e-09
2 1 2 0 0
2 1 3 -5.84254e-12 -4.00618e-13
2 2 0 -4.35011e-12 3.95604e-13
2 2 1 0 0
2 2 2 -0.243148 2.27759e-09
2 2 3 0 0
2 3 0 0 0
2 3 1 -4.35011e-12 3.95604e-13
2 3 2 0 0
2 3 3 -0.243148 2.27759e-09
3 0 0 -0.175514 -1.20241e-09
3 0 1 0 0
3 0 2 -3.26638e-12 2.06337e-13
3 0 3 0 0
3 1 0 0 0
3 1 1 -0.175514 -1.20241e-09
3 1 2 0 0
3 1 3 -3.26638e-12 2.06337e-13
3 2 0 -4.02237e-12 -2.01119e-13
3 2 1 0 0
3 2 2 -0.175514 -1.20328e-09
3 2 3 0 0
3 3 0 0 0
3 3 1 -4.02237e-12 -2.01119e-13
3 3 2 0 0
3 3 3 -0.175514 -1.20328e-09
4 0 0 -0.129011 -2.14947e-09
4 0 1 0 0
4 0 2 -1.66266e-12 3.73594e-13
4 0 3 0 0
4 1 0 0 0
4 1 1 -0.129011 -2.14947e-09
4 1 2 0 0
4 1 3 -1.66266e-12 3.73594e-13
4 2 0 -2.99692e-12 -3.56827e-13
4 2 1 0 0
4 2 2 -0.129011 -2.1511e-09
4 2 3 0 0
4 3 0 0 0
4 3 1 -2.99692e-12 -3.56827e-13
4 3 2 0 0
4 3 3 -0.129011 -2.1511e-09
5 0 0 -0.0961256 1.76273e-09
5 0 1 0 0
5 0 2 -1.6106e-12 -3.11453e-13
5 0 3 0 0
5 1 0 0 0
5 1 1 -0.0961256 1.76273e-09
5 1 2 0 0
5 1 3 -1.6106e-12 -3.11453e-13
5 2 0 -5.49001e-13 2.91239e-13
5 2 1 0 0
5 2 2 -0.0961256 1.76412e-09
5 2 3 0 0
5 3 0 0 0
5 3 1 -5.49001e-13 2.91239e-13
5 3 2 0 0
5 3 3 -0.0961256 1.76412e-09
6 0 0 -0.0723915 1.40819e-09
6 0 1 0 0
6 0 2 -8.76631e-13 -2.48896e-13
6 0 3 0 0
6 1 0 0 0
6 1 1 -0.0723915 1.40819e-09
6 1 2 0 0
6 1 3 -8.76631e-13 -2.48896e-13
6 2 0 -1.26312e-14 2.36986e-13
6 2 1 0 0
6 2 2 -0.0723915 1.40925e-09
6 2 3 0 0
6 3 0 0 0
6 3 1 -1.26312e-14 2.36986e-13
6 3 2 0 0
6 3 3 -0.0723915 1.40925e-09
7 0 0 -0.0550032 -2.0366e-09
7 0 1 0 0
7 0 2 3.06574e-13 3.57472e-13
7 0 3 0 0
7 1 0 0 0
7 1 1 -0.0550032 -2.0366e-09
7 1 2 0 0
7 1 3 3.06574e-13 3.57472e-13
7 2 0 -9.37949e-13 -3.3854e-13
7 2 1 0 0
7 2 2 -0.0550032 -2.03817e-09
7 2 3 0 0
7 3 0 0 0
7 3 1 -9.37949e-13 -3.3854e-13
7 3 2 0 0
7 3 3 -0.0550032 -2.03817e-09
8 0 0 -0.0421198 1.66417e-09
8 0 1 0 0
8 0 2 -2.74959e-13 -2.9299e-13
8 0 3 0 0
8 1 0 0 0
8 1 1 -0.0421198 1.66417e-09
8 1 2 0 0
8 1 3 -2.74959e-13 -2.9299e-13
8 2 0 7.43761e-13 2.77504e-13
8 2 1 0 0
8 2 2 -0.0421198 1.66544e-09
8 2 3 0 0
8 3 0 0 0
8 3 1 7.43761e-13 2.77504e-13
8 3 2 0 0
8 3 3 -0.0421198 1.66544e-09
9 0 0 -0.0324906 -9.29694e-10
9 0 1 0 0
9 0 2 4.70822e-13 1.63639e-13
9 0 3 0 0
9 1 0 0 0
9 1 1 -0.0324906 -9.29694e-10
9 1 2 0 0
9 1 3 4.70822e-13 1.63639e-13
9 2 0 -1.01296e-13 -1.55671e-13
9 2 1 0 0
9 2 2 -0.0324906 -9.30394e-10
9 2 3 0 0
9 3 0 0 0
9 3 1 -1.01296e-13 -1.55671e-13
9 3 2 0 0
9 3 3 -0.0324906 -9.30394e-10
10 0 0 -0.0252425 -4.08921e-10
10 0 1 0 0
10 0 2 4.60487e-13 7.19083e-14
10 0 3 0 0
10 1 0 0 0
10 1 1 -0.0252425 -4.08921e-10
10 1 2 0 0
10 1 3 4.60487e-13 7.19083e-14
10 2 0 2.1659e-13 -6.66428e-14
10 2 1 0 0
10 2 2 -0.0252425 -4.09256e-10
10 2 3 0 0
10 3 0 0 0
10 3 1 2.1659e-13 -6.66428e-14
10 3 2 0 0
10 3 3 -0.0252425 -4.09256e-10
11 0 0 -0.0197533 1.57922e-09
11 0 1 0 0
11 0 2 4.31391e-14 -2.77135e-13
11 0 3 0 0
11 1 0 0 0
11 1 1 -0.0197533 1.57922e-09
11 1 2 0 0
11 1 3 4.31391e-14 -2.77135e-13
11 2 0 1.00463e-12 2.61383e-13
11 2 1 0 0
11 2 2 -0.0197533 1.58044e-09
11 2 3 0 0
11 3 0 0 0
11 3 1 1.00463e-12 2.61383e-13
11 3 2 0 0
11 3 3 -0.0197533 1.58044e-09
12 0 0 -0.0155734 -1.03578e-09
12 0 1 0 0
12 0 2 6.72408e-13 1.82333e-13
12 0 3 0 0
12 1 0 0 0
12 1 1 -0.0155734 -1.03578e-09
12 1 2 0 0
12 1 3 6.72408e-13 1.82333e-13
12 2 0 3.88227e-14 -1.7277e-13
12 2 1 0 0
12 2 2 -0.0155734 -1.03657e-09
12 2 3 0 0
12 3 0 0 0
12 3 1 3.88227e-14 -1.7277e-13
12 3 2 0 0
12 3 3 -0.0155734 -1.03657e-09
13 0 0 -0.0123738 -5.0379e-10
13 0 1 0 0
13 0 2 5.70986e-13 8.86394e-14
13 0 3 0 0
13 1 0 0 0
13 1 1 -0.0123738 -5.0379e-10
13 1 2 0 0
13 1 3 5.70986e-13 8.86394e-14
13 2 0 2.67087e-13 -8.29714e-14
13 2 1 0 0
13 2 2 -0.0123738 -5.04192e-10
13 2 3 0 0
13 3 0 0 0
13 3 1 2.67087e-13 -8.29714e-14
13 3 2 0 0
13 3 3 -0.0123738 -5.04192e-10
14 0 0 -0.00991194 1.38072e-09
14 0 1 0 0
14 0 2 1.32158e-13 -2.42301e-13
14 0 3 0 0
14 1 0 0 0
14 1 1 -0.00991194 1.38072e-09
14 1 2 0 0
14 1 3 1.32158e-13 -2.42301e-13
14 2 0 9.74701e-13 2.29056e-13
14 2 1 0 0
14 2 2 -0.00991194 1.38178e-09
14 2 3 0 0
14 3 0 0 0
14 3 1 9.74701e-13 2.29056e-13
14 3 2 0 0
14 3 3 -0.00991194 1.38178e-09
15 0 0 -0.00800789 4.44054e-10
15 0 1 0 0
15 0 2 3.35394e-13 -7.76536e-14
15 0 3 0 0
15 1 0 0 0
15 1 1 -0.00800789 4.44054e-10
15 1 2 0 0
15 1 3 3.35394e-13 -7.76536e-14
15 2 0 6.03209e-13 7.2642e-14
15 2 1 0 0
15 2 2 -0.00800789 4.44409e-10
15 2 3 0 0
15 3 0 0 0
15 3 1 6.03209e-13 7.2642e-14
15 3 2 0 0
15 3 3 -0.00800789 4.44409e-10
16 0 0 -0.00652732 -1.02927e-09
16 0 1 0 0
16 0 2 6.70197e-13 1.80973e-13
16 0 3 0 0
16 1 0 0 0
16 1 1 -0.00652732 -1.02927e-09
16 1 2 0 0
16 1 3 6.70197e-13 1.80973e-13
16 2 0 4.19934e-14 -1.71219e-13
16 2 1 0 0
16 2 2 -0.00652732 -1.03006e-09
16 2 3 0 0
16 3 0 0 0
16 3 1 4.19934e-14 -1.71219e-13
16 3 2 0 0
16 3 3 -0.00652732 -1.03006e-09
17 0 0 -0.00536958 -5.03136e-10
17 0 1 0 0
17 0 2 5.445e-13 8.84108e-14
17 0 3 0 0
17 1 0 0 0
17 1 1 -0.00536958 -5.03136e-10
17 1 2 0 0
17 1 3 5.445e-13 8.84108e-14
17 2 0 2.40441e-13 -8.30338e-14
17 2 1 0 0
17 2 2 -0.00536958 -5.03533e-10
17 2 3 0 0
17 3 0 0 0
17 3 1 2.40441e-13 -8.30338e-14
17 3 2 0 0
17 3 3 -0.00536958 -5.03533e-10
18 0 0 -0.00445894 7.9497e-10
18 0 1 0 0
18 0 2 2.3309e-13 -1.39514e-13
18 0 3 0 0
18 1 0 0 0
18 1 1 -0.00445894 7.9497e-10
18 1 2 0 0
18 1 3 2.3309e-13 -1.39514e-13
18 2 0 7.19636e-13 1.32184e-13
18 2 1 0 0
18 2 2 -0.00445894 7.95579e-10
18 2 3 0 0
18 3 0 0 0
18 3 1 7.19636e-13 1.32184e-13
18 3 2 0 0
18 3 3 -0.00445894 7.95579e-10
19 0 0 -0.00373824 8.95413e-10
19 0 1 0 0
19 0 2 1.94243e-13 -1.57027e-13
19 0 3 0 0
19 1 0 0 0
19 1 1 -0.00373824 8.95413e-10
19 1 2 0 0
19 1 3 1.94243e-13 -1.57027e-13
19 2 0 7.38635e-13 1.48122e-13
19 2 1 0 0
19 2 2 -0.00373824 8.9611e-10
19 2 3 0 0
19 3 0 0 0
19 3 1 7.38635e-13 1.48122e-13
19 3 2 0 0
19 3 3 -0.00373824 8.9611e-10
20 0 0 -0.00316417 -1.38431e-10
20 0 1 0 0
20 0 2 4.20859e-13 2.45153e-14
20 0 3 0 0
20 1 0 0 0
20 1 1 -0.00316417 -1.38431e-10
20 1 2 0 0
20 1 3 4.20859e-13 2.45153e-14
20 2 0 3.33368e-13 -2.36471e-14
20 2 1 0 0
20 2 2 -0.00316417 -1.38529e-10
20 2 3 0 0
20 3 0 0 0
20 3 1 3.33368e-13 -2.36471e-14
20 3 2 0 0
20 3 3 -0.00316417 -1.38529e-10
21 0 0 -0.0027038 -9.43459e-10
21 0 1 0 0
21 0 2 5.99875e-13 1.65727e-13
21 0 3 0 0
21 1 0 0 0
21 1 1 -0.0027038 -9.43459e-10
21 1 2 0 0
21 1 3 5.99875e-13 1.65727e-13
21 2 0 2.32035e-14 -1.56759e-13
21 2 1 0 0
21 2 2 -0.0027038 -9.44186e-10
21 2 3 0 0
21 3 0 0 0
21 3 1 2.32035e-14 -1.56759e-13
21 3 2 0 0
21 3 3 -0.0027038 -9.44186e-10
22 0 0 -0.00233201 -7.29443e-10
22 0 1 0 0
22 0 2 5.44971e-13 1.28003e-13
22 0 3 0 0
22 1 0 0 0
22 1 1 -0.00233201 -7.29443e-10
22 1 2 0 0
22 1 3 5.44971e-13 1.28003e-13
22 2 0 1.01493e-13 -1.20684e-13
22 2 1 0 0
22 2 2 -0.00233201 -7.30013e-10
22 2 3 0 0
22 3 0 0 0
22 3 1 1.01493e-13 -1.20684e-13
22 3 2 0 0
22 3 3 -0.00233201 -7.30013e-10
23 0 0 -0.00202957 1.1901e-10
23 0 1 0 0
23 0 2 3.41293e-13 -2.09954e-14
23 0 3 0 0
23 1 0 0 0
23 1 1 -0.00202957 1.1901e-10
23 1 2 0 0
23 1 3 3.41293e-13 -2.09954e-14
23 2 0 4.16314e-13 2.02244e-14
23 2 1 0 0
23 2 2 -0.00202957 1.19094e-10
23 2 3 0 0
23 3 0 0 0
23 3 1 4.16314e-13 2.02244e-14
23 3 2 0 0
23 3 3 -0.00202957 1.19094e-10
24 0 0 -0.0017817 7.45472e-10
24 0 1 0 0
24 0 2 1.86476e-13 -1.30902e-13
24 0 3 0 0
24 1 0 0 0
24 1 1 -0.0017817 7.45472e-10
24 1 2 0 0
24 1 3 1.86476e-13 -1.30902e-13
24 2 0 6.4246e-13 1.23844e-13
24 2 1 0 0
24 2 2 -0.0017817 7.46046e-10
24 2 3 0 0
24 3 0 0 0
24 3 1 6.4246e-13 1.23844e-13
24 3 2 0 0
24 3 3 -0.0017817 7.46046e-10
25 0 0 -0.00157702 6.79998e-10
25 0 1 0 0
25 0 2 1.91479e-13 -1.19303e-13
25 0 3 0 0
25 1 0 0 0
25 1 1 -0.00157702 6.79998e-10
25 1 2 0 0
25 1 3 1.91479e-13 -1.19303e-13
25 2 0 6.05555e-13 1.12559e-13
25 2 1 0 0
25 2 2 -0.00157702 6.80528e-10
25 2 3 0 0
25 3 0 0 0
25 3 1 6.05555e-13 1.12559e-13
25 3 2 0 0
25 3 3 -0.00157702 6.80528e-10
26 0 0 -0.0014067 9.44606e-11
26 0 1 0 0
26 0 2 3.18902e-13 -1.64685e-14
26 0 3 0 0
26 1 0 0 0
26 1 1 -0.0014067 9.44606e-11
26 1 2 0 0
26 1 3 3.18902e-13 -1.64685e-14
26 2 0 3.74621e-13 1.52303e-14
26 2 1 0 0
26 2 2 -0.0014067 9.45405e-11
26 2 3 0 0
26 3 0 0 0
26 3 1 3.74621e-13 1.52303e-14
26 3 2 0 0
26 3 3 -0.0014067 9.45405e-11
27 0 0 -0.00126389 -5.02738e-10
27 0 1 0 0
27 0 2 4.51791e-13 8.83252e-14
27 0 3 0 0
27 1 0 0 0
27 1 1 -0.00126389 -5.02738e-10
27 1 2 0 0
27 1 3 4.51791e-13 8.83252e-14
27 2 0 1.435e-13 -8.37009e-14
27 2 1 0 0
27 2 2 -0.00126389 -5.03122e-10
27 2 3 0 0
27 3 0 0 0
27 3 1 1.435e-13 -8.37009e-14
27 3 2 0 0
27 3 3 -0.00126389 -5.03122e-10
28 0 0 -0.00114321 -7.04512e-10
28 0 1 0 0
28 0 2 4.94912e-13 1.23655e-13
28 0 3 0 0
28 1 0 0 0
28 1 1 -0.00114321 -7.04512e-10
28 1 2 0 0
28 1 3 4.94912e-13 1.23655e-13
28 2 0 6.4855e-14 -1.16848e-13
28 2 1 0 0
28 2 2 -0.00114321 -7.05058e-10
28 2 3 0 0
28 3 0 0 0
28 3 1 6.4855e-14 -1.16848e-13
28 3 2 0 0
28 3 3 -0.00114321 -7.05058e-10
29 0 0 -0.00104047 -4.38013e-10
29 0 1 0 0
29 0 2 4.29744e-13 7.67984e-14
29 0 3 0 0
29 1 0 0 0
29 1 1 -0.00104047 -4.38013e-10
29 1 2 0 0
29 1 3 4.29744e-13 7.67984e-14
29 2 0 1.63643e-13 -7.23559e-14
29 2 1 0 0
29 2 2 -0.00104047 -4.38356e-10
29 2 3 0 0
29 3 0 0 0
29 3 1 1.63643e-13 -7.23559e-14
29 3 2 0 0
29 3 3 -0.00104047 -4.38356e-10
30 0 0 -0.000952355 7.72084e-11
30 0 1 0 0
30 0 2 3.05942e-13 -1.36609e-14
30 0 3 0 0
30 1 0 0 0
30 1 1 -0.000952355 7.72084e-11
30 1 2 0 0
30 1 3 3.05942e-13 -1.36609e-14
30 2 0 3.54786e-13 1.31949e-14
30 2 1 0 0
30 2 2 -0.000952355 7.7262e-11
30 2 3 0 0
30 3 0 0 0
30 3 1 3.54786e-13 1.31949e-14
30 3 2 0 0
30 3 3 -0.000952355 7.7262e-11
31 0 0 -0.000876241 5.24854e-10
31 0 1 0 0
31 0 2 1.96553e-13 -9.21973e-14
31 0 3 0 0
31 1 0 0 0
31 1 1 -0.000876241 5.24854e-10
31 1 2 0 0
31 1 3 1.96553e-13 -9.21973e-14
31 2 0 5.18134e-13 8.73196e-14
31 2 1 0 0
31 2 2 -0.000876241 5.25256e-10
31 2 3 0 0
31 3 0 0 0
31 3 1 5.18134e-13 8.73196e-14
31 3 2 0 0
31 3 3 -0.000876241 5.25256e-10
32 0 0 -0.000810037 6.81935e-10
32 0 1 0 0
32 0 2 1.53852e-13 -1.19698e-13
32 0 3 0 0
32 1 0 0 0
32 1 1 -0.000810037 6.81935e-10
32 1 2 0 0
32 1 3 1.53852e-13 -1.19698e-13
32 2 0 5.70227e-13 1.13126e-13
32 2 1 0 0
32 2 2 -0.000810037 6.82463e-10
32 2 3 0 0
32 3 0 0 0
32 3 1 5.70227e-13 1.13126e-13
32 3 2 0 0
32 3 3 -0.000810037 6.82463e-10
33 0 0 -0.000752069 5.07481e-10
33 0 1 0 0
33 0 2 1.88257e-13 -8.90136e-14
33 0 3 0 0
33 1 0 0 0
33 1 1 -0.000752069 5.07481e-10
33 1 2 0 0
33 1 3 1.88257e-13 -8.90136e-14
33 2 0 4.97058e-13 8.39552e-14
33 2 1 0 0
33 2 2 -0.000752069 5.07877e-10
33 2 3 0 0
33 3 0 0 0
33 3 1 4.97058e-13 8.39552e-14
33 3 2 0 0
33 3 3 -0.000752069 5.07877e-10
34 0 0 -0.000700992 1.20024e-10
34 0 1 0 0
34 0 2 2.73022e-13 -2.09788e-14
34 0 3 0 0
34 1 0 0 0
34 1 1 -0.000700992 1.20024e-10
34 1 2 0 0
34 1 3 2.73022e-13 -2.09788e-14
34 2 0 3.44708e-13 1.95723e-14
34 2 1 0 0
34 2 2 -0.000700992 1.20123e-10
34 2 3 0 0
34 3 0 0 0
34 3 1 3.44708e-13 1.95723e-14
34 3 2 0 0
34 3 3 -0.000700992 1.20123e-10
35 0 0 -0.000655714 -2.90359e-10
35 0 1 0 0
35 0 2 3.64332e-13 5.10343e-14
35 0 3 0 0
35 1 0 0 0
35 1 1 -0.000655714 -2.90359e-10
35 1 2 0 0
35 1 3 3.64332e-13 5.10343e-14
35 2 0 1.85578e-13 -4.84609e-14
35 2 1 0 0
35 2 2 -0.000655714 -2.90579e-10
35 2 3 0 0
35 3 0 0 0
35 3 1 1.85578e-13 -4.84609e-14
35 3 2 0 0
35 3 3 -0.000655714 -2.90579e-10
36 0 0 -0.000615349 -5.5695e-10
36 0 1 0 0
36 0 2 4.23301e-13 9.77751e-14
36 0 3 0 0
36 1 0 0 0
36 1 1 -0.000615349 -5.5695e-10
36 1 2 0 0
36 1 3 4.23301e-13 9.77751e-14
36 2 0 8.24353e-14 -9.25256e-14
36 2 1 0 0
36 2 2 -0.000615349 -5.57378e-10
36 2 3 0 0
36 3 0 0 0
36 3 1 8.24353e-14 -9.25256e-14
36 3 2 0 0
36 3 3 -0.000615349 -5.57378e-10
37 0 0 -0.00057917 -5.97155e-10
37 0 1 0 0
37 0 2 4.30249e-13 1.04771e-13
37 0 3 0 0
37 1 0 0 0
37 1 1 -0.00057917 -5.97155e-10
37 1 2 0 0
37 1 3 4.30249e-13 1.04771e-13
37 2 0 6.57162e-14 -9.89963e-14
37 2 1 0 0
37 2 2 -0.00057917 -5.97617e-10
37 2 3 0 0
37 3 0 0 0
37 3 1 6.57162e-14 -9.89963e-14
37 3 2 0 0
37 3 3 -0.00057917 -5.97617e-10
38 0 0 -0.00054658 -4.25657e-10
38 0 1 0 0
38 0 2 3.88012e-13 7.46226e-14
38 0 3 0 0
38 1 0 0 0
38 1 1 -0.00054658 -4.25657e-10
38 1 2 0 0
38 1 3 3.88012e-13 7.46226e-14
38 2 0 1.28952e-13 -7.03857e-14
38 2 1 0 0
38 2 2 -0.00054658 -4.25989e-10
38 2 3 0 0
38 3 0 0 0
38 3 1 1.28952e-13 -7.03857e-14
38 3 2 0 0
38 3 3 -0.00054658 -4.25989e-10
39 0 0 -0.000517085 -1.28984e-10
39 0 1 0 0
39 0 2 3.16252e-13 2.25333e-14
39 0 3 0 0
39 1 0 0 0
39 1 1 -0.000517085 -1.28984e-10
39 1 2 0 0
39 1 3 3.16252e-13 2.25333e-14
39 2 0 2.38729e-13 -2.10985e-14
39 2 1 0 0
39 2 2 -0.000517085 -1.29088e-10
39 2 3 0 0
39 3 0 0 0
39 3 1 2.38729e-13 -2.10985e-14
39 3 2 0 0
39 3 3 -0.000517085 -1.29088e-10
40 0 0 -0.000490272 1.785e-10
40 0 1 0 0
40 0 2 2.41349e-13 -3.14212e-14
40 0 3 0 0
40 1 0 0 0
40 1 1 -0.000490272 1.785e-10
40 1 2 0 0
40 1 3 2.41349e-13 -3.14212e-14
40 2 0 3.51518e-13 2.98811e-14
40 2 1 0 0
40 2 2 -0.000490272 1.78634e-10
40 2 3 0 0
40 3 0 0 0
40 3 1 3.51518e-13 2.98811e-14
40 3 2 0 0
40 3 3 -0.000490272 1.78634e-10
41 0 0 -0.000465798 3.97203e-10
41 0 1 0 0
41 0 2 1.86511e-13 -6.97689e-14
41 0 3 0 0
41 1 0 0 0
41 1 1 -0.000465798 3.97203e-10
41 1 2 0 0
41 1 3 1.86511e-13 -6.97689e-14
41 2 0 4.29786e-13 6.60535e-14
41 2 1 0 0
41 2 2 -0.000465798 3.97508e-10
41 2 3 0 0
41 3 0 0 0
41 3 1 4.29786e-13 6.60535e-14
41 3 2 0 0
41 3 3 -0.000465798 3.97508e-10
42 0 0 -0.000443372 4.70243e-10
42 0 1 0 0
42 0 2 1.65202e-13 -8.25405e-14
42 0 3 0 0
42 1 0 0 0
42 1 1 -0.000443372 4.70243e-10
42 1 2 0 0
42 1 3 1.65202e-13 -8.25405e-14
42 2 0 4.52437e-13 7.80251e-14
42 2 1 0 0
42 2 2 -0.000443372 4.70606e-10
42 2 3 0 0
42 3 0 0 0
42 3 1 4.52437e-13 7.80251e-14
42 3 2 0 0
42 3 3 -0.000443372 4.70606e-10
43 0 0 -0.000422749 3.9212e-10
43 0 1 0 0
43 0 2 1.79019e-13 -6.87865e-14
43 0 3 0 0
43 1 0 0 0
43 1 1 -0.000422749 3.9212e-10
43 1 2 0 0
43 1 3 1.79019e-13 -6.87865e-14
43 2 0 4.17917e-13 6.49304e-14
43 2 1 0 0
43 2 2 -0.000422749 3.92425e-10
43 2 3 0 0
43 3 0 0 0
43 3 1 4.17917e-13 6.49304e-14
43 3 2 0 0
43 3 3 -0.000422749 3.92425e-10
44 0 0 -0.000403721 2.00679e-10
44 0 1 0 0
44 0 2 2.19452e-13 -3.51608e-14
44 0 3 0 0
44 1 0 0 0
44 1 1 -0.000403721 2.00679e-10
44 1 2 0 0
44 1 3 2.19452e-13 -3.51608e-14
44 2 0 3.40995e-13 3.30839e-14
44 2 1 0 0
44 2 2 -0.000403721 2.00837e-10
44 2 3 0 0
44 3 0 0 0
44 3 1 3.40995e-13 3.30839e-14
44 3 2 0 0
44 3 3 -0.000403721 2.00837e-10
45 0 0 -0.000386109 -4.10774e-11
45 0 1 0 0
45 0 2 2.72035e-13 7.27325e-15
45 0 3 0 0
45 1 0 0 0
45 1 1 -0.000386109 -4.10774e-11
45 1 2 0 0
45 1 3 2.72035e-13 7.27325e-15
45 2 0 2.45782e-13 -7.0438e-15
45 2 1 0 0
45 2 2 -0.000386109 -4.11056e-11
45 2 3 0 0
45 3 0 0 0
45 3 1 2.45782e-13 -7.0438e-15
45 3 2 0 0
45 3 3 -0.000386109 -4.11056e-11
46 0 0 -0.00036976 -2.65854e-10
46 0 1 0 0
46 0 2 3.21171e-13 4.67055e-14
46 0 3 0 0
46 1 0 0 0
46 1 1 -0.00036976 -2.65854e-10
46 1 2 0 0
46 1 3 3.21171e-13 4.67055e-14
46 2 0 1.57789e-13 -4.429e-14
46 2 1 0 0
46 2 2 -0.00036976 -2.66056e-10
46 2 3 0 0
46 3 0 0 0
46 3 1 1.57789e-13 -4.429e-14
46 3 2 0 0
46 3 3 -0.00036976 -2.66056e-10
47 0 0 -0.000354542 -4.1958e-10
47 0 1 0 0
47 0 2 3.54214e-13 7.36526e-14
47 0 3 0 0
47 1 0 0 0
47 1 1 -0.000354542 -4.1958e-10
47 1 2 0 0
47 1 3 3.54214e-13 7.36526e-14
47 2 0 9.73314e-14 -6.97015e-14
47 2 1 0 0
47 2 2 -0.000354542 -4.19903e-10
47 2 3 0 0
47 3 0 0 0
47 3 1 9.73314e-14 -6.97015e-14
47 3 2 0 0
47 3 3 -0.000354542 -4.19903e-10
48 0 0 -0.00034034 -4.72079e-10
48 0 1 0 0
48 0 2 3.63987e-13 8.28271e-14
48 0 3 0 0
48 1 0 0 0
48 1 1 -0.00034034 -4.72079e-10
48 1 2 0 0
48 1 3 3.63987e-13 8.28271e-14
48 2 0 7.55567e-14 -7.82978e-14
48 2 1 0 0
48 2 2 -0.00034034 -4.72444e-10
48 2 3 0 0
48 3 0 0 0
48 3 1 7.55567e-14 -7.82978e-14
48 3 2 0 0
48 3 3 -0.00034034 -4.72444e-10
49 0 0 -0.000327055 -4.19987e-10
49 0 1 0 0
49 0 2 3.49517e-13 7.36487e-14
49 0 3 0 0
49 1 0 0 0
49 1 1 -0.000327055 -4.19987e-10
49 1 2 0 0
49 1 3 3.49517e-13 7.36487e-14
49 2 0 9.34212e-14 -6.95483e-14
49 2 1 0 0
49 2 2 -0.000327055 -4.20314e-10
49 2 3 0 0
49 3 0 0 0
49 3 1 9.34212e-14 -6.95483e-14
49 3 2 0 0
49 3 3 -0.000327055 -4.20314e-10
50 0 0 -0.000314599 -2.83105e-10
50 0 1 0 0
50 0 2 3.15229e-13 4.95998e-14
50 0 3 0 0
50 1 0 0 0
50 1 1 -0.000314599 -2.83105e-10
50 1 2 0 0
50 1 3 3.15229e-13 4.95998e-14
50 2 0 1.4315e-13 -4.67605e-14
50 2 1 0 0
50 2 2 -0.000314599 -2.83327e-10
50 2 3 0 0
50 3 0 0 0
50 3 1 1.4315e-13 -4.67605e-14
50 3 2 0 0
50 3 3 -0.000314599 -2.83327e-10
51 0 0 -0.000302897 -9.6478e-11
51 0 1 0 0
51 0 2 2.69141e-13 1.68359e-14
51 0 3 0 0
51 1 0 0 0
51 1 1 -0.000302897 -9.6478e-11
51 1 2 0 0
51 1 3 2.69141e-13 1.68359e-14
51 2 0 2.11283e-13 -1.5762e-14
51 2 1 0 0
51 2 2 -0.000302897 -9.65561e-11
51 2 3 0 0
51 3 0 0 0
51 3 1 2.11283e-13 -1.5762e-14
51 3 2 0 0
51 3 3 -0.000302897 -9.65561e-11
52 0 0 -0.00029188 9.91394e-11
52 0 1 0 0
52 0 2 2.20669e-13 -1.74896e-14
52 0 3 0 0
52 1 0 0 0
52 1 1 -0.00029188 9.91394e-11
52 1 2 0 0
52 1 3 2.20669e-13 -1.74896e-14
52 2 0 2.82316e-13 1.66823e-14
52 2 1 0 0
52 2 2 -0.00029188 9.92127e-11
52 2 3 0 0
52 3 0 0 0
52 3 1 2.82316e-13 1.66823e-14
52 3 2 0 0
52 3 3 -0.00029188 9.92127e-11
53 0 0 -0.000281491 2.66148e-10
53 0 1 0 0
53 0 2 1.78562e-13 -4.67801e-14
53 0 3 0 0
53 1 0 0 0
53 1 1 -0.000281491 2.66148e-10
53 1 2 0 0
53 1 3 1.78562e-13 -4.67801e-14
53 2 0 3.42047e-13 4.43404e-14
53 2 1 0 0
53 2 2 -0.000281491 2.66351e-10
53 2 3 0 0
53 3 0 0 0
53 3 1 3.42047e-13 4.43404e-14
53 3 2 0 0
53 3 3 -0.000281491 2.66351e-10
54 0 0 -0.000271675 3.76706e-10
54 0 1 0 0
54 0 2 1.49358e-13 -6.61542e-14
54 0 3 0 0
54 1 0 0 0
54 1 1 -0.000271675 3.76706e-10
54 1 2 0 0
54 1 3 1.49358e-13 -6.61542e-14
54 2 0 3.80053e-13 6.26057e-14
54 2 1 0 0
54 2 2 -0.000271675 3.76996e-10
54 2 3 0 0
54 3 0 0 0
54 3 1 3.80053e-13 6.26057e-14
54 3 2 0 0
54 3 3 -0.000271675 3.76996e-10
55 0 0 -0.000262387 4.16316e-10
55 0 1 0 0
55 0 2 1.36527e-13 -7.30732e-14
55 0 3 0 0
55 1 0 0 0
55 1 1 -0.000262387 4.16316e-10
55 1 2 0 0
55 1 3 1.36527e-13 -7.30732e-14
55 2 0 3.91017e-13 6.90888e-14
55 2 1 0 0
55 2 2 -0.000262387 4.16637e-10
55 2 3 0 0
55 3 0 0 0
55 3 1 3.91017e-13 6.90888e-14
55 3 2 0 0
55 3 3 -0.000262387 4.16637e-10
56 0 0 -0.000253584 3.84379e-10
56 0 1 0 0
56 0 2 1.40321e-13 -6.74379e-14
56 0 3 0 0
56 1 0 0 0
56 1 1 -0.000253584 3.84379e-10
56 1 2 0 0
56 1 3 1.40321e-13 -6.74379e-14
56 2 0 3.74899e-13 6.37065e-14
56 2 1 0 0
56 2 2 -0.000253584 3.84677e-10
56 2 3 0 0
56 3 0 0 0
56 3 1 3.74899e-13 6.37065e-14
56 3 2 0 0
56 3 3 -0.000253584 3.84677e-10
57 0 0 -0.000245229 2.92264e-10
57 0 1 0 0
57 0 2 1.582e-13 -5.12482e-14
57 0 3 0 0
57 1 0 0 0
57 1 1 -0.000245229 2.92264e-10
57 1 2 0 0
57 1 3 1.582e-13 -5.12482e-14
57 2 0 3.36168e-13 4.83578e-14
57 2 1 0 0
57 2 2 -0.000245229 2.92492e-10
57 2 3 0 0
57 3 0 0 0
57 3 1 3.36168e-13 4.83578e-14
57 3 2 0 0
57 3 3 -0.000245229 2.92492e-10
58 0 0 -0.000237288 1.59716e-10
58 0 1 0 0
58 0 2 1.85655e-13 -2.79726e-14
58 0 3 0 0
58 1 0 0 0
58 1 1 -0.000237288 1.59716e-10
58 1 2 0 0
58 1 3 1.85655e-13 -2.79726e-14
58 2 0 2.82422e-13 2.63278e-14
58 2 1 0 0
58 2 2 -0.000237288 1.59842e-10
58 2 3 0 0
58 3 0 0 0
58 3 1 2.82422e-13 2.63278e-14
58 3 2 0 0
58 3 3 -0.000237288 1.59842e-10
59 0 0 -0.000229731 1.05458e-11
59 0 1 0 0
59 0 2 2.17194e-13 -1.79107e-15
59 0 3 0 0
59 1 0 0 0
59 1 1 -0.000229731 1.05458e-11
59 1 2 0 0
59 1 3 2.17194e-13 -1.79107e-15
59 2 0 2.22743e-13 1.57034e-15
59 2 1 0 0
59 2 2 -0.000229731 1.05569e-11
59 2 3 0 0
59 3 0 0 0
59 3 1 2.22743e-13 1.57034e-15
59 3 2 0 0
59 3 3 -0.000229731 1.05569e-11
60 0 0 -0.000222531 -1.31583e-10
60 0 1 0 0
60 0 2 2.47328e-13 2.31441e-14
60 0 3 0 0
60 1 0 0 0
60 1 1 -0.000222531 -1.31583e-10
60 1 2 0 0
60 1 3 2.47328e-13 2.31441e-14
60 2 0 1.66097e-13 -2.19899e-14
60 2 1 0 0
60 2 2 -0.000222531 -1.31682e-10
60 2 3 0 0
60 3 0 0 0
60 3 1 1.66097e-13 -2.19899e-14
60 3 2 0 0
60 3 3 -0.000222531 -1.31682e-10
61 0 0 -0.000215662 -2.46635e-10
61 0 1 0 0
61 0 2 2.71376e-13 4.33189e-14
61 0 3 0 0
61 1 0 0 0
61 1 1 -0.000215662 -2.46635e-10
61 1 2 0 0
61 1 3 2.71376e-13 4.33189e-14
61 2 0 1.20026e-13 -4.10343e-14
61 2 1 0 0
61 2 2 -0.000215662 -2.46824e-10
61 2 3 0 0
61 3 0 0 0
61 3 1 1.20026e-13 -4.10343e-14
61 3 2 0 0
61 3 3 -0.000215662 -2.46824e-10
62 0 0 -0.000209102 -3.20579e-10
62 0 1 0 0
62 0 2 2.86031e-13 5.62738e-14
62 0 3 0 0
62 1 0 0 0
62 1 1 -0.000209102 -3.20579e-10
62 1 2 0 0
62 1 3 2.86031e-13 5.62738e-14
62 2 0 8.97618e-14 -5.3243e-14
62 2 1 0 0
62 2 2 -0.000209102 -3.20826e-10
62 2 3 0 0
62 3 0 0 0
62 3 1 8.97618e-14 -5.3243e-14
62 3 2 0 0
62 3 3 -0.000209102 -3.20826e-10
63 0 0 -0.000202832 -3.46526e-10
63 0 1 0 0
63 0 2 2.89629e-13 6.08034e-14
63 0 3 0 0
63 1 0 0 0
63 1 1 -0.000202832 -3.46526e-10
63 1 2 0 0
63 1 3 2.89629e-13 6.08034e-14
63 2 0 7.78103e-14 -5.74825e-14
63 2 1 0 0
63 2 2 -0.000202832 -3.46794e-10
63 2 3 0 0
63 3 0 0 0
63 3 1 7.78103e-14 -5.74825e-14
63 3 2 0 0
63 3 3 -0.000202832 -3.46794e-10
64 0 0 -0.000196831 -3.24706e-10
64 0 1 0 0
64 0 2 2.8216e-13 5.69515e-14
64 0 3 0 0
64 1 0 0 0
64 1 1 -0.000196831 -3.24706e-10
64 1 2 0 0
64 1 3 2.8216e-13 5.69515e-14
64 2 0 8.39771e-14 -5.38e-14
64 2 1 0 0
64 2 2 -0.000196831 -3.24958e-10
64 2 3 0 0
64 3 0 0 0
64 3 1 8.39771e-14 -5.38e-14
64 3 2 0 0
64 3 3 -0.000196831 -3.24958e-10
65 0 0 -0.000191084 -2.615e-10
65 0 1 0 0
65 0 2 2.65047e-13 4.58407e-14
65 0 3 0 0
65 1 0 0 0
65 1 1 -0.000191084 -2.615e-10
65 1 2 0 0
65 1 3 2.65047e-13 4.58407e-14
65 2 0 1.05749e-13 -4.32621e-14
65 2 1 0 0
65 2 2 -0.000191084 -2.61704e-10
65 2 3 0 0
65 3 0 0 0
65 3 1 1.05749e-13 -4.32621e-14
65 3 2 0 0
65 3 3 -0.000191084 -2.61704e-10
66 0 0 -0.000185575 -1.6783e-10
66 0 1 0 0
66 0 2 2.40783e-13 2.93901e-14
66 0 3 0 0
66 1 0 0 0
66 1 1 -0.000185575 -1.6783e-10
66 1 2 0 0
66 1 3 2.40783e-13 2.93901e-14
66 2 0 1.38915e-13 -2.76865e-14
66 2 1 0 0
66 2 2 -0.000185575 -1.67962e-10
66 2 3 0 0
66 3 0 0 0
66 3 1 1.38915e-13 -2.76865e-14
66 3 2 0 0
66 3 3 -0.000185575 -1.67962e-10
67 0 0 -0.000180289 -5.72319e-11
67 0 1 0 0
67 0 2 2.12482e-13 9.97579e-15
67 0 3 0 0
67 1 0 0 0
67 1 1 -0.000180289 -5.72319e-11
67 1 2 0 0
67 1 3 2.12482e-13 9.97579e-15
67 2 0 1.78303e-13 -9.32165e-15
67 2 1 0 0
67 2 2 -0.000180289 -5.72787e-11
67 2 3 0 0
67 3 0 0 0
67 3 1 1.78303e-13 -9.32165e-15
67 3 2 0 0
67 3 3 -0.000180289 -5.72787e-11
68 0 0 -0.000175214 5.61042e-11
68 0 1 0 0
68 0 2 1.8343e-13 -9.91153e-15
68 0 3 0 0
68 1 0 0 0
68 1 1 -0.000175214 5.61042e-11
68 1 2 0 0
68 1 3 1.8343e-13 -9.91153e-15
68 2 0 2.1852e-13 9.47758e-15
68 2 1 0 0
68 2 2 -0.000175214 5.61451e-11
68 2 3 0 0
68 3 0 0 0
68 3 1 2.1852e-13 9.47758e-15
68 3 2 0 0
68 3 3 -0.000175214 5.61451e-11
69 0 0 -0.000170337 1.59067e-10
69 0 1 0 0
69 0 2 1.5668e-13 -2.79718e-14
69 0 3 0 0
69 1 0 0 0
69 1 1 -0.000170337 1.59067e-10
69 1 2 0 0
69 1 3 1.5668e-13 -2.79718e-14
69 2 0 2.54613e-13 2.65379e-14
69 2 1 0 0
69 2 2 -0.000170337 1.59188e-10
69 2 3 0 0
69 3 0 0 0
69 3 1 2.54613e-13 2.65379e-14
69 3 2 0 0
69 3 3 -0.000170337 1.59188e-10
70 0 0 -0.000165647 2.40981e-10
70 0 1 0 0
70 0 2 1.34732e-13 -4.23329e-14
70 0 3 0 0
70 1 0 0 0
70 1 1 -0.000165647 2.40981e-10
70 1 2 0 0
70 1 3 1.34732e-13 -4.23329e-14
70 2 0 2.82572e-13 4.00917e-14
70 2 1 0 0
70 2 2 -0.000165647 2.41165e-10
70 2 3 0 0
70 3 0 0 0
70 3 1 2.82572e-13 4.00917e-14
70 3 2 0 0
70 3 3 -0.000165647 2.41165e-10
71 0 0 -0.000161135 2.94488e-10
71 0 1 0 0
71 0 2 1.19328e-13 -5.17056e-14
71 0 3 0 0
71 1 0 0 0
71 1 1 -0.000161135 2.94488e-10
71 1 2 0 0
71 1 3 1.19328e-13 -5.17056e-14
71 2 0 2.99665e-13 4.89234e-14
71 2 1 0 0
71 2 2 -0.000161135 2.94714e-10
71 2 3 0 0
71 3 0 0 0
71 3 1 2.99665e-13 4.89234e-14
71 3 2 0 0
71 3 3 -0.000161135 2.94714e-10
72 0 0 -0.000156789 3.15943e-10
72 0 1 0 0
72 0 2 1.11351e-13 -5.54523e-14
72 0 3 0 0
72 1 0 0 0
72 1 1 -0.000156789 3.15943e-10
72 1 2 0 0
72 1 3 1.11351e-13 -5.54523e-14
72 2 0 3.0457e-13 5.24337e-14
72 2 1 0 0
72 2 2 -0.000156789 3.16187e-10
72 2 3 0 0
72 3 0 0 0
72 3 1 3.0457e-13 5.24337e-14
72 3 2 0 0
72 3 3 -0.000156789 3.16187e-10
73 0 0 -0.000152603 3.05357e-10
73 0 1 0 0
73 0 2 1.10836e-13 -5.35766e-14
73 0 3 0 0
73 1 0 0 0
73 1 1 -0.000152603 3.05357e-10
73 1 2 0 0
73 1 3 1.10836e-13 -5.35766e-14
73 2 0 2.97354e-13 5.06293e-14
73 2 1 0 0
73 2 2 -0.000152603 3.05594e-10
73 2 3 0 0
73 3 0 0 0
73 3 1 2.97354e-13 5.06293e-14
73 3 2 0 0
73 3 3 -0.000152603 3.05594e-10
74 0 0 -0.000148567 2.65967e-10
74 0 1 0 0
74 0 2 1.17066e-13 -4.66486e-14
74 0 3 0 0
74 1 0 0 0
74 1 1 -0.000148567 2.65967e-10
74 1 2 0 0
74 1 3 1.17066e-13 -4.66486e-14
74 2 0 2.79301e-13 4.40522e-14
74 2 1 0 0
74 2 2 -0.000148567 2.66174e-10
74 2 3 0 0
74 3 0 0 0
74 3 1 2.79301e-13 4.40522e-14
74 3 2 0 0
74 3 3 -0.000148567 2.66174e-10
75 0 0 -0.000144674 2.03545e-10
75 0 1 0 0
75 0 2 1.2873e-13 -3.56825e-14
75 0 3 0 0
75 1 0 0 0
75 1 1 -0.000144674 2.03545e-10
75 1 2 0 0
75 1 3 1.2873e-13 -3.56825e-14
75 2 0 2.52645e-13 3.36635e-14
75 2 1 0 0
75 2 2 -0.000144674 2.03704e-10
75 2 3 0 0
75 3 0 0 0
75 3 1 2.52645e-13 3.36635e-14
75 3 2 0 0
75 3 3 -0.000144674 2.03704e-10
76 0 0 -0.000140917 1.25551e-10
76 0 1 0 0
76 0 2 1.44115e-13 -2.19883e-14
76 0 3 0 0
76 1 0 0 0
76 1 1 -0.000140917 1.25551e-10
76 1 2 0 0
76 1 3 1.44115e-13 -2.19883e-14
76 2 0 2.20247e-13 2.07034e-14
76 2 1 0 0
76 2 2 -0.000140917 1.2565e-10
76 2 3 0 0
76 3 0 0 0
76 3 1 2.20247e-13 2.07034e-14
76 3 2 0 0
76 3 3 -0.000140917 1.2565e-10
77 0 0 -0.000137289 4.02383e-11
77 0 1 0 0
77 0 2 1.61315e-13 -7.01482e-15
77 0 3 0 0
77 1 0 0 0
77 1 1 -0.000137289 4.02383e-11
77 1 2 0 0
77 1 3 1.61315e-13 -7.01482e-15
77 2 0 1.85251e-13 6.54214e-15
77 2 1 0 0
77 2 2 -0.000137289 4.02716e-11
77 2 3 0 0
77 3 0 0 0
77 3 1 1.85251e-13 6.54214e-15
77 3 2 0 0
77 3 3 -0.000137289 4.02716e-11
78 0 0 -0.000133783 -4.4194e-11
78 0 1 0 0
78 0 2 1.78429e-13 7.79942e-15
78 0 3 0 0
78 1 0 0 0
78 1 1 -0.000133783 -4.4194e-11
78 1 2 0 0
78 1 3 1.78429e-13 7.79942e-15
78 2 0 1.50768e-13 -7.46032e-15
78 2 1 0 0
78 2 2 -0.000133783 -4.4226e-11
78 2 3 0 0
78 3 0 0 0
78 3 1 1.50768e-13 -7.46032e-15
78 3 2 0 0
78 3 3 -0.000133783 -4.4226e-11
79 0 0 -0.000130395 -1.20334e-10
79 0 1 0 0
79 0 2 1.93729e-13 2.11542e-14
79 0 3 0 0
79 1 0 0 0
79 1 1 -0.000130395 -1.20334e-10
79 1 2 0 0
79 1 3 1.93729e-13 2.11542e-14
79 2 0 1.19595e-13 -2.00756e-14
79 2 1 0 0
79 2 2 -0.000130395 -1.20425e-10
79 2 3 0 0
79 3 0 0 0
79 3 1 1.19595e-13 -2.00756e-14
79 3 2 0 0
79 3 3 -0.000130395 -1.20425e-10
80 0 0 -0.000127119 -1.82121e-10
80 0 1 0 0
80 0 2 2.05795e-13 3.1987e-14
80 0 3 0 0
80 1 0 0 0
80 1 1 -0.000127119 -1.82121e-10
80 1 2 0 0
80 1 3 2.05795e-13 3.1987e-14
80 2 0 9.40053e-14 -3.03006e-14
80 2 1 0 0
80 2 2 -0.000127119 -1.82261e-10
80 2 3 0 0
80 3 0 0 0
80 3 1 9.40053e-14 -3.03006e-14
80 3 2 0 0
80 3 3 -0.000127119 -1.82261e-10
81 0 0 -0.00012395 -2.25226e-10
81 0 1 0 0
81 0 2 2.13601e-13 3.95388e-14
81 0 3 0 0
81 1 0 0 0
81 1 1 -0.00012395 -2.25226e-10
81 1 2 0 0
81 1 3 2.13601e-13 3.95388e-14
81 2 0 7.56111e-14 -3.74195e-14
81 2 1 0 0
81 2 2 -0.00012395 -2.25399e-10
81 2 3 0 0
81 3 0 0 0
81 3 1 7.56111e-14 -3.74195e-14
81 3 2 0 0
81 3 3 -0.00012395 -2.25399e-10
82 0 0 -0.000120882 -2.47226e-10
82 0 1 0 0
82 0 2 2.16566e-13 4.33861e-14
82 0 3 0 0
82 1 0 0 0
82 1 1 -0.000120882 -2.47226e-10
82 1 2 0 0
82 1 3 2.16566e-13 4.33861e-14
82 2 0 6.52943e-14 -4.10339e-14
82 2 1 0 0
82 2 2 -0.000120882 -2.47417e-10
82 2 3 0 0
82 3 0 0 0
82 3 1 6.52943e-14 -4.10339e-14
82 3 2 0 0
82 3 3 -0.000120882 -2.47417e-10
83 0 0 -0.000117912 -2.47612e-10
83 0 1 0 0
83 0 2 2.14548e-13 4.34405e-14
83 0 3 0 0
83 1 0 0 0
83 1 1 -0.000117912 -2.47612e-10
83 1 2 0 0
83 1 3 2.14548e-13 4.34405e-14
83 2 0 6.32119e-14 -4.10622e-14
83 2 1 0 0
83 2 2 -0.000117912 -2.47804e-10
83 2 3 0 0
83 3 0 0 0
83 3 1 6.32119e-14 -4.10622e-14
83 3 2 0 0
83 3 3 -0.000117912 -2.47804e-10
84 0 0 -0.000115035 -2.27632e-10
84 0 1 0 0
84 0 2 2.07816e-13 3.9922e-14
84 0 3 0 0
84 1 0 0 0
84 1 1 -0.000115035 -2.27632e-10
84 1 2 0 0
84 1 3 2.07816e-13 3.9922e-14
84 2 0 6.88565e-14 -3.77142e-14
84 2 1 0 0
84 2 2 -0.000115035 -2.27808e-10
84 2 3 0 0
84 3 0 0 0
84 3 1 6.88565e-14 -3.77142e-14
84 3 2 0 0
84 3 3 -0.000115035 -2.27808e-10
85 0 0 -0.000112247 -1.90015e-10
85 0 1 0 0
85 0 2 1.96986e-13 3.33107e-14
85 0 3 0 0
85 1 0 0 0
85 1 1 -0.000112247 -1.90015e-10
85 1 2 0 0
85 1 3 1.96986e-13 3.33107e-14
85 2 0 8.11628e-14 -3.14454e-14
85 2 1 0 0
85 2 2 -0.000112247 -1.90163e-10
85 2 3 0 0
85 3 0 0 0
85 3 1 8.11628e-14 -3.14454e-14
85 3 2 0 0
85 3 3 -0.000112247 -1.90163e-10
86 0 0 -0.000109545 -1.3862e-10
86 0 1 0 0
86 0 2 1.82941e-13 2.42844e-14
86 0 3 0 0
86 1 0 0 0
86 1 1 -0.000109545 -1.3862e-10
86 1 2 0 0
86 1 3 1.82941e-13 2.42844e-14
86 2 0 9.86443e-14 -2.28978e-14
86 2 1 0 0
86 2 2 -0.000109545 -1.38729e-10
86 2 3 0 0
86 3 0 0 0
86 3 1 9.86443e-14 -2.28978e-14
86 3 2 0 0
86 3 3 -0.000109545 -1.38729e-10
87 0 0 -0.000106925 -7.80377e-11
87 0 1 0 0
87 0 2 1.66735e-13 1.3649e-14
87 0 3 0 0
87 1 0 0 0
87 1 1 -0.000106925 -7.80377e-11
87 1 2 0 0
87 1 3 1.66735e-13 1.3649e-14
87 2 0 1.19545e-13 -1.2834e-14
87 2 1 0 0
87 2 2 -0.000106925 -7.80998e-11
87 2 3 0 0
87 3 0 0 0
87 3 1 1.19545e-13 -1.2834e-14
87 3 2 0 0
87 3 3 -0.000106925 -7.80998e-11
88 0 0 -0.000104384 -1.31817e-11
88 0 1 0 0
88 0 2 1.49504e-13 2.26697e-15
88 0 3 0 0
88 1 0 0 0
88 1 1 -0.000104384 -1.31817e-11
88 1 2 0 0
88 1 3 1.49504e-13 2.26697e-15
88 2 0 1.41993e-13 -2.06987e-15
88 2 1 0 0
88 2 2 -0.000104384 -1.31937e-11
88 2 3 0 0
88 3 0 0 0
88 3 1 1.41993e-13 -2.06987e-15
88 3 2 0 0
88 3 3 -0.000104384 -1.31937e-11
89 0 0 -0.000101918 5.10887e-11
89 0 1 0 0
89 0 2 1.32377e-13 -9.00903e-15
89 0 3 0 0
89 1 0 0 0
89 1 1 -0.000101918 5.10887e-11
89 1 2 0 0
89 1 3 1.32377e-13 -9.00903e-15
89 2 0 1.64145e-13 8.5886e-15
89 2 1 0 0
89 2 2 -0.000101918 5.11264e-11
89 2 3 0 0
89 3 0 0 0
89 3 1 1.64145e-13 8.5886e-15
89 3 2 0 0
89 3 3 -0.000101918 5.11264e-11
90 0 0 -9.95247e-05 1.10303e-10
90 0 1 0 0
90 0 2 1.16395e-13 -1.93949e-14
90 0 3 0 0
90 1 0 0 0
90 1 1 -9.95247e-05 1.10303e-10
90 1 2 0 0
90 1 3 1.16395e-13 -1.93949e-14
90 2 0 1.84314e-13 1.84005e-14
90 2 1 0 0
90 2 2 -9.95247e-05 1.10387e-10
90 2 3 0 0
90 3 0 0 0
90 3 1 1.84314e-13 1.84005e-14
90 3 2 0 0
90 3 3 -9.95247e-05 1.10387e-10
91 0 0 -9.72013e-05 1.6065e-10
91 0 1 0 0
91 0 2 1.0245e-13 -2.82222e-14
91 0 3 0 0
91 1 0 0 0
91 1 1 -9.72013e-05 1.6065e-10
91 1 2 0 0
91 1 3 1.0245e-13 -2.82222e-14
91 2 0 2.01066e-13 2.67346e-14
91 2 1 0 0
91 2 2 -9.72013e-05 1.60773e-10
91 2 3 0 0
91 3 0 0 0
91 3 1 2.01066e-13 2.67346e-14
91 3 2 0 0
91 3 3 -9.72013e-05 1.60773e-10
92 0 0 -9.4945e-05 1.99167e-10
92 0 1 0 0
92 0 2 9.12407e-14 -3.49718e-14
92 0 3 0 0
92 1 0 0 0
92 1 1 -9.4945e-05 1.99167e-10
92 1 2 0 0
92 1 3 9.12407e-14 -3.49718e-14
92 2 0 2.13295e-13 3.31011e-14
92 2 1 0 0
92 2 2 -9.4945e-05 1.99321e-10
92 2 3 0 0
92 3 0 0 0
92 3 1 2.13295e-13 3.31011e-14
92 3 2 0 0
92 3 3 -9.4945e-05 1.99321e-10
93 0 0 -9.27532e-05 2.23862e-10
93 0 1 0 0
93 0 2 8.3241e-14 -3.92947e-14
93 0 3 0 0
93 1 0 0 0
93 1 1 -9.27532e-05 2.23862e-10
93 1 2 0 0
93 1 3 8.3241e-14 -3.92947e-14
93 2 0 2.20266e-13 3.71711e-14
93 2 1 0 0
93 2 2 -9.27532e-05 2.24035e-10
93 2 3 0 0
93 3 0 0 0
93 3 1 2.20266e-13 3.71711e-14
93 3 2 0 0
93 3 3 -9.27532e-05 2.24035e-10
94 0 0 -9.06235e-05 2.3375e-10
94 0 1 0 0
94 0 2 7.86926e-14 -4.10188e-14
94 0 3 0 0
94 1 0 0 0
94 1 1 -9.06235e-05 2.3375e-10
94 1 2 0 0
94 1 3 7.86926e-14 -4.10188e-14
94 2 0 2.21627e-13 3.87831e-14
94 2 1 0 0
94 2 2 -9.06235e-05 2.33931e-10
94 2 3 0 0
94 3 0 0 0
94 3 1 2.21627e-13 3.87831e-14
94 3 2 0 0
94 3 3 -9.06235e-05 2.33931e-10
95 0 0 -8.85538e-05 2.28827e-10
95 0 1 0 0
95 0 2 7.7609e-14 -4.01443e-14
95 0 3 0 0
95 1 0 0 0
95 1 1 -8.85538e-05 2.28827e-10
95 1 2 0 0
95 1 3 7.7609e-14 -4.01443e-14
95 2 0 2.17397e-13 3.79384e-14
95 2 1 0 0
95 2 2 -8.85538e-05 2.29005e-10
95 2 3 0 0
95 3 0 0 0
95 3 1 2.17397e-13 3.79384e-14
95 3 2 0 0
95 3 3 -8.85538e-05 2.29005e-10
96 0 0 -8.65416e-05 2.09987e-10
96 0 1 0 0
96 0 2 7.97952e-14 -3.68283e-14
96 0 3 0 0
96 1 0 0 0
96 1 1 -8.65416e-05 2.09987e-10
96 1 2 0 0
96 1 3 7.97952e-14 -3.68283e-14
96 2 0 2.07936e-13 3.47866e-14
96 2 1 0 0
96 2 2 -8.65416e-05 2.1015e-10
96 2 3 0 0
96 3 0 0 0
96 3 1 2.07936e-13 3.47866e-14
96 3 2 0 0
96 3 3 -8.65416e-05 2.1015e-10
97 0 0 -8.45851e-05 1.78886e-10
97 0 1 0 0
97 0 2 8.48765e-14 -3.13624e-14
97 0 3 0 0
97 1 0 0 0
97 1 1 -8.45851e-05 1.78886e-10
97 1 2 0 0
97 1 3 8.48765e-14 -3.13624e-14
97 2 0 1.93889e-13 2.96044e-14
97 2 1 0 0
97 2 2 -8.45851e-05 1.79025e-10
97 2 3 0 0
97 3 0 0 0
97 3 1 1.93889e-13 2.96044e-14
97 3 2 0 0
97 3 3 -8.45851e-05 1.79025e-10
98 0 0 -8.26822e-05 1.37786e-10
98 0 1 0 0
98 0 2 9.23366e-14 -2.41438e-14
98 0 3 0 0
98 1 0 0 0
98 1 1 -8.26822e-05 1.37786e-10
98 1 2 0 0
98 1 3 9.23366e-14 -2.41438e-14
98 2 0 1.76129e-13 2.27679e-14
98 2 1 0 0
98 2 2 -8.26822e-05 1.37894e-10
98 2 3 0 0
98 3 0 0 0
98 3 1 1.76129e-13 2.27679e-14
98 3 2 0 0
98 3 3 -8.26822e-05 1.37894e-10
99 0 0 -8.0831e-05 8.9372e-11
99 0 1 0 0
99 0 2 1.01558e-13 -1.56439e-14
99 0 3 0 0
99 1 0 0 0
99 1 1 -8.0831e-05 8.9372e-11
99 1 2 0 0
99 1 3 1.01558e-13 -1.56439e-14
99 2 0 1.55683e-13 1.47233e-14
99 2 1 0 0
99 2 2 -8.0831e-05 8.94428e-11
99 2 3 0 0
99 3 0 0 0
99 3 1 1.55683e-13 1.47233e-14
99 3 2 0 0
99 3 3 -8.0831e-05 8.94428e-11
100 0 0 -7.90297e-05 3.65655e-11
100 0 1 0 0
100 0 2 1.11867e-13 -6.37556e-15
100 0 3 0 0
100 1 0 0 0
100 1 1 -7.90297e-05 3.65655e-11
100 1 2 0 0
100 1 3 1.11867e-13 -6.37556e-15
100 2 0 1.33667e-13 5.95592e-15
100 2 1 0 0
100 2 2 -7.90297e-05 3.65955e-11
100 2 3 0 0
100 3 0 0 0
100 3 1 1.33667e-13 5.95592e-15
100 3 2 0 0
100 3 3 -7.90297e-05 3.65955e-11
101 0 0 -7.72767e-05 -1.76551e-11
101 0 1 0 0
101 0 2 1.22573e-13 3.13858e-15
101 0 3 0 0
101 1 0 0 0
101 1 1 -7.72767e-05 -1.76551e-11
101 1 2 0 0
101 1 3 1.22573e-13 3.13858e-15
101 2 0 1.11211e-13 -3.04009e-15
101 2 1 0 0
101 2 2 -7.72767e-05 -1.76669e-11
101 2 3 0 0
101 3 0 0 0
101 3 1 1.11211e-13 -3.04009e-15
101 3 2 0 0
101 3 3 -7.72767e-05 -1.76669e-11
102 0 0 -7.55701e-05 -7.04185e-11
102 0 1 0 0
102 0 2 1.33007e-13 1.23948e-14
102 0 3 0 0
102 1 0 0 0
102 1 1 -7.55701e-05 -7.04185e-11
102 1 2 0 0
102 1 3 1.33007e-13 1.23948e-14
102 2 0 8.94035e-14 -1.17886e-14
102 2 1 0 0
102 2 2 -7.55701e-05 -7.04712e-11
102 2 3 0 0
102 3 0 0 0
102 3 1 8.94035e-14 -1.17886e-14
102 3 2 0 0
102 3 3 -7.55701e-05 -7.04712e-11
103 0 0 -7.39086e-05 -1.19104e-10
103 0 1 0 0
103 0 2 1.4256e-13 2.09335e-14
103 0 3 0 0
103 1 0 0 0
103 1 1 -7.39086e-05 -1.19104e-10
103 1 2 0 0
103 1 3 1.4256e-13 2.09335e-14
103 2 0 6.92326e-14 -1.98553e-14
103 2 1 0 0
103 2 2 -7.39086e-05 -1.19195e-10
103 2 3 0 0
103 3 0 0 0
103 3 1 6.92326e-14 -1.98553e-14
103 3 2 0 0
103 3 3 -7.39086e-05 -1.19195e-10
104 0 0 -7.22905e-05 -1.61457e-10
104 0 1 0 0
104 0 2 1.50701e-13 2.83592e-14
104 0 3 0 0
104 1 0 0 0
104 1 1 -7.22905e-05 -1.61457e-10
104 1 2 0 0
104 1 3 1.50701e-13 2.83592e-14
104 2 0 5.15454e-14 -2.68669e-14
104 2 1 0 0
104 2 2 -7.22905e-05 -1.61581e-10
104 2 3 0 0
104 3 0 0 0
104 3 1 5.15454e-14 -2.68669e-14
104 3 2 0 0
104 3 3 -7.22905e-05 -1.61581e-10
105 0 0 -7.07145e-05 -1.95672e-10
105 0 1 0 0
105 0 2 1.57005e-13 3.43555e-14
105 0 3 0 0
105 1 0 0 0
105 1 1 -7.07145e-05 -1.95672e-10
105 1 2 0 0
105 1 3 1.57005e-13 3.43555e-14
105 2 0 3.70161e-14 -3.25247e-14
105 2 1 0 0
105 2 2 -7.07145e-05 -1.95822e-10
105 2 3 0 0
105 3 0 0 0
105 3 1 3.70161e-14 -3.25247e-14
105 3 2 0 0
105 3 3 -7.07145e-05 -1.95822e-10
106 0 0 -6.91792e-05 -2.20449e-10
106 0 1 0 0
106 0 2 1.61164e-13 3.86947e-14
106 0 3 0 0
106 1 0 0 0
106 1 1 -6.91792e-05 -2.20449e-10
106 1 2 0 0
106 1 3 1.61164e-13 3.86947e-14
106 2 0 2.61259e-14 -3.66141e-14
106 2 1 0 0
106 2 2 -6.91792e-05 -2.20618e-10
106 2 3 0 0
106 3 0 0 0
106 3 1 2.61259e-14 -3.66141e-14
106 3 2 0 0
106 3 3 -6.91792e-05 -2.20618e-10
107 0 0 -6.76832e-05 -2.35013e-10
107 0 1 0 0
107 0 2 1.6299e-13 4.12414e-14
107 0 3 0 0
107 1 0 0 0
107 1 1 -6.76832e-05 -2.35013e-10
107 1 2 0 0
107 1 3 1.6299e-13 4.12414e-14
107 2 0 1.9155e-14 -3.90078e-14
107 2 1 0 0
107 2 2 -6.76832e-05 -2.35195e-10
107 2 3 0 0
107 3 0 0 0
107 3 1 1.9155e-14 -3.90078e-14
107 3 2 0 0
107 3 3 -6.76832e-05 -2.35195e-10
108 0 0 -6.62254e-05 -2.39116e-10
108 0 1 0 0
108 0 2 1.62416e-13 4.19523e-14
108 0 3 0 0
108 1 0 0 0
108 1 1 -6.62254e-05 -2.39116e-10
108 1 2 0 0
108 1 3 1.62416e-13 4.19523e-14
108 2 0 1.61851e-14 -3.96654e-14
108 2 1 0 0
108 2 2 -6.62254e-05 -2.39301e-10
108 2 3 0 0
108 3 0 0 0
108 3 1 1.61851e-14 -3.96654e-14
108 3 2 0 0
108 3 3 -6.62254e-05 -2.39301e-10
109 0 0 -6.48044e-05 -2.33001e-10
109 0 1 0 0
109 0 2 1.59492e-13 4.08706e-14
109 0 3 0 0
109 1 0 0 0
109 1 1 -6.48044e-05 -2.33001e-10
109 1 2 0 0
109 1 3 1.59492e-13 4.08706e-14
109 2 0 1.71109e-14 -3.86284e-14
109 2 1 0 0
109 2 2 -6.48044e-05 -2.33181e-10
109 2 3 0 0
109 3 0 0 0
109 3 1 1.71109e-14 -3.86284e-14
109 3 2 0 0
109 3 3 -6.48044e-05 -2.33181e-10
110 0 0 -6.34191e-05 -2.17355e-10
110 0 1 0 0
110 0 2 1.5437e-13 3.81173e-14
110 0 3 0 0
110 1 0 0 0
110 1 1 -6.34191e-05 -2.17355e-10
110 1 2 0 0
110 1 3 1.5437e-13 3.81173e-14
110 2 0 2.16595e-14 -3.6012e-14
110 2 1 0 0
110 2 2 -6.34191e-05 -2.17524e-10
110 2 3 0 0
110 3 0 0 0
110 3 1 2.16595e-14 -3.6012e-14
110 3 2 0 0
110 3 3 -6.34191e-05 -2.17524e-10
111 0 0 -6.20685e-05 -1.93247e-10
111 0 1 0 0
111 0 2 1.47291e-13 3.388e-14
111 0 3 0 0
111 1 0 0 0
111 1 1 -6.20685e-05 -1.93247e-10
111 1 2 0 0
111 1 3 1.47291e-13 3.388e-14
111 2 0 2.94158e-14 -3.1994e-14
111 2 1 0 0
111 2 2 -6.20685e-05 -1.93397e-10
111 2 3 0 0
111 3 0 0 0
111 3 1 2.94158e-14 -3.1994e-14
111 3 2 0 0
111 3 3 -6.20685e-05 -1.93397e-10
112 0 0 -6.07515e-05 -1.62046e-10
112 0 1 0 0
112 0 2 1.38569e-13 2.83994e-14
112 0 3 0 0
112 1 0 0 0
112 1 1 -6.07515e-05 -1.62046e-10
112 1 2 0 0
112 1 3 1.38569e-13 2.83994e-14
112 2 0 3.98516e-14 -2.68023e-14
112 2 1 0 0
112 2 2 -6.07515e-05 -1.62172e-10
112 2 3 0 0
112 3 0 0 0
112 3 1 3.98516e-14 -2.68023e-14
112 3 2 0 0
112 3 3 -6.07515e-05 -1.62172e-10
113 0 0 -5.94669e-05 -1.25341e-10
113 0 1 0 0
113 0 2 1.28568e-13 2.19545e-14
113 0 3 0 0
113 1 0 0 0
113 1 1 -5.94669e-05 -1.25341e-10
113 1 2 0 0
113 1 3 1.28568e-13 2.19545e-14
113 2 0 5.23574e-14 -2.07011e-14
113 2 1 0 0
113 2 2 -5.94669e-05 -1.25439e-10
113 2 3 0 0
113 3 0 0 0
113 3 1 5.23574e-14 -2.07011e-14
113 3 2 0 0
113 3 3 -5.94669e-05 -1.25439e-10
114 0 0 -5.82139e-05 -8.48561e-11
114 0 1 0 0
114 0 2 1.17685e-13 1.48479e-14
114 0 3 0 0
114 1 0 0 0
114 1 1 -5.82139e-05 -8.48561e-11
114 1 2 0 0
114 1 3 1.17685e-13 1.48479e-14
114 2 0 6.62747e-14 -1.39767e-14
114 2 1 0 0
114 2 2 -5.82139e-05 -8.49232e-11
114 2 3 0 0
114 3 0 0 0
114 3 1 6.62747e-14 -1.39767e-14
114 3 2 0 0
114 3 3 -5.82139e-05 -8.49232e-11
115 0 0 -5.69916e-05 -4.2368e-11
115 0 1 0 0
115 0 2 1.06332e-13 7.3914e-15
115 0 3 0 0
115 1 0 0 0
115 1 1 -5.69916e-05 -4.2368e-11
115 1 2 0 0
115 1 3 1.06332e-13 7.3914e-15
115 2 0 8.09272e-14 -6.92402e-15
115 2 1 0 0
115 2 2 -5.69916e-05 -4.24024e-11
115 2 3 0 0
115 3 0 0 0
115 3 1 8.09272e-14 -6.92402e-15
115 3 2 0 0
115 3 3 -5.69916e-05 -4.24024e-11
116 0 0 -5.57989e-05 3.7248e-13
116 0 1 0 0
116 0 2 9.49147e-14 -1.07794e-16
116 0 3 0 0
116 1 0 0 0
116 1 1 -5.57989e-05 3.7248e-13
116 1 2 0 0
116 1 3 9.49147e-14 -1.07794e-16
116 2 0 9.56505e-14 1.66559e-16
116 2 1 0 0
116 2 2 -5.57989e-05 3.71124e-13
116 2 3 0 0
116 3 0 0 0
116 3 1 9.56505e-14 1.66559e-16
116 3 2 0 0
116 3 3 -5.57989e-05 3.71124e-13
117 0 0 -5.4635e-05 4.17091e-11
117 0 1 0 0
117 0 2 8.38186e-14 -7.35915e-15
117 0 3 0 0
117 1 0 0 0
117 1 1 -5.4635e-05 4.17091e-11
117 1 2 0 0
117 1 3 8.38186e-14 -7.35915e-15
117 2 0 1.09818e-13 7.02044e-15
117 2 1 0 0
117 2 2 -5.4635e-05 4.17398e-11
117 2 3 0 0
117 3 0 0 0
117 3 1 1.09818e-13 7.02044e-15
117 3 2 0 0
117 3 3 -5.4635e-05 4.17398e-11
118 0 0 -5.34991e-05 8.01397e-11
118 0 1 0 0
118 0 2 7.33941e-14 -1.40992e-14
118 0 3 0 0
118 1 0 0 0
118 1 1 -5.34991e-05 8.01397e-11
118 1 2 0 0
118 1 3 7.33941e-14 -1.40992e-14
118 2 0 1.22863e-13 1.33887e-14
118 2 1 0 0
118 2 2 -5.34991e-05 8.02002e-11
118 2 3 0 0
118 3 0 0 0
118 3 1 1.22863e-13 1.33887e-14
118 3 2 0 0
118 3 3 -5.34991e-05 8.02002e-11
119 0 0 -5.23904e-05 1.14363e-10
119 0 1 0 0
119 0 2 6.39461e-14 -2.00999e-14
119 0 3 0 0
119 1 0 0 0
119 1 1 -5.23904e-05 1.14363e-10
119 1 2 0 0
119 1 3 6.39461e-14 -2.00999e-14
119 2 0 1.34296e-13 1.9056e-14
119 2 1 0 0
119 2 2 -5.23904e-05 1.14451e-10
119 2 3 0 0
119 3 0 0 0
119 3 1 1.34296e-13 1.9056e-14
119 3 2 0 0
119 3 3 -5.23904e-05 1.14451e-10
120 0 0 -5.1308e-05 1.43317e-10
120 0 1 0 0
120 0 2 5.57248e-14 -2.51749e-14
120 0 3 0 0
120 1 0 0 0
120 1 1 -5.1308e-05 1.43317e-10
120 1 2 0 0
120 1 3 5.57248e-14 -2.51749e-14
120 2 0 1.4372e-13 2.38465e-14
120 2 1 0 0
120 2 2 -5.1308e-05 1.43427e-10
120 2 3 0 0
120 3 0 0 0
120 3 1 1.4372e-13 2.38465e-14
120 3 2 0 0
120 3 3 -5.1308e-05 1.43427e-10
121 0 0 -5.02513e-05 1.66197e-10
121 0 1 0 0
121 0 2 4.89205e-14 -2.91834e-14
121 0 3 0 0
121 1 0 0 0
121 1 1 -5.02513e-05 1.66197e-10
121 1 2 0 0
121 1 3 4.89205e-14 -2.91834e-14
121 2 0 1.50838e-13 2.76274e-14
121 2 1 0 0
121 2 2 -5.02513e-05 1.66324e-10
121 2 3 0 0
121 3 0 0 0
121 3 1 1.50838e-13 2.76274e-14
121 3 2 0 0
121 3 3 -5.02513e-05 1.66324e-10
122 0 0 -4.92195e-05 1.8247e-10
122 0 1 0 0
122 0 2 4.36611e-14 -3.20323e-14
122 0 3 0 0
122 1 0 0 0
122 1 1 -4.92195e-05 1.8247e-10
122 1 2 0 0
122 1 3 4.36611e-14 -3.20323e-14
122 2 0 1.55453e-13 3.0311e-14
122 2 1 0 0
122 2 2 -4.92195e-05 1.82611e-10
122 2 3 0 0
122 3 0 0 0
122 3 1 1.55453e-13 3.0311e-14
122 3 2 0 0
122 3 3 -4.92195e-05 1.82611e-10
123 0 0 -4.82119e-05 1.91877e-10
123 0 1 0 0
123 0 2 4.00113e-14 -3.36761e-14
123 0 3 0 0
123 1 0 0 0
123 1 1 -4.82119e-05 1.91877e-10
123 1 2 0 0
123 1 3 4.00113e-14 -3.36761e-14
123 2 0 1.57475e-13 3.18548e-14
123 2 1 0 0
123 2 2 -4.82119e-05 1.92025e-10
123 2 3 0 0
123 3 0 0 0
123 3 1 1.57475e-13 3.18548e-14
123 3 2 0 0
123 3 3 -4.82119e-05 1.92025e-10
124 0 0 -4.72278e-05 1.94417e-10
124 0 1 0 0
124 0 2 3.79753e-14 -3.41149e-14
124 0 3 0 0
124 1 0 0 0
124 1 1 -4.72278e-05 1.94417e-10
124 1 2 0 0
124 1 3 3.79753e-14 -3.41149e-14
124 2 0 1.5691e-13 3.22592e-14
124 2 1 0 0
124 2 2 -4.72278e-05 1.94567e-10
124 2 3 0 0
124 3 0 0 0
124 3 1 1.5691e-13 3.22592e-14
124 3 2 0 0
124 3 3 -4.72278e-05 1.94567e-10
125 0 0 -4.62665e-05 1.90331e-10
125 0 1 0 0
125 0 2 3.75012e-14 -3.33914e-14
125 0 3 0 0
125 1 0 0 0
125 1 1 -4.62665e-05 1.90331e-10
125 1 2 0 0
125 1 3 3.75012e-14 -3.33914e-14
125 2 0 1.53857e-13 3.1565e-14
125 2 1 0 0
125 2 2 -4.62665e-05 1.90478e-10
125 2 3 0 0
125 3 0 0 0
125 3 1 1.53857e-13 3.1565e-14
125 3 2 0 0
125 3 3 -4.62665e-05 1.90478e-10
126 0 0 -4.53275e-05 1.80076e-10
126 0 1 0 0
126 0 2 3.84862e-14 -3.1586e-14
126 0 3 0 0
126 1 0 0 0
126 1 1 -4.53275e-05 1.80076e-10
126 1 2 0 0
126 1 3 3.84862e-14 -3.1586e-14
126 2 0 1.48496e-13 2.98484e-14
126 2 1 0 0
126 2 2 -4.53275e-05 1.80216e-10
126 2 3 0 0
126 3 0 0 0
126 3 1 1.48496e-13 2.98484e-14
126 3 2 0 0
126 3 3 -4.53275e-05 1.80216e-10
127 0 0 -4.44101e-05 1.64294e-10
127 0 1 0 0
127 0 2 4.07847e-14 -2.88114e-14
127 0 3 0 0
127 1 0 0 0
127 1 1 -4.44101e-05 1.64294e-10
127 1 2 0 0
127 1 3 4.07847e-14 -2.88114e-14
127 2 0 1.41074e-13 2.72164e-14
127 2 1 0 0
127 2 2 -4.44101e-05 1.64422e-10
127 2 3 0 0
127 3 0 0 0
127 3 1 1.41074e-13 2.72164e-14
127 3 2 0 0
127 3 3 -4.44101e-05 1.64422e-10
128 0 0 -4.35138e-05 1.43776e-10
128 0 1 0 0
128 0 2 4.42156e-14 -2.52065e-14
128 0 3 0 0
128 1 0 0 0
128 1 1 -4.35138e-05 1.43776e-10
128 1 2 0 0
128 1 3 4.42156e-14 -2.52065e-14
128 2 0 1.31897e-13 2.38006e-14
128 2 1 0 0
128 2 2 -4.35138e-05 1.43888e-10
128 2 3 0 0
128 3 0 0 0
128 3 1 1.31897e-13 2.38006e-14
128 3 2 0 0
128 3 3 -4.35138e-05 1.43888e-10
129 0 0 -4.26379e-05 1.19423e-10
129 0 1 0 0
129 0 2 4.85714e-14 -2.09298e-14
129 0 3 0 0
129 1 0 0 0
129 1 1 -4.26379e-05 1.19423e-10
129 1 2 0 0
129 1 3 4.85714e-14 -2.09298e-14
129 2 0 1.21311e-13 1.97508e-14
129 2 1 0 0
129 2 2 -4.26379e-05 1.19517e-10
129 2 3 0 0
129 3 0 0 0
129 3 1 1.21311e-13 1.97508e-14
129 3 2 0 0
129 3 3 -4.26379e-05 1.19517e-10
130 0 0 -4.17819e-05 9.22112e-11
130 0 1 0 0
130 0 2 5.36273e-14 -1.61522e-14
130 0 3 0 0
130 1 0 0 0
130 1 1 -4.17819e-05 9.22112e-11
130 1 2 0 0
130 1 3 5.36273e-14 -1.61522e-14
130 2 0 1.09687e-13 1.5229e-14
130 2 1 0 0
130 2 2 -4.17819e-05 9.22835e-11
130 2 3 0 0
130 3 0 0 0
130 3 1 1.09687e-13 1.5229e-14
130 3 2 0 0
130 3 3 -4.17819e-05 9.22835e-11
131 0 0 -4.09453e-05 6.31507e-11
131 0 1 0 0
131 0 2 5.9149e-14 -1.10514e-14
131 0 3 0 0
131 1 0 0 0
131 1 1 -4.09453e-05 6.31507e-11
131 1 2 0 0
131 1 3 5.9149e-14 -1.10514e-14
131 2 0 9.74107e-14 1.04031e-14
131 2 1 0 0
131 2 2 -4.09453e-05 6.32007e-11
131 2 3 0 0
131 3 0 0 0
131 3 1 9.74107e-14 1.04031e-14
131 3 2 0 0
131 3 3 -4.09453e-05 6.32007e-11
132 0 0 -4.01275e-05 3.32534e-11
132 0 1 0 0
132 0 2 6.49018e-14 -5.80478e-15
132 0 3 0 0
132 1 0 0 0
132 1 1 -4.01275e-05 3.32534e-11
132 1 2 0 0
132 1 3 6.49018e-14 -5.80478e-15
132 2 0 8.4866e-14 5.44097e-15
132 2 1 0 0
132 2 2 -4.01275e-05 3.32803e-11
132 2 3 0 0
132 3 0 0 0
132 3 1 8.4866e-14 5.44097e-15
132 3 2 0 0
132 3 3 -4.01275e-05 3.32803e-11
133 0 0 -3.93281e-05 3.49842e-12
133 0 1 0 0
133 0 2 7.06577e-14 -5.8415e-16
133 0 3 0 0
133 1 0 0 0
133 1 1 -3.93281e-05 3.49842e-12
133 1 2 0 0
133 1 3 7.06577e-14 -5.8415e-16
133 2 0 7.24236e-14 5.0492e-16
133 2 1 0 0
133 2 2 -3.93281e-05 3.50234e-12
133 2 3 0 0
133 3 0 0 0
133 3 1 7.24236e-14 5.0492e-16
133 3 2 0 0
133 3 3 -3.93281e-05 3.50234e-12
134 0 0 -3.85466e-05 -2.5196e-11
134 0 1 0 0
134 0 2 7.62027e-14 4.44945e-15
134 0 3 0 0
134 1 0 0 0
134 1 1 -3.85466e-05 -2.5196e-11
134 1 2 0 0
134 1 3 7.62027e-14 4.44945e-15
134 2 0 6.04305e-14 -4.25283e-15
134 2 1 0 0
134 2 2 -3.85466e-05 -2.52143e-11
134 2 3 0 0
134 3 0 0 0
134 3 1 6.04305e-14 -4.25283e-15
134 3 2 0 0
134 3 3 -3.85466e-05 -2.52143e-11
135 0 0 -3.77825e-05 -5.19974e-11
135 0 1 0 0
135 0 2 8.13418e-14 9.15003e-15
135 0 3 0 0
135 1 0 0 0
135 1 1 -3.77825e-05 -5.19974e-11
135 1 2 0 0
135 1 3 8.13418e-14 9.15003e-15
135 2 0 4.91998e-14 -8.69437e-15
135 2 1 0 0
135 2 2 -3.77825e-05 -5.20365e-11
135 2 3 0 0
135 3 0 0 0
135 3 1 4.91998e-14 -8.69437e-15
135 3 2 0 0
135 3 3 -3.77825e-05 -5.20365e-11
136 0 0 -3.70353e-05 -7.61789e-11
136 0 1 0 0
136 0 2 8.59042e-14 1.33902e-14
136 0 3 0 0
136 1 0 0 0
136 1 1 -3.70353e-05 -7.61789e-11
136 1 2 0 0
136 1 3 8.59042e-14 1.33902e-14
136 2 0 3.90043e-14 -1.26993e-14
136 2 1 0 0
136 2 2 -3.70353e-05 -7.62368e-11
136 2 3 0 0
136 3 0 0 0
136 3 1 3.90043e-14 -1.26993e-14
136 3 2 0 0
136 3 3 -3.70353e-05 -7.62368e-11
137 0 0 -3.63047e-05 -9.71341e-11
137 0 1 0 0
137 0 2 8.9747e-14 1.70635e-14
137 0 3 0 0
137 1 0 0 0
137 1 1 -3.63047e-05 -9.71341e-11
137 1 2 0 0
137 1 3 8.9747e-14 1.70635e-14
137 2 0 3.00705e-14 -1.61675e-14
137 2 1 0 0
137 2 2 -3.63047e-05 -9.72083e-11
137 2 3 0 0
137 3 0 0 0
137 3 1 3.00705e-14 -1.61675e-14
137 3 2 0 0
137 3 3 -3.63047e-05 -9.72083e-11
138 0 0 -3.55901e-05 -1.14387e-10
138 0 1 0 0
138 0 2 9.27572e-14 2.00869e-14
138 0 3 0 0
138 1 0 0 0
138 1 1 -3.55901e-05 -1.14387e-10
138 1 2 0 0
138 1 3 9.27572e-14 2.00869e-14
138 2 0 2.25747e-14 -1.90201e-14
138 2 1 0 0
138 2 2 -3.55901e-05 -1.14475e-10
138 2 3 0 0
138 3 0 0 0
138 3 1 2.25747e-14 -1.90201e-14
138 3 2 0 0
138 3 3 -3.55901e-05 -1.14475e-10
139 0 0 -3.48912e-05 -1.27599e-10
139 0 1 0 0
139 0 2 9.48532e-14 2.24007e-14
139 0 3 0 0
139 1 0 0 0
139 1 1 -3.48912e-05 -1.27599e-10
139 1 2 0 0
139 1 3 9.48532e-14 2.24007e-14
139 2 0 1.66414e-14 -2.12014e-14
139 2 1 0 0
139 2 2 -3.48912e-05 -1.27697e-10
139 2 3 0 0
139 3 0 0 0
139 3 1 1.66414e-14 -2.12014e-14
139 3 2 0 0
139 3 3 -3.48912e-05 -1.27697e-10
140 0 0 -3.42076e-05 -1.36567e-10
140 0 1 0 0
140 0 2 9.59852e-14 2.39697e-14
140 0 3 0 0
140 1 0 0 0
140 1 1 -3.42076e-05 -1.36567e-10
140 1 2 0 0
140 1 3 9.59852e-14 2.39697e-14
140 2 0 1.23431e-14 -2.26779e-14
140 2 1 0 0
140 2 2 -3.42076e-05 -1.36672e-10
140 2 3 0 0
140 3 0 0 0
140 3 1 1.23431e-14 -2.26779e-14
140 3 2 0 0
140 3 3 -3.42076e-05 -1.36672e-10
141 0 0 -3.35389e-05 -1.41221e-10
141 0 1 0 0
141 0 2 9.61344e-14 2.47817e-14
141 0 3 0 0
141 1 0 0 0
141 1 1 -3.35389e-05 -1.41221e-10
141 1 2 0 0
141 1 3 9.61344e-14 2.47817e-14
141 2 0 9.70167e-15 -2.34386e-14
141 2 1 0 0
141 2 2 -3.35389e-05 -1.4133e-10
141 2 3 0 0
141 3 0 0 0
141 3 1 9.70167e-15 -2.34386e-14
141 3 2 0 0
141 3 3 -3.35389e-05 -1.4133e-10
142 0 0 -3.28847e-05 -1.4162e-10
142 0 1 0 0
142 0 2 9.53117e-14 2.48471e-14
142 0 3 0 0
142 1 0 0 0
142 1 1 -3.28847e-05 -1.4162e-10
142 1 2 0 0
142 1 3 9.53117e-14 2.48471e-14
142 2 0 8.69075e-15 -2.34934e-14
142 2 1 0 0
142 2 2 -3.28847e-05 -1.4173e-10
142 2 3 0 0
142 3 0 0 0
142 3 1 8.69075e-15 -2.34934e-14
142 3 2 0 0
142 3 3 -3.28847e-05 -1.4173e-10
143 0 0 -3.22447e-05 -1.37938e-10
143 0 1 0 0
143 0 2 9.3555e-14 2.41967e-14
143 0 3 0 0
143 1 0 0 0
143 1 1 -3.22447e-05 -1.37938e-10
143 1 2 0 0
143 1 3 9.3555e-14 2.41967e-14
143 2 0 9.24007e-15 -2.28716e-14
143 2 1 0 0
143 2 2 -3.22447e-05 -1.38045e-10
143 2 3 0 0
143 3 0 0 0
143 3 1 9.24007e-15 -2.28716e-14
143 3 2 0 0
143 3 3 -3.22447e-05 -1.38045e-10
144 0 0 -3.16185e-05 -1.30454e-10
144 0 1 0 0
144 0 2 9.09267e-14 2.28794e-14
144 0 3 0 0
144 1 0 0 0
144 1 1 -3.16185e-05 -1.30454e-10
144 1 2 0 0
144 1 3 9.09267e-14 2.28794e-14
144 2 0 1.12401e-14 -2.16197e-14
144 2 1 0 0
144 2 2 -3.16185e-05 -1.30555e-10
144 2 3 0 0
144 3 0 0 0
144 3 1 1.12401e-14 -2.16197e-14
144 3 2 0 0
144 3 3 -3.16185e-05 -1.30555e-10
145 0 0 -3.10057e-05 -1.19536e-10
145 0 1 0 0
145 0 2 8.75103e-14 2.09602e-14
145 0 3 0 0
145 1 0 0 0
145 1 1 -3.10057e-05 -1.19536e-10
145 1 2 0 0
145 1 3 8.75103e-14 2.09602e-14
145 2 0 1.45476e-14 -1.97992e-14
145 2 1 0 0
145 2 2 -3.10057e-05 -1.19629e-10
145 2 3 0 0
145 3 0 0 0
145 3 1 1.45476e-14 -1.97992e-14
145 3 2 0 0
145 3 3 -3.10057e-05 -1.19629e-10
146 0 0 -3.04061e-05 -1.05628e-10
146 0 1 0 0
146 0 2 8.34069e-14 1.85166e-14
146 0 3 0 0
146 1 0 0 0
146 1 1 -3.04061e-05 -1.05628e-10
146 1 2 0 0
146 1 3 8.34069e-14 1.85166e-14
146 2 0 1.89918e-14 -1.74836e-14
146 2 1 0 0
146 2 2 -3.04061e-05 -1.0571e-10
146 2 3 0 0
146 3 0 0 0
146 3 1 1.89918e-14 -1.74836e-14
146 3 2 0 0
146 3 3 -3.04061e-05 -1.0571e-10
147 0 0 -2.98193e-05 -8.92284e-11
147 0 1 0 0
147 0 2 7.87309e-14 1.56364e-14
147 0 3 0 0
147 1 0 0 0
147 1 1 -2.98193e-05 -8.92284e-11
147 1 2 0 0
147 1 3 7.87309e-14 1.56364e-14
147 2 0 2.43808e-14 -1.47561e-14
147 2 1 0 0
147 2 2 -2.98193e-05 -8.92981e-11
147 2 3 0 0
147 3 0 0 0
147 3 1 2.43808e-14 -1.47561e-14
147 3 2 0 0
147 3 3 -2.98193e-05 -8.92981e-11
148 0 0 -2.9245e-05 -7.08774e-11
148 0 1 0 0
148 0 2 7.36064e-14 1.24145e-14
148 0 3 0 0
148 1 0 0 0
148 1 1 -2.9245e-05 -7.08774e-11
148 1 2 0 0
148 1 3 7.36064e-14 1.24145e-14
148 2 0 3.05079e-14 -1.17063e-14
148 2 1 0 0
148 2 2 -2.9245e-05 -7.0933e-11
148 2 3 0 0
148 3 0 0 0
148 3 1 3.05079e-14 -1.17063e-14
148 3 2 0 0
148 3 3 -2.9245e-05 -7.0933e-11
149 0 0 -2.86829e-05 -5.11383e-11
149 0 1 0 0
149 0 2 6.81635e-14 8.94967e-15
149 0 3 0 0
149 1 0 0 0
149 1 1 -2.86829e-05 -5.11383e-11
149 1 2 0 0
149 1 3 6.81635e-14 8.94967e-15
149 2 0 3.71581e-14 -8.4278e-15
149 2 1 0 0
149 2 2 -2.86829e-05 -5.11787e-11
149 2 3 0 0
149 3 0 0 0
149 3 1 3.71581e-14 -8.4278e-15
149 3 2 0 0
149 3 3 -2.86829e-05 -5.11787e-11
150 0 0 -2.81327e-05 -3.05814e-11
150 0 1 0 0
150 0 2 6.2534e-14 5.34198e-15
150 0 3 0 0
150 1 0 0 0
150 1 1 -2.81327e-05 -3.05814e-11
150 1 2 0 0
150 1 3 6.2534e-14 5.34198e-15
150 2 0 4.41142e-14 -5.01518e-15
150 2 1 0 0
150 2 2 -2.81327e-05 -3.0606e-11
150 2 3 0 0
150 3 0 0 0
150 3 1 4.41142e-14 -5.01518e-15
150 3 2 0 0
150 3 3 -2.81327e-05 -3.0606e-11
151 0 0 -2.75941e-05 -9.76928e-12
151 0 1 0 0
151 0 2 5.68483e-14 1.69015e-15
151 0 3 0 0
151 1 0 0 0
151 1 1 -2.75941e-05 -9.76928e-12
151 1 2 0 0
151 1 3 5.68483e-14 1.69015e-15
151 2 0 5.11625e-14 -1.56178e-15
151 2 1 0 0
151 2 2 -2.75941e-05 -9.77776e-12
151 2 3 0 0
151 3 0 0 0
151 3 1 5.11625e-14 -1.56178e-15
151 3 2 0 0
151 3 3 -2.75941e-05 -9.77776e-12
152 0 0 -2.70669e-05 1.07576e-11
152 0 1 0 0
152 0 2 5.1232e-14 -1.91102e-15
152 0 3 0 0
152 1 0 0 0
152 1 1 -2.70669e-05 1.07576e-11
152 1 2 0 0
152 1 3 5.1232e-14 -1.91102e-15
152 2 0 5.80982e-14 1.84277e-15
152 2 1 0 0
152 2 2 -2.70668e-05 1.0765e-11
152 2 3 0 0
152 3 0 0 0
152 3 1 5.80982e-14 1.84277e-15
152 3 2 0 0
152 3 3 -2.70668e-05 1.0765e-11
153 0 0 -2.65507e-05 3.04928e-11
153 0 1 0 0
153 0 2 4.58029e-14 -5.37269e-15
153 0 3 0 0
153 1 0 0 0
153 1 1 -2.65507e-05 3.04928e-11
153 1 2 0 0
153 1 3 4.58029e-14 -5.37269e-15
153 2 0 6.47297e-14 5.11452e-15
153 2 1 0 0
153 2 2 -2.65507e-05 3.05155e-11
153 2 3 0 0
153 3 0 0 0
153 3 1 6.47297e-14 5.11452e-15
153 3 2 0 0
153 3 3 -2.65507e-05 3.05155e-11
154 0 0 -2.60453e-05 4.89745e-11
154 0 1 0 0
154 0 2 4.06688e-14 -8.61391e-15
154 0 3 0 0
154 1 0 0 0
154 1 1 -2.60453e-05 4.89745e-11
154 1 2 0 0
154 1 3 4.06688e-14 -8.61391e-15
154 2 0 7.08831e-14 8.177e-15
154 2 1 0 0
154 2 2 -2.60453e-05 4.90116e-11
154 2 3 0 0
154 3 0 0 0
154 3 1 7.08831e-14 8.177e-15
154 3 2 0 0
154 3 3 -2.60453e-05 4.90116e-11
155 0 0 -2.55505e-05 6.57946e-11
155 0 1 0 0
155 0 2 3.59254e-14 -1.15631e-14
155 0 3 0 0
155 1 0 0 0
155 1 1 -2.55505e-05 6.57946e-11
155 1 2 0 0
155 1 3 3.59254e-14 -1.15631e-14
155 2 0 7.64047e-14 1.09626e-14
155 2 1 0 0
155 2 2 -2.55505e-05 6.58447e-11
155 2 3 0 0
155 3 0 0 0
155 3 1 7.64047e-14 1.09626e-14
155 3 2 0 0
155 3 3 -2.55505e-05 6.58447e-11
156 0 0 -2.5066e-05 8.06047e-11
156 0 1 0 0
156 0 2 3.16544e-14 -1.41592e-14
156 0 3 0 0
156 1 0 0 0
156 1 1 -2.5066e-05 8.06047e-11
156 1 2 0 0
156 1 3 3.16544e-14 -1.41592e-14
156 2 0 8.11641e-14 1.34137e-14
156 2 1 0 0
156 2 2 -2.5066e-05 8.06663e-11
156 2 3 0 0
156 3 0 0 0
156 3 1 8.11641e-14 1.34137e-14
156 3 2 0 0
156 3 3 -2.5066e-05 8.06663e-11
157 0 0 -2.45915e-05 9.31216e-11
157 0 1 0 0
157 0 2 2.79226e-14 -1.63526e-14
157 0 3 0 0
157 1 0 0 0
157 1 1 -2.45915e-05 9.31216e-11
157 1 2 0 0
157 1 3 2.79226e-14 -1.63526e-14
157 2 0 8.50558e-14 1.54836e-14
157 2 1 0 0
157 2 2 -2.45915e-05 9.3193e-11
157 2 3 0 0
157 3 0 0 0
157 3 1 8.50558e-14 1.54836e-14
157 3 2 0 0
157 3 3 -2.45915e-05 9.3193e-11
158 0 0 -2.41269e-05 1.0313e-10
158 0 1 0 0
158 0 2 2.47812e-14 -1.81056e-14
158 0 3 0 0
158 1 0 0 0
158 1 1 -2.41269e-05 1.0313e-10
158 1 2 0 0
158 1 3 2.47812e-14 -1.81056e-14
158 2 0 8.80001e-14 1.71366e-14
158 2 1 0 0
158 2 2 -2.41269e-05 1.03209e-10
158 2 3 0 0
158 3 0 0 0
158 3 1 8.80001e-14 1.71366e-14
158 3 2 0 0
158 3 3 -2.41269e-05 1.03209e-10
159 0 0 -2.36719e-05 1.10483e-10
159 0 1 0 0
159 0 2 2.22654e-14 -1.93925e-14
159 0 3 0 0
159 1 0 0 0
159 1 1 -2.36719e-05 1.10483e-10
159 1 2 0 0
159 1 3 2.22654e-14 -1.93925e-14
159 2 0 8.99436e-14 1.83486e-14
159 2 1 0 0
159 2 2 -2.36719e-05 1.10568e-10
159 2 3 0 0
159 3 0 0 0
159 3 1 8.99436e-14 1.83486e-14
159 3 2 0 0
159 3 3 -2.36719e-05 1.10568e-10
160 0 0 -2.32263e-05 1.15103e-10
160 0 1 0 0
160 0 2 2.03946e-14 -2.01999e-14
160 0 3 0 0
160 1 0 0 0
160 1 1 -2.32263e-05 1.15103e-10
160 1 2 0 0
160 1 3 2.03946e-14 -2.01999e-14
160 2 0 9.08587e-14 1.9107e-14
160 2 1 0 0
160 2 2 -2.32263e-05 1.15192e-10
160 2 3 0 0
160 3 0 0 0
160 3 1 9.08587e-14 1.9107e-14
160 3 2 0 0
160 3 3 -2.32263e-05 1.15192e-10
161 0 0 -2.27899e-05 1.16978e-10
161 0 1 0 0
161 0 2 1.91727e-14 -2.05255e-14
161 0 3 0 0
161 1 0 0 0
161 1 1 -2.27899e-05 1.16978e-10
161 1 2 0 0
161 1 3 1.91727e-14 -2.05255e-14
161 2 0 9.07432e-14 1.94098e-14
161 2 1 0 0
161 2 2 -2.27899e-05 1.17069e-10
161 2 3 0 0
161 3 0 0 0
161 3 1 9.07432e-14 1.94098e-14
161 3 2 0 0
161 3 3 -2.27899e-05 1.17069e-10
162 0 0 -2.23624e-05 1.16159e-10
162 0 1 0 0
162 0 2 1.85891e-14 -2.03785e-14
162 0 3 0 0
162 1 0 0 0
162 1 1 -2.23624e-05 1.16159e-10
162 1 2 0 0
162 1 3 1.85891e-14 -2.03785e-14
162 2 0 8.96183e-14 1.92658e-14
162 2 1 0 0
162 2 2 -2.23624e-05 1.16249e-10
162 2 3 0 0
162 3 0 0 0
162 3 1 8.96183e-14 1.92658e-14
162 3 2 0 0
162 3 3 -2.23624e-05 1.16249e-10
163 0 0 -2.19436e-05 1.12754e-10
163 0 1 0 0
163 0 2 1.86197e-14 -1.97779e-14
163 0 3 0 0
163 1 0 0 0
163 1 1 -2.19436e-05 1.12754e-10
163 1 2 0 0
163 1 3 1.86197e-14 -1.97779e-14
163 2 0 8.75274e-14 1.86931e-14
163 2 1 0 0
163 2 2 -2.19436e-05 1.12841e-10
163 2 3 0 0
163 3 0 0 0
163 3 1 8.75274e-14 1.86931e-14
163 3 2 0 0
163 3 3 -2.19436e-05 1.12841e-10
164 0 0 -2.15334e-05 1.06924e-10
164 0 1 0 0
164 0 2 1.92281e-14 -1.87521e-14
164 0 3 0 0
164 1 0 0 0
164 1 1 -2.15334e-05 1.06924e-10
164 1 2 0 0
164 1 3 1.92281e-14 -1.87521e-14
164 2 0 8.45331e-14 1.77186e-14
164 2 1 0 0
164 2 2 -2.15334e-05 1.07007e-10
164 2 3 0 0
164 3 0 0 0
164 3 1 8.45331e-14 1.77186e-14
164 3 2 0 0
164 3 3 -2.15334e-05 1.07007e-10
165 0 0 -2.11315e-05 9.88762e-11
165 0 1 0 0
165 0 2 2.03673e-14 -1.73373e-14
165 0 3 0 0
165 1 0 0 0
165 1 1 -2.11315e-05 9.88762e-11
165 1 2 0 0
165 1 3 2.03673e-14 -1.73373e-14
165 2 0 8.07155e-14 1.63767e-14
165 2 1 0 0
165 2 2 -2.11315e-05 9.8953e-11
165 2 3 0 0
165 3 0 0 0
165 3 1 8.07155e-14 1.63767e-14
165 3 2 0 0
165 3 3 -2.11315e-05 9.8953e-11
166 0 0 -2.07379e-05 8.88554e-11
166 0 1 0 0
166 0 2 2.19809e-14 -1.55767e-14
166 0 3 0 0
166 1 0 0 0
166 1 1 -2.07379e-05 8.88554e-11
166 1 2 0 0
166 1 3 2.19809e-14 -1.55767e-14
166 2 0 7.61691e-14 1.47082e-14
166 2 1 0 0
166 2 2 -2.07379e-05 8.89246e-11
166 2 3 0 0
166 3 0 0 0
166 3 1 7.61691e-14 1.47082e-14
166 3 2 0 0
166 3 3 -2.07379e-05 8.89246e-11
167 0 0 -2.03522e-05 7.71384e-11
167 0 1 0 0
167 0 2 2.40053e-14 -1.35188e-14
167 0 3 0 0
167 1 0 0 0
167 1 1 -2.03522e-05 7.71384e-11
167 1 2 0 0
167 1 3 2.40053e-14 -1.35188e-14
167 2 0 7.1e-14 1.27591e-14
167 2 1 0 0
167 2 2 -2.03522e-05 7.71986e-11
167 2 3 0 0
167 3 0 0 0
167 3 1 7.1e-14 1.27591e-14
167 3 2 0 0
167 3 3 -2.03522e-05 7.71986e-11
168 0 0 -1.99743e-05 6.40255e-11
168 0 1 0 0
168 0 2 2.63712e-14 -1.12164e-14
168 0 3 0 0
168 1 0 0 0
168 1 1 -1.99743e-05 6.40255e-11
168 1 2 0 0
168 1 3 2.63712e-14 -1.12164e-14
168 2 0 6.53229e-14 1.05794e-14
168 2 1 0 0
168 2 2 -1.99743e-05 6.40757e-11
168 2 3 0 0
168 3 0 0 0
168 3 1 6.53229e-14 1.05794e-14
168 3 2 0 0
168 3 3 -1.99743e-05 6.40757e-11
169 0 0 -1.9604e-05 4.98332e-11
169 0 1 0 0
169 0 2 2.90055e-14 -8.72496e-15
169 0 3 0 0
169 1 0 0 0
169 1 1 -1.9604e-05 4.98332e-11
169 1 2 0 0
169 1 3 2.90055e-14 -8.72496e-15
169 2 0 5.92586e-14 8.22155e-15
169 2 1 0 0
169 2 2 -1.9604e-05 4.98724e-11
169 2 3 0 0
169 3 0 0 0
169 3 1 5.92586e-14 8.22155e-15
169 3 2 0 0
169 3 3 -1.9604e-05 4.98724e-11
170 0 0 -1.92412e-05 3.48861e-11
170 0 1 0 0
170 0 2 3.18329e-14 -6.10154e-15
170 0 3 0 0
170 1 0 0 0
170 1 1 -1.92412e-05 3.48861e-11
170 1 2 0 0
170 1 3 3.18329e-14 -6.10154e-15
170 2 0 5.29307e-14 5.73949e-15
170 2 1 0 0
170 2 2 -1.92412e-05 3.49138e-11
170 2 3 0 0
170 3 0 0 0
170 3 1 5.29307e-14 5.73949e-15
170 3 2 0 0
170 3 3 -1.92412e-05 3.49138e-11
171 0 0 -1.88857e-05 1.95107e-11
171 0 1 0 0
171 0 2 3.47775e-14 -3.40338e-15
171 0 3 0 0
171 1 0 0 0
171 1 1 -1.88857e-05 1.95107e-11
171 1 2 0 0
171 1 3 3.47775e-14 -3.40338e-15
171 2 0 4.64629e-14 3.18739e-15
171 2 1 0 0
171 2 2 -1.88857e-05 1.95266e-11
171 2 3 0 0
171 3 0 0 0
171 3 1 4.64629e-14 3.18739e-15
171 3 2 0 0
171 3 3 -1.88857e-05 1.95266e-11
172 0 0 -1.85373e-05 4.02791e-12
172 0 1 0 0
172 0 2 3.77646e-14 -6.86799e-16
172 0 3 0 0
172 1 0 0 0
172 1 1 -1.85373e-05 4.02791e-12
172 1 2 0 0
172 1 3 3.77646e-14 -6.86799e-16
172 2 0 3.9977e-14 6.18485e-16
172 2 1 0 0
172 2 2 -1.85373e-05 4.03182e-12
172 2 3 0 0
172 3 0 0 0
172 3 1 3.9977e-14 6.18485e-16
172 3 2 0 0
172 3 3 -1.85373e-05 4.03182e-12
173 0 0 -1.81959e-05 -1.12528e-11
173 0 1 0 0
173 0 2 4.07221e-14 1.99393e-15
173 0 3 0 0
173 1 0 0 0
173 1 1 -1.81959e-05 -1.12528e-11
173 1 2 0 0
173 1 3 4.07221e-14 1.99393e-15
173 2 0 3.35899e-14 -1.91591e-15
173 2 1 0 0
173 2 2 -1.81959e-05 -1.12607e-11
173 2 3 0 0
173 3 0 0 0
173 3 1 3.35899e-14 -1.91591e-15
173 3 2 0 0
173 3 3 -1.81959e-05 -1.12607e-11
174 0 0 -1.78613e-05 -2.6039e-11
174 0 1 0 0
174 0 2 4.35815e-14 4.58751e-15
174 0 3 0 0
174 1 0 0 0
174 1 1 -1.78613e-05 -2.6039e-11
174 1 2 0 0
174 1 3 4.35815e-14 4.58751e-15
174 2 0 2.7412e-14 -4.36733e-15
174 2 1 0 0
174 2 2 -1.78613e-05 -2.60584e-11
174 2 3 0 0
174 3 0 0 0
174 3 1 2.7412e-14 -4.36733e-15
174 3 2 0 0
174 3 3 -1.78613e-05 -2.60584e-11
175 0 0 -1.75334e-05 -4.00603e-11
175 0 1 0 0
175 0 2 4.62796e-14 7.04653e-15
175 0 3 0 0
175 1 0 0 0
175 1 1 -1.75334e-05 -4.00603e-11
175 1 2 0 0
175 1 3 4.62796e-14 7.04653e-15
175 2 0 2.15449e-14 -6.69098e-15
175 2 1 0 0
175 2 2 -1.75334e-05 -4.00906e-11
175 2 3 0 0
175 3 0 0 0
175 3 1 2.15449e-14 -6.69098e-15
175 3 2 0 0
175 3 3 -1.75334e-05 -4.00906e-11
176 0 0 -1.7212e-05 -5.30724e-11
176 0 1 0 0
176 0 2 4.87589e-14 9.32815e-15
176 0 3 0 0
176 1 0 0 0
176 1 1 -1.7212e-05 -5.30724e-11
176 1 2 0 0
176 1 3 4.87589e-14 9.32815e-15
176 2 0 1.60805e-14 -8.84638e-15
176 2 1 0 0
176 2 2 -1.7212e-05 -5.31127e-11
176 2 3 0 0
176 3 0 0 0
176 3 1 1.60805e-14 -8.84638e-15
176 3 2 0 0
176 3 3 -1.7212e-05 -5.31127e-11
177 0 0 -1.68969e-05 -6.48603e-11
177 0 1 0 0
177 0 2 5.09687e-14 1.13947e-14
177 0 3 0 0
177 1 0 0 0
177 1 1 -1.68969e-05 -6.48603e-11
177 1 2 0 0
177 1 3 5.09687e-14 1.13947e-14
177 2 0 1.1099e-14 -1.0798e-14
177 2 1 0 0
177 2 2 -1.68969e-05 -6.49098e-11
177 2 3 0 0
177 3 0 0 0
177 3 1 1.1099e-14 -1.0798e-14
177 3 2 0 0
177 3 3 -1.68969e-05 -6.49098e-11
178 0 0 -1.65882e-05 -7.52412e-11
178 0 1 0 0
178 0 2 5.28658e-14 1.32141e-14
178 0 3 0 0
178 1 0 0 0
178 1 1 -1.65882e-05 -7.52412e-11
178 1 2 0 0
178 1 3 5.28658e-14 1.32141e-14
178 2 0 6.66857e-15 -1.25156e-14
178 2 1 0 0
178 2 2 -1.65882e-05 -7.52989e-11
178 2 3 0 0
178 3 0 0 0
178 3 1 6.66857e-15 -1.25156e-14
178 3 2 0 0
178 3 3 -1.65882e-05 -7.52989e-11
179 0 0 -1.62855e-05 -8.40662e-11
179 0 1 0 0
179 0 2 5.44147e-14 1.47604e-14
179 0 3 0 0
179 1 0 0 0
179 1 1 -1.62855e-05 -8.40662e-11
179 1 2 0 0
179 1 3 5.44147e-14 1.47604e-14
179 2 0 2.84433e-15 -1.39745e-14
179 2 1 0 0
179 2 2 -1.62855e-05 -8.41308e-11
179 2 3 0 0
179 3 0 0 0
179 3 1 2.84433e-15 -1.39745e-14
179 3 2 0 0
179 3 3 -1.62855e-05 -8.41308e-11
180 0 0 -1.59888e-05 -9.12212e-11
180 0 1 0 0
180 0 2 5.55879e-14 1.60134e-14
180 0 3 0 0
180 1 0 0 0
180 1 1 -1.59888e-05 -9.12212e-11
180 1 2 0 0
180 1 3 5.55879e-14 1.60134e-14
180 2 0 -3.31859e-16 -1.51559e-14
180 2 1 0 0
180 2 2 -1.59888e-05 -9.12913e-11
180 2 3 0 0
180 3 0 0 0
180 3 1 -3.31859e-16 -1.51559e-14
180 3 2 0 0
180 3 3 -1.59888e-05 -9.12913e-11
181 0 0 -1.56979e-05 -9.66272e-11
181 0 1 0 0
181 0 2 5.63662e-14 1.69596e-14
181 0 3 0 0
181 1 0 0 0
181 1 1 -1.56979e-05 -9.66272e-11
181 1 2 0 0
181 1 3 5.63662e-14 1.69596e-14
181 2 0 -2.83159e-15 -1.6047e-14
181 2 1 0 0
181 2 2 -1.56979e-05 -9.67016e-11
181 2 3 0 0
181 3 0 0 0
181 3 1 -2.83159e-15 -1.6047e-14
181 3 2 0 0
181 3 3 -1.56979e-05 -9.67016e-11
182 0 0 -1.54128e-05 -1.0024e-10
182 0 1 0 0
182 0 2 5.67385e-14 1.7591e-14
182 0 3 0 0
182 1 0 0 0
182 1 1 -1.54128e-05 -1.0024e-10
182 1 2 0 0
182 1 3 5.67385e-14 1.7591e-14
182 2 0 -4.63969e-15 -1.66404e-14
182 2 1 0 0
182 2 2 -1.54128e-05 -1.00318e-10
182 2 3 0 0
182 3 0 0 0
182 3 1 -4.63969e-15 -1.66404e-14
182 3 2 0 0
182 3 3 -1.54128e-05 -1.00318e-10
183 0 0 -1.51333e-05 -1.02051e-10
183 0 1 0 0
183 0 2 5.67014e-14 1.79062e-14
183 0 3 0 0
183 1 0 0 0
183 1 1 -1.51333e-05 -1.02051e-10
183 1 2 0 0
183 1 3 5.67014e-14 1.79062e-14
183 2 0 -5.75385e-15 -1.69347e-14
183 2 1 0 0
183 2 2 -1.51333e-05 -1.0213e-10
183 2 3 0 0
183 3 0 0 0
183 3 1 -5.75385e-15 -1.69347e-14
183 3 2 0 0
183 3 3 -1.51333e-05 -1.0213e-10
184 0 0 -1.48592e-05 -1.02081e-10
184 0 1 0 0
184 0 2 5.62594e-14 1.7909e-14
184 0 3 0 0
184 1 0 0 0
184 1 1 -1.48592e-05 -1.02081e-10
184 1 2 0 0
184 1 3 5.62594e-14 1.7909e-14
184 2 0 -6.18403e-15 -1.69336e-14
184 2 1 0 0
184 2 2 -1.48592e-05 -1.0216e-10
184 2 3 0 0
184 3 0 0 0
184 3 1 -6.18403e-15 -1.69336e-14
184 3 2 0 0
184 3 3 -1.48592e-05 -1.0216e-10
185 0 0 -1.45905e-05 -1.00383e-10
185 0 1 0 0
185 0 2 5.54238e-14 1.76087e-14
185 0 3 0 0
185 1 0 0 0
185 1 1 -1.45905e-05 -1.00383e-10
185 1 2 0 0
185 1 3 5.54238e-14 1.76087e-14
185 2 0 -5.95165e-15 -1.66461e-14
185 2 1 0 0
185 2 2 -1.45905e-05 -1.00461e-10
185 2 3 0 0
185 3 0 0 0
185 3 1 -5.95165e-15 -1.66461e-14
185 3 2 0 0
185 3 3 -1.45905e-05 -1.00461e-10
186 0 0 -1.43271e-05 -9.70389e-11
186 0 1 0 0
186 0 2 5.42124e-14 1.70197e-14
186 0 3 0 0
186 1 0 0 0
186 1 1 -1.43271e-05 -9.70389e-11
186 1 2 0 0
186 1 3 5.42124e-14 1.70197e-14
186 2 0 -5.08867e-15 -1.60856e-14
186 2 1 0 0
186 2 2 -1.43271e-05 -9.71141e-11
186 2 3 0 0
186 3 0 0 0
186 3 1 -5.08867e-15 -1.60856e-14
186 3 2 0 0
186 3 3 -1.43271e-05 -9.71141e-11
187 0 0 -1.40688e-05 -9.21535e-11
187 0 1 0 0
187 0 2 5.26492e-14 1.61604e-14
187 0 3 0 0
187 1 0 0 0
187 1 1 -1.40688e-05 -9.21535e-11
187 1 2 0 0
187 1 3 5.26492e-14 1.61604e-14
187 2 0 -3.63649e-15 -1.52698e-14
187 2 1 0 0
187 2 2 -1.40688e-05 -9.22251e-11
187 2 3 0 0
187 3 0 0 0
187 3 1 -3.63649e-15 -1.52698e-14
187 3 2 0 0
187 3 3 -1.40688e-05 -9.22251e-11
188 0 0 -1.38155e-05 -8.58552e-11
188 0 1 0 0
188 0 2 5.07631e-14 1.50533e-14
188 0 3 0 0
188 1 0 0 0
188 1 1 -1.38155e-05 -8.58552e-11
188 1 2 0 0
188 1 3 5.07631e-14 1.50533e-14
188 2 0 -1.64476e-15 -1.422e-14
188 2 1 0 0
188 2 2 -1.38155e-05 -8.5922e-11
188 2 3 0 0
188 3 0 0 0
188 3 1 -1.64476e-15 -1.422e-14
188 3 2 0 0
188 3 3 -1.38155e-05 -8.5922e-11
189 0 0 -1.35671e-05 -7.82907e-11
189 0 1 0 0
189 0 2 4.85876e-14 1.37243e-14
189 0 3 0 0
189 1 0 0 0
189 1 1 -1.35671e-05 -7.82907e-11
189 1 2 0 0
189 1 3 4.85876e-14 1.37243e-14
189 2 0 8.29833e-16 -1.29606e-14
189 2 1 0 0
189 2 2 -1.35671e-05 -7.83516e-11
189 2 3 0 0
189 3 0 0 0
189 3 1 8.29833e-16 -1.29606e-14
189 3 2 0 0
189 3 3 -1.35671e-05 -7.83516e-11
190 0 0 -1.33236e-05 -6.96221e-11
190 0 1 0 0
190 0 2 4.61599e-14 1.22019e-14
190 0 3 0 0
190 1 0 0 0
190 1 1 -1.33236e-05 -6.96221e-11
190 1 2 0 0
190 1 3 4.61599e-14 1.22019e-14
190 2 0 3.72492e-15 -1.15186e-14
190 2 1 0 0
190 2 2 -1.33236e-05 -6.96764e-11
190 2 3 0 0
190 3 0 0 0
190 3 1 3.72492e-15 -1.15186e-14
190 3 2 0 0
190 3 3 -1.33236e-05 -6.96764e-11
191 0 0 -1.30848e-05 -6.00234e-11
191 0 1 0 0
191 0 2 4.35197e-14 1.05164e-14
191 0 3 0 0
191 1 0 0 0
191 1 1 -1.30848e-05 -6.00234e-11
191 1 2 0 0
191 1 3 4.35197e-14 1.05164e-14
191 2 0 6.97374e-15 -9.92283e-15
191 2 1 0 0
191 2 2 -1.30848e-05 -6.00703e-11
191 2 3 0 0
191 3 0 0 0
191 3 1 6.97374e-15 -9.92283e-15
191 3 2 0 0
191 3 3 -1.30848e-05 -6.00703e-11
192 0 0 -1.28506e-05 -4.96771e-11
192 0 1 0 0
192 0 2 4.07092e-14 8.70011e-15
192 0 3 0 0
192 1 0 0 0
192 1 1 -1.28506e-05 -4.96771e-11
192 1 2 0 0
192 1 3 4.07092e-14 8.70011e-15
192 2 0 1.05065e-14 -8.20368e-15
192 2 1 0 0
192 2 2 -1.28506e-05 -4.97161e-11
192 2 3 0 0
192 3 0 0 0
192 3 1 1.05065e-14 -8.20368e-15
192 3 2 0 0
192 3 3 -1.28506e-05 -4.97161e-11
193 0 0 -1.2621e-05 -3.87706e-11
193 0 1 0 0
193 0 2 3.77715e-14 6.78577e-15
193 0 3 0 0
193 1 0 0 0
193 1 1 -1.2621e-05 -3.87706e-11
193 1 2 0 0
193 1 3 3.77715e-14 6.78577e-15
193 2 0 1.42516e-14 -6.39225e-15
193 2 1 0 0
193 2 2 -1.2621e-05 -3.88012e-11
193 2 3 0 0
193 3 0 0 0
193 3 1 1.42516e-14 -6.39225e-15
193 3 2 0 0
193 3 3 -1.2621e-05 -3.88012e-11
194 0 0 -1.23958e-05 -2.74931e-11
194 0 1 0 0
194 0 2 3.47504e-14 4.8066e-15
194 0 3 0 0
194 1 0 0 0
194 1 1 -1.23958e-05 -2.74931e-11
194 1 2 0 0
194 1 3 3.47504e-14 4.8066e-15
194 2 0 1.8137e-14 -4.51992e-15
194 2 1 0 0
194 2 2 -1.23958e-05 -2.7515e-11
194 2 3 0 0
194 3 0 0 0
194 3 1 1.8137e-14 -4.51992e-15
194 3 2 0 0
194 3 3 -1.23958e-05 -2.7515e-11
195 0 0 -1.21749e-05 -1.60323e-11
195 0 1 0 0
195 0 2 3.16893e-14 2.79553e-15
195 0 3 0 0
195 1 0 0 0
195 1 1 -1.21749e-05 -1.60323e-11
195 1 2 0 0
195 1 3 3.16893e-14 2.79553e-15
195 2 0 2.20913e-14 -2.61783e-15
195 2 1 0 0
195 2 2 -1.21749e-05 -1.60453e-11
195 2 3 0 0
195 3 0 0 0
195 3 1 2.20913e-14 -2.61783e-15
195 3 2 0 0
195 3 3 -1.21749e-05 -1.60453e-11
196 0 0 -1.19582e-05 -4.57126e-12
196 0 1 0 0
196 0 2 2.86308e-14 7.84711e-16
196 0 3 0 0
196 1 0 0 0
196 1 1 -1.19582e-05 -4.57126e-12
196 1 2 0 0
196 1 3 2.86308e-14 7.84711e-16
196 2 0 2.6045e-14 -7.16358e-16
196 2 1 0 0
196 2 2 -1.19582e-05 -4.57547e-12
196 2 3 0 0
196 3 0 0 0
196 3 1 2.6045e-14 -7.16358e-16
196 3 2 0 0
196 3 3 -1.19582e-05 -4.57547e-12
197 0 0 -1.17458e-05 6.71373e-12
197 0 1 0 0
197 0 2 2.56156e-14 -1.19497e-15
197 0 3 0 0
197 1 0 0 0
197 1 1 -1.17458e-05 6.71373e-12
197 1 2 0 0
197 1 3 2.56156e-14 -1.19497e-15
197 2 0 2.99313e-14 1.15528e-15
197 2 1 0 0
197 2 2 -1.17458e-05 6.71826e-12
197 2 3 0 0
197 3 0 0 0
197 3 1 2.99313e-14 1.15528e-15
197 3 2 0 0
197 3 3 -1.17458e-05 6.71826e-12
198 0 0 -1.15374e-05 1.76562e-11
198 0 1 0 0
198 0 2 2.26826e-14 -3.11431e-15
198 0 3 0 0
198 1 0 0 0
198 1 1 -1.15374e-05 1.76562e-11
198 1 2 0 0
198 1 3 2.26826e-14 -3.11431e-15
198 2 0 3.36872e-14 2.96948e-15
198 2 1 0 0
198 2 2 -1.15374e-05 1.76692e-11
198 2 3 0 0
198 3 0 0 0
198 3 1 3.36872e-14 2.96948e-15
198 3 2 0 0
198 3 3 -1.15374e-05 1.76692e-11
199 0 0 -1.1333e-05 2.81012e-11
199 0 1 0 0
199 0 2 1.98678e-14 -4.94614e-15
199 0 3 0 0
199 1 0 0 0
199 1 1 -1.1333e-05 2.81012e-11
199 1 2 0 0
199 1 3 1.98678e-14 -4.94614e-15
199 2 0 3.72542e-14 4.7006e-15
199 2 1 0 0
199 2 2 -1.1333e-05 2.81223e-11
199 2 3 0 0
199 3 0 0 0
199 3 1 3.72542e-14 4.7006e-15
199 3 2 0 0
199 3 3 -1.1333e-05 2.81223e-11
200 0 0 -1.11326e-05 3.79076e-11
200 0 1 0 0
200 0 2 1.72044e-14 -6.6657e-15
200 0 3 0 0
200 1 0 0 0
200 1 1 -1.11326e-05 3.79076e-11
200 1 2 0 0
200 1 3 1.72044e-14 -6.6657e-15
200 2 0 4.05792e-14 6.32525e-15
200 2 1 0 0
200 2 2 -1.11326e-05 3.79363e-11
200 2 3 0 0
200 3 0 0 0
200 3 1 4.05792e-14 6.32525e-15
200 3 2 0 0
200 3 3 -1.11326e-05 3.79363e-11
201 0 0 -1.09359e-05 4.69492e-11
201 0 1 0 0
201 0 2 1.47218e-14 -8.25089e-15
201 0 3 0 0
201 1 0 0 0
201 1 1 -1.09359e-05 4.69492e-11
201 1 2 0 0
201 1 3 1.47218e-14 -8.25089e-15
201 2 0 4.36147e-14 7.82254e-15
201 2 1 0 0
201 2 2 -1.09359e-05 4.6985e-11
201 2 3 0 0
201 3 0 0 0
201 3 1 4.36147e-14 7.82254e-15
201 3 2 0 0
201 3 3 -1.09359e-05 4.6985e-11
202 0 0 -1.07431e-05 5.51162e-11
202 0 1 0 0
202 0 2 1.24457e-14 -9.68246e-15
202 0 3 0 0
202 1 0 0 0
202 1 1 -1.07431e-05 5.51162e-11
202 1 2 0 0
202 1 3 1.24457e-14 -9.68246e-15
202 2 0 4.63196e-14 9.17431e-15
202 2 1 0 0
202 2 2 -1.07431e-05 5.51583e-11
202 2 3 0 0
202 3 0 0 0
202 3 1 4.63196e-14 9.17431e-15
202 3 2 0 0
202 3 3 -1.07431e-05 5.51583e-11
203 0 0 -1.05539e-05 6.2316e-11
203 0 1 0 0
203 0 2 1.03981e-14 -1.09442e-14
203 0 3 0 0
203 1 0 0 0
203 1 1 -1.05539e-05 6.2316e-11
203 1 2 0 0
203 1 3 1.03981e-14 -1.09442e-14
203 2 0 4.86594e-14 1.03653e-14
203 2 1 0 0
203 2 2 -1.05539e-05 6.23637e-11
203 2 3 0 0
203 3 0 0 0
203 3 1 4.86594e-14 1.03653e-14
203 3 2 0 0
203 3 3 -1.05539e-05 6.23637e-11
204 0 0 -1.03683e-05 6.84738e-11
204 0 1 0 0
204 0 2 8.59666e-15 -1.2023e-14
204 0 3 0 0
204 1 0 0 0
204 1 1 -1.03683e-05 6.84738e-11
204 1 2 0 0
204 1 3 8.59666e-15 -1.2023e-14
204 2 0 5.06064e-14 1.13831e-14
204 2 1 0 0
204 2 2 -1.03683e-05 6.85264e-11
204 2 3 0 0
204 3 0 0 0
204 3 1 5.06064e-14 1.13831e-14
204 3 2 0 0
204 3 3 -1.03683e-05 6.85264e-11
205 0 0 -1.01863e-05 7.35331e-11
205 0 1 0 0
205 0 2 7.05482e-15 -1.29089e-14
205 0 3 0 0
205 1 0 0 0
205 1 1 -1.01863e-05 7.35331e-11
205 1 2 0 0
205 1 3 7.05482e-15 -1.29089e-14
205 2 0 5.21397e-14 1.22184e-14
205 2 1 0 0
205 2 2 -1.01863e-05 7.35896e-11
205 2 3 0 0
205 3 0 0 0
205 3 1 5.21397e-14 1.22184e-14
205 3 2 0 0
205 3 3 -1.01863e-05 7.35896e-11
206 0 0 -1.00077e-05 7.74552e-11
206 0 1 0 0
206 0 2 5.78194e-15 -1.35953e-14
206 0 3 0 0
206 1 0 0 0
206 1 1 -1.00077e-05 7.74552e-11
206 1 2 0 0
206 1 3 5.78194e-15 -1.35953e-14
206 2 0 5.32455e-14 1.28648e-14
206 2 1 0 0
206 2 2 -1.00077e-05 7.75149e-11
206 2 3 0 0
206 3 0 0 0
206 3 1 5.32455e-14 1.28648e-14
206 3 2 0 0
206 3 3 -1.00077e-05 7.75149e-11
207 0 0 -9.83256e-06 8.02195e-11
207 0 1 0 0
207 0 2 4.78319e-15 -1.40785e-14
207 0 3 0 0
207 1 0 0 0
207 1 1 -9.83256e-06 8.02195e-11
207 1 2 0 0
207 1 3 4.78319e-15 -1.40785e-14
207 2 0 5.39164e-14 1.33191e-14
207 2 1 0 0
207 2 2 -9.83256e-06 8.02814e-11
207 2 3 0 0
207 3 0 0 0
207 3 1 5.39164e-14 1.33191e-14
207 3 2 0 0
207 3 3 -9.83256e-06 8.02814e-11
208 0 0 -9.66072e-06 8.18226e-11
208 0 1 0 0
208 0 2 4.05973e-15 -1.4358e-14
208 0 3 0 0
208 1 0 0 0
208 1 1 -9.66072e-06 8.18226e-11
208 1 2 0 0
208 1 3 4.05973e-15 -1.4358e-14
208 2 0 5.41519e-14 1.35807e-14
208 2 1 0 0
208 2 2 -9.66072e-06 8.18858e-11
208 2 3 0 0
208 3 0 0 0
208 3 1 5.41519e-14 1.35807e-14
208 3 2 0 0
208 3 3 -9.66072e-06 8.18858e-11
209 0 0 -9.49214e-06 8.22777e-11
209 0 1 0 0
209 0 2 3.60883e-15 -1.4436e-14
209 0 3 0 0
209 1 0 0 0
209 1 1 -9.49214e-06 8.22777e-11
209 1 2 0 0
209 1 3 3.60883e-15 -1.4436e-14
209 2 0 5.39578e-14 1.36519e-14
209 2 1 0 0
209 2 2 -9.49214e-06 8.23413e-11
209 2 3 0 0
209 3 0 0 0
209 3 1 5.39578e-14 1.36519e-14
209 3 2 0 0
209 3 3 -9.49214e-06 8.23413e-11
210 0 0 -9.32676e-06 8.16137e-11
210 0 1 0 0
210 0 2 3.42414e-15 -1.43178e-14
210 0 3 0 0
210 1 0 0 0
210 1 1 -9.32676e-06 8.16137e-11
210 1 2 0 0
210 1 3 3.42414e-15 -1.43178e-14
210 2 0 5.33455e-14 1.35375e-14
210 2 1 0 0
210 2 2 -9.32676e-06 8.16768e-11
210 2 3 0 0
210 3 0 0 0
210 3 1 5.33455e-14 1.35375e-14
210 3 2 0 0
210 3 3 -9.32676e-06 8.16768e-11
211 0 0 -9.16451e-06 7.98739e-11
211 0 1 0 0
211 0 2 3.49591e-15 -1.40108e-14
211 0 3 0 0
211 1 0 0 0
211 1 1 -9.16451e-06 7.98739e-11
211 1 2 0 0
211 1 3 3.49591e-15 -1.40108e-14
211 2 0 5.23322e-14 1.32447e-14
211 2 1 0 0
211 2 2 -9.16451e-06 7.99358e-11
211 2 3 0 0
211 3 0 0 0
211 3 1 5.23322e-14 1.32447e-14
211 3 2 0 0
211 3 3 -9.16451e-06 7.99358e-11
212 0 0 -9.00534e-06 7.7115e-11
212 0 1 0 0
212 0 2 3.81127e-15 -1.35252e-14
212 0 3 0 0
212 1 0 0 0
212 1 1 -9.00534e-06 7.7115e-11
212 1 2 0 0
212 1 3 3.81127e-15 -1.35252e-14
212 2 0 5.09399e-14 1.27831e-14
212 2 1 0 0
212 2 2 -9.00534e-06 7.71748e-11
212 2 3 0 0
212 3 0 0 0
212 3 1 5.09399e-14 1.27831e-14
212 3 2 0 0
212 3 3 -9.00534e-06 7.71748e-11
213 0 0 -8.84918e-06 7.34054e-11
213 0 1 0 0
213 0 2 4.35457e-15 -1.28728e-14
213 0 3 0 0
213 1 0 0 0
213 1 1 -8.84918e-06 7.34054e-11
213 1 2 0 0
213 1 3 4.35457e-15 -1.28728e-14
213 2 0 4.9195e-14 1.2164e-14
213 2 1 0 0
213 2 2 -8.84918e-06 7.34623e-11
213 2 3 0 0
213 3 0 0 0
213 3 1 4.9195e-14 1.2164e-14
213 3 2 0 0
213 3 3 -8.84918e-06 7.34623e-11
214 0 0 -8.69597e-06 6.88239e-11
214 0 1 0 0
214 0 2 5.10774e-15 -1.20676e-14
214 0 3 0 0
214 1 0 0 0
214 1 1 -8.69597e-06 6.88239e-11
214 1 2 0 0
214 1 3 5.10774e-15 -1.20676e-14
214 2 0 4.7128e-14 1.14005e-14
214 2 1 0 0
214 2 2 -8.69597e-06 6.88774e-11
214 2 3 0 0
214 3 0 0 0
214 3 1 4.7128e-14 1.14005e-14
214 3 2 0 0
214 3 3 -8.69597e-06 6.88774e-11
215 0 0 -8.54565e-06 6.34584e-11
215 0 1 0 0
215 0 2 6.0506e-15 -1.11249e-14
215 0 3 0 0
215 1 0 0 0
215 1 1 -8.54565e-06 6.34584e-11
215 1 2 0 0
215 1 3 6.0506e-15 -1.11249e-14
215 2 0 4.47725e-14 1.05072e-14
215 2 1 0 0
215 2 2 -8.54565e-06 6.35078e-11
215 2 3 0 0
215 3 0 0 0
215 3 1 4.47725e-14 1.05072e-14
215 3 2 0 0
215 3 3 -8.54565e-06 6.35078e-11
216 0 0 -8.39818e-06 5.74037e-11
216 0 1 0 0
216 0 2 7.16124e-15 -1.00615e-14
216 0 3 0 0
216 1 0 0 0
216 1 1 -8.39818e-06 5.74037e-11
216 1 2 0 0
216 1 3 7.16124e-15 -1.00615e-14
216 2 0 4.21647e-14 9.49995e-15
216 2 1 0 0
216 2 2 -8.39818e-06 5.74484e-11
216 2 3 0 0
216 3 0 0 0
216 3 1 4.21647e-14 9.49995e-15
216 3 2 0 0
216 3 3 -8.39818e-06 5.74484e-11
217 0 0 -8.25348e-06 5.07603e-11
217 0 1 0 0
217 0 2 8.41644e-15 -8.89497e-15
217 0 3 0 0
217 1 0 0 0
217 1 1 -8.25348e-06 5.07603e-11
217 1 2 0 0
217 1 3 8.41644e-15 -8.89497e-15
217 2 0 3.93433e-14 8.39541e-15
217 2 1 0 0
217 2 2 -8.25348e-06 5.07999e-11
217 2 3 0 0
217 3 0 0 0
217 3 1 3.93433e-14 8.39541e-15
217 3 2 0 0
217 3 3 -8.25348e-06 5.07999e-11
218 0 0 -8.11152e-06 4.36328e-11
218 0 1 0 0
218 0 2 9.79197e-15 -7.64366e-15
218 0 3 0 0
218 1 0 0 0
218 1 1 -8.11152e-06 4.36328e-11
218 1 2 0 0
218 1 3 9.79197e-15 -7.64366e-15
218 2 0 3.63479e-14 7.21095e-15
218 2 1 0 0
218 2 2 -8.11152e-06 4.3667e-11
218 2 3 0 0
218 3 0 0 0
218 3 1 3.63479e-14 7.21095e-15
218 3 2 0 0
218 3 3 -8.11152e-06 4.3667e-11
219 0 0 -7.97222e-06 3.61283e-11
219 0 1 0 0
219 0 2 1.1263e-14 -6.32637e-15
219 0 3 0 0
219 1 0 0 0
219 1 1 -7.97222e-06 3.61283e-11
219 1 2 0 0
219 1 3 1.1263e-14 -6.32637e-15
219 2 0 3.32194e-14 5.96433e-15
219 2 1 0 0
219 2 2 -7.97222e-06 3.61567e-11
219 2 3 0 0
219 3 0 0 0
219 3 1 3.32194e-14 5.96433e-15
219 3 2 0 0
219 3 3 -7.97222e-06 3.61567e-11
220 0 0 -7.83555e-06 2.83547e-11
220 0 1 0 0
220 0 2 1.28045e-14 -4.96203e-15
220 0 3 0 0
220 1 0 0 0
220 1 1 -7.83555e-06 2.83547e-11
220 1 2 0 0
220 1 3 1.28045e-14 -4.96203e-15
220 2 0 2.99986e-14 4.67349e-15
220 2 1 0 0
220 2 2 -7.83555e-06 2.83771e-11
220 2 3 0 0
220 3 0 0 0
220 3 1 2.99986e-14 4.67349e-15
220 3 2 0 0
220 3 3 -7.83555e-06 2.83771e-11
221 0 0 -7.70145e-06 2.04193e-11
221 0 1 0 0
221 0 2 1.43914e-14 -3.56949e-15
221 0 3 0 0
221 1 0 0 0
221 1 1 -7.70145e-06 2.04193e-11
221 1 2 0 0
221 1 3 1.43914e-14 -3.56949e-15
221 2 0 2.67265e-14 3.35622e-15
221 2 1 0 0
221 2 2 -7.70145e-06 2.04356e-11
221 2 3 0 0
221 3 0 0 0
221 3 1 2.67265e-14 3.35622e-15
221 3 2 0 0
221 3 3 -7.70145e-06 2.04356e-11
222 0 0 -7.56988e-06 1.24277e-11
222 0 1 0 0
222 0 2 1.59992e-14 -2.16726e-15
222 0 3 0 0
222 1 0 0 0
222 1 1 -7.56988e-06 1.24277e-11
222 1 2 0 0
222 1 3 1.59992e-14 -2.16726e-15
222 2 0 2.34428e-14 2.03004e-15
222 2 1 0 0
222 2 2 -7.56988e-06 1.24379e-11
222 2 3 0 0
222 3 0 0 0
222 3 1 2.34428e-14 2.03004e-15
222 3 2 0 0
222 3 3 -7.56988e-06 1.24379e-11
223 0 0 -7.44077e-06 4.48217e-12
223 0 1 0 0
223 0 2 1.76039e-14 -7.73274e-16
223 0 3 0 0
223 1 0 0 0
223 1 1 -7.44077e-06 4.48217e-12
223 1 2 0 0
223 1 3 1.76039e-14 -7.73274e-16
223 2 0 2.01863e-14 7.11892e-16
223 2 1 0 0
223 2 2 -7.44077e-06 4.48615e-12
223 2 3 0 0
223 3 0 0 0
223 3 1 2.01863e-14 7.11892e-16
223 3 2 0 0
223 3 3 -7.44077e-06 4.48615e-12
224 0 0 -7.31409e-06 -3.31949e-12
224 0 1 0 0
224 0 2 1.91827e-14 5.95306e-16
224 0 3 0 0
224 1 0 0 0
224 1 1 -7.31409e-06 -3.31949e-12
224 1 2 0 0
224 1 3 1.91827e-14 5.95306e-16
224 2 0 1.69938e-14 -5.81993e-16
224 2 1 0 0
224 2 2 -7.31409e-06 -3.32155e-12
224 2 3 0 0
224 3 0 0 0
224 3 1 1.69938e-14 -5.81993e-16
224 3 2 0 0
224 3 3 -7.31409e-06 -3.32155e-12
225 0 0 -7.18979e-06 -1.08848e-11
225 0 1 0 0
225 0 2 2.0714e-14 1.92227e-15
225 0 3 0 0
225 1 0 0 0
225 1 1 -7.18979e-06 -1.08848e-11
225 1 2 0 0
225 1 3 2.0714e-14 1.92227e-15
225 2 0 1.39003e-14 -1.8363e-15
225 2 1 0 0
225 2 2 -7.18979e-06 -1.08927e-11
225 2 3 0 0
225 3 0 0 0
225 3 1 1.39003e-14 -1.8363e-15
225 3 2 0 0
225 3 3 -7.18979e-06 -1.08927e-11
226 0 0 -7.06782e-06 -1.81278e-11
226 0 1 0 0
226 0 2 2.21776e-14 3.19253e-15
226 0 3 0 0
226 1 0 0 0
226 1 1 -7.06782e-06 -1.81278e-11
226 1 2 0 0
226 1 3 2.21776e-14 3.19253e-15
226 2 0 1.09379e-14 -3.03678e-15
226 2 1 0 0
226 2 2 -7.06782e-06 -1.81413e-11
226 2 3 0 0
226 3 0 0 0
226 3 1 1.09379e-14 -3.03678e-15
226 3 2 0 0
226 3 3 -7.06782e-06 -1.81413e-11
227 0 0 -6.94815e-06 -2.49696e-11
227 0 1 0 0
227 0 2 2.35548e-14 4.39227e-15
227 0 3 0 0
227 1 0 0 0
227 1 1 -6.94815e-06 -2.49696e-11
227 1 2 0 0
227 1 3 2.35548e-14 4.39227e-15
227 2 0 8.13637e-15 -4.17037e-15
227 2 1 0 0
227 2 2 -6.94815e-06 -2.49884e-11
227 2 3 0 0
227 3 0 0 0
227 3 1 8.13637e-15 -4.17037e-15
227 3 2 0 0
227 3 3 -6.94815e-06 -2.49884e-11
228 0 0 -6.83071e-06 -3.13392e-11
228 0 1 0 0
228 0 2 2.4829e-14 5.50905e-15
228 0 3 0 0
228 1 0 0 0
228 1 1 -6.83071e-06 -3.13392e-11
228 1 2 0 0
228 1 3 2.4829e-14 5.50905e-15
228 2 0 5.52214e-15 -5.22534e-15
228 2 1 0 0
228 2 2 -6.83071e-06 -3.1363e-11
228 2 3 0 0
228 3 0 0 0
228 3 1 5.52214e-15 -5.22534e-15
228 3 2 0 0
228 3 3 -6.83071e-06 -3.1363e-11
229 0 0 -6.71548e-06 -3.71742e-11
229 0 1 0 0
229 0 2 2.59853e-14 6.53191e-15
229 0 3 0 0
229 1 0 0 0
229 1 1 -6.71548e-06 -3.71742e-11
229 1 2 0 0
229 1 3 2.59853e-14 6.53191e-15
229 2 0 3.11852e-15 -6.19134e-15
229 2 1 0 0
229 2 2 -6.71548e-06 -3.72026e-11
229 2 3 0 0
229 3 0 0 0
229 3 1 3.11852e-15 -6.19134e-15
229 3 2 0 0
229 3 3 -6.71548e-06 -3.72026e-11
230 0 0 -6.6024e-06 -4.24209e-11
230 0 1 0 0
230 0 2 2.7011e-14 7.45146e-15
230 0 3 0 0
230 1 0 0 0
230 1 1 -6.6024e-06 -4.24209e-11
230 1 2 0 0
230 1 3 2.7011e-14 7.45146e-15
230 2 0 9.45446e-16 -7.0595e-15
230 2 1 0 0
230 2 2 -6.6024e-06 -4.24533e-11
230 2 3 0 0
230 3 0 0 0
230 3 1 9.45446e-16 -7.0595e-15
230 3 2 0 0
230 3 3 -6.6024e-06 -4.24533e-11
231 0 0 -6.49145e-06 -4.70346e-11
231 0 1 0 0
231 0 2 2.78955e-14 8.25988e-15
231 0 3 0 0
231 1 0 0 0
231 1 1 -6.49145e-06 -4.70346e-11
231 1 2 0 0
231 1 3 2.78955e-14 8.25988e-15
231 2 0 -9.8065e-16 -7.82247e-15
231 2 1 0 0
231 2 2 -6.49145e-06 -4.70706e-11
231 2 3 0 0
231 3 0 0 0
231 3 1 -9.8065e-16 -7.82247e-15
231 3 2 0 0
231 3 3 -6.49145e-06 -4.70706e-11
232 0 0 -6.38257e-06 -5.09801e-11
232 0 1 0 0
232 0 2 2.86302e-14 8.951e-15
232 0 3 0 0
232 1 0 0 0
232 1 1 -6.38257e-06 -5.09801e-11
232 1 2 0 0
232 1 3 2.86302e-14 8.951e-15
232 2 0 -2.64686e-15 -8.47441e-15
232 2 1 0 0
232 2 2 -6.38257e-06 -5.10193e-11
232 2 3 0 0
232 3 0 0 0
232 3 1 -2.64686e-15 -8.47441e-15
232 3 2 0 0
232 3 3 -6.38257e-06 -5.10193e-11
233 0 0 -6.27574e-06 -5.42315e-11
233 0 1 0 0
233 0 2 2.92088e-14 9.52029e-15
233 0 3 0 0
233 1 0 0 0
233 1 1 -6.27574e-06 -5.42315e-11
233 1 2 0 0
233 1 3 2.92088e-14 9.52029e-15
233 2 0 -4.04383e-15 -9.01107e-15
233 2 1 0 0
233 2 2 -6.27574e-06 -5.42732e-11
233 2 3 0 0
233 3 0 0 0
233 3 1 -4.04383e-15 -9.01107e-15
233 3 2 0 0
233 3 3 -6.27574e-06 -5.42732e-11
234 0 0 -6.1709e-06 -5.6772e-11
234 0 1 0 0
234 0 2 2.96271e-14 9.96482e-15
234 0 3 0 0
234 1 0 0 0
234 1 1 -6.1709e-06 -5.6772e-11
234 1 2 0 0
234 1 3 2.96271e-14 9.96482e-15
234 2 0 -5.16571e-15 -9.4297e-15
234 2 1 0 0
234 2 2 -6.1709e-06 -5.68157e-11
234 2 3 0 0
234 3 0 0 0
234 3 1 -5.16571e-15 -9.4297e-15
234 3 2 0 0
234 3 3 -6.1709e-06 -5.68157e-11
235 0 0 -6.06803e-06 -5.85939e-11
235 0 1 0 0
235 0 2 2.9883e-14 1.02832e-14
235 0 3 0 0
235 1 0 0 0
235 1 1 -6.06803e-06 -5.85939e-11
235 1 2 0 0
235 1 3 2.9883e-14 1.02832e-14
235 2 0 -6.01005e-15 -9.72906e-15
235 2 1 0 0
235 2 2 -6.06803e-06 -5.86391e-11
235 2 3 0 0
235 3 0 0 0
235 3 1 -6.01005e-15 -9.72906e-15
235 3 2 0 0
235 3 3 -6.06803e-06 -5.86391e-11
236 0 0 -5.96709e-06 -5.96983e-11
236 0 1 0 0
236 0 2 2.99764e-14 1.04758e-14
236 0 3 0 0
236 1 0 0 0
236 1 1 -5.96709e-06 -5.96983e-11
236 1 2 0 0
236 1 3 2.99764e-14 1.04758e-14
236 2 0 -6.57777e-15 -9.90936e-15
236 2 1 0 0
236 2 2 -5.96709e-06 -5.97444e-11
236 2 3 0 0
236 3 0 0 0
236 3 1 -6.57777e-15 -9.90936e-15
236 3 2 0 0
236 3 3 -5.96709e-06 -5.97444e-11
237 0 0 -5.86804e-06 -6.00946e-11
237 0 1 0 0
237 0 2 2.99091e-14 1.05441e-14
237 0 3 0 0
237 1 0 0 0
237 1 1 -5.86804e-06 -6.00946e-11
237 1 2 0 0
237 1 3 2.99091e-14 1.05441e-14
237 2 0 -6.8729e-15 -9.97221e-15
237 2 1 0 0
237 2 2 -5.86804e-06 -6.0141e-11
237 2 3 0 0
237 3 0 0 0
237 3 1 -6.8729e-15 -9.97221e-15
237 3 2 0 0
237 3 3 -5.86804e-06 -6.0141e-11
238 0 0 -5.77084e-06 -5.98002e-11
238 0 1 0 0
238 0 2 2.96851e-14 1.04913e-14
238 0 3 0 0
238 1 0 0 0
238 1 1 -5.77084e-06 -5.98002e-11
238 1 2 0 0
238 1 3 2.96851e-14 1.04913e-14
238 2 0 -6.90248e-15 -9.9205e-15
238 2 1 0 0
238 2 2 -5.77084e-06 -5.98464e-11
238 2 3 0 0
238 3 0 0 0
238 3 1 -6.90248e-15 -9.9205e-15
238 3 2 0 0
238 3 3 -5.77084e-06 -5.98464e-11
239 0 0 -5.67547e-06 -5.88397e-11
239 0 1 0 0
239 0 2 2.93096e-14 1.03216e-14
239 0 3 0 0
239 1 0 0 0
239 1 1 -5.67547e-06 -5.88397e-11
239 1 2 0 0
239 1 3 2.93096e-14 1.03216e-14
239 2 0 -6.67633e-15 -9.75839e-15
239 2 1 0 0
239 2 2 -5.67547e-06 -5.88852e-11
239 2 3 0 0
239 3 0 0 0
239 3 1 -6.67633e-15 -9.75839e-15
239 3 2 0 0
239 3 3 -5.67547e-06 -5.88852e-11
240 0 0 -5.58188e-06 -5.72447e-11
240 0 1 0 0
240 0 2 2.87898e-14 1.00406e-14
240 0 3 0 0
240 1 0 0 0
240 1 1 -5.58188e-06 -5.72447e-11
240 1 2 0 0
240 1 3 2.87898e-14 1.00406e-14
240 2 0 -6.20682e-15 -9.49111e-15
240 2 1 0 0
240 2 2 -5.58188e-06 -5.7289e-11
240 2 3 0 0
240 3 0 0 0
240 3 1 -6.20682e-15 -9.49111e-15
240 3 2 0 0
240 3 3 -5.58188e-06 -5.7289e-11
241 0 0 -5.49004e-06 -5.50528e-11
241 0 1 0 0
241 0 2 2.81342e-14 9.65503e-15
241 0 3 0 0
241 1 0 0 0
241 1 1 -5.49004e-06 -5.50528e-11
241 1 2 0 0
241 1 3 2.81342e-14 9.65503e-15
241 2 0 -5.50861e-15 -9.12494e-15
241 2 1 0 0
241 2 2 -5.49004e-06 -5.50955e-11
241 2 3 0 0
241 3 0 0 0
241 3 1 -5.50861e-15 -9.12494e-15
241 3 2 0 0
241 3 3 -5.49004e-06 -5.50955e-11
242 0 0 -5.39993e-06 -5.23071e-11
242 0 1 0 0
242 0 2 2.73525e-14 9.17233e-15
242 0 3 0 0
242 1 0 0 0
242 1 1 -5.39993e-06 -5.23071e-11
242 1 2 0 0
242 1 3 2.73525e-14 9.17233e-15
242 2 0 -4.5984e-15 -8.66706e-15
242 2 1 0 0
242 2 2 -5.39993e-06 -5.23477e-11
242 2 3 0 0
242 3 0 0 0
242 3 1 -4.5984e-15 -8.66706e-15
242 3 2 0 0
242 3 3 -5.39993e-06 -5.23477e-11
243 0 0 -5.31151e-06 -4.90554e-11
243 0 1 0 0
243 0 2 2.64557e-14 8.60093e-15
243 0 3 0 0
243 1 0 0 0
243 1 1 -5.31151e-06 -4.90554e-11
243 1 2 0 0
243 1 3 2.64557e-14 8.60093e-15
243 2 0 -3.49465e-15 -8.12541e-15
243 2 1 0 0
243 2 2 -5.31151e-06 -4.90935e-11
243 2 3 0 0
243 3 0 0 0
243 3 1 -3.49465e-15 -8.12541e-15
243 3 2 0 0
243 3 3 -5.31151e-06 -4.90935e-11
244 0 0 -5.22475e-06 -4.53495e-11
244 0 1 0 0
244 0 2 2.54555e-14 7.94992e-15
244 0 3 0 0
244 1 0 0 0
244 1 1 -5.22475e-06 -4.53495e-11
244 1 2 0 0
244 1 3 2.54555e-14 7.94992e-15
244 2 0 -2.21731e-15 -7.50861e-15
244 2 1 0 0
244 2 2 -5.22475e-06 -4.53848e-11
244 2 3 0 0
244 3 0 0 0
244 3 1 -2.21731e-15 -7.50861e-15
244 3 2 0 0
244 3 3 -5.22475e-06 -4.53848e-11
245 0 0 -5.13962e-06 -4.12445e-11
245 0 1 0 0
245 0 2 2.43647e-14 7.22898e-15
245 0 3 0 0
245 1 0 0 0
245 1 1 -5.13962e-06 -4.12445e-11
245 1 2 0 0
245 1 3 2.43647e-14 7.22898e-15
245 2 0 -7.875e-16 -6.8258e-15
245 2 1 0 0
245 2 2 -5.13962e-06 -4.12766e-11
245 2 3 0 0
245 3 0 0 0
245 3 1 -7.875e-16 -6.8258e-15
245 3 2 0 0
245 3 3 -5.13962e-06 -4.12766e-11
246 0 0 -5.05609e-06 -3.67978e-11
246 0 1 0 0
246 0 2 2.31964e-14 6.4482e-15
246 0 3 0 0
246 1 0 0 0
246 1 1 -5.05609e-06 -3.67978e-11
246 1 2 0 0
246 1 3 2.31964e-14 6.4482e-15
246 2 0 7.72724e-16 -6.08655e-15
246 2 1 0 0
246 2 2 -5.05609e-06 -3.68266e-11
246 2 3 0 0
246 3 0 0 0
246 3 1 7.72724e-16 -6.08655e-15
246 3 2 0 0
246 3 3 -5.05609e-06 -3.68266e-11
247 0 0 -4.97413e-06 -3.20688e-11
247 0 1 0 0
247 0 2 2.19642e-14 5.61798e-15
247 0 3 0 0
247 1 0 0 0
247 1 1 -4.97413e-06 -3.20688e-11
247 1 2 0 0
247 1 3 2.19642e-14 5.61798e-15
247 2 0 2.4407e-15 -5.30069e-15
247 2 1 0 0
247 2 2 -4.97413e-06 -3.20939e-11
247 2 3 0 0
247 3 0 0 0
247 3 1 2.4407e-15 -5.30069e-15
247 3 2 0 0
247 3 3 -4.97413e-06 -3.20939e-11
248 0 0 -4.89372e-06 -2.71177e-11
248 0 1 0 0
248 0 2 2.06822e-14 4.7489e-15
248 0 3 0 0
248 1 0 0 0
248 1 1 -4.89372e-06 -2.71177e-11
248 1 2 0 0
248 1 3 2.06822e-14 4.7489e-15
248 2 0 4.19342e-15 -4.47823e-15
248 2 1 0 0
248 2 2 -4.89372e-06 -2.7139e-11
248 2 3 0 0
248 3 0 0 0
248 3 1 4.19342e-15 -4.47823e-15
248 3 2 0 0
248 3 3 -4.89372e-06 -2.7139e-11
249 0 0 -4.81481e-06 -2.20051e-11
249 0 1 0 0
249 0 2 1.93642e-14 3.85159e-15
249 0 3 0 0
249 1 0 0 0
249 1 1 -4.81481e-06 -2.20051e-11
249 1 2 0 0
249 1 3 1.93642e-14 3.85159e-15
249 2 0 6.00779e-15 -3.62923e-15
249 2 1 0 0
249 2 2 -4.81481e-06 -2.20224e-11
249 2 3 0 0
249 3 0 0 0
249 3 1 6.00779e-15 -3.62923e-15
249 3 2 0 0
249 3 3 -4.81481e-06 -2.20224e-11
250 0 0 -4.7374e-06 -1.67911e-11
250 0 1 0 0
250 0 2 1.80242e-14 2.93662e-15
250 0 3 0 0
250 1 0 0 0
250 1 1 -4.7374e-06 -1.67911e-11
250 1 2 0 0
250 1 3 1.80242e-14 2.93662e-15
250 2 0 7.8609e-15 -2.76367e-15
250 2 1 0 0
250 2 2 -4.7374e-06 -1.68045e-11
250 2 3 0 0
250 3 0 0 0
250 3 1 7.8609e-15 -2.76367e-15
250 3 2 0 0
250 3 3 -4.7374e-06 -1.68045e-11
251 0 0 -4.66144e-06 -1.15351e-11
251 0 1 0 0
251 0 2 1.66759e-14 2.01435e-15
251 0 3 0 0
251 1 0 0 0
251 1 1 -4.66144e-06 -1.15351e-11
251 1 2 0 0
251 1 3 1.66759e-14 2.01435e-15
251 2 0 9.73026e-15 -1.89137e-15
251 2 1 0 0
251 2 2 -4.66144e-06 -1.15443e-11
251 2 3 0 0
251 3 0 0 0
251 3 1 9.73026e-15 -1.89137e-15
251 3 2 0 0
251 3 3 -4.66144e-06 -1.15443e-11
252 0 0 -4.58692e-06 -6.29443e-12
252 0 1 0 0
252 0 2 1.53328e-14 1.0949e-15
252 0 3 0 0
252 1 0 0 0
252 1 1 -4.58692e-06 -6.29443e-12
252 1 2 0 0
252 1 3 1.53328e-14 1.0949e-15
252 2 0 1.1594e-14 -1.02187e-15
252 2 1 0 0
252 2 2 -4.58692e-06 -6.29966e-12
252 2 3 0 0
252 3 0 0 0
252 3 1 1.1594e-14 -1.02187e-15
252 3 2 0 0
252 3 3 -4.58692e-06 -6.29966e-12
253 0 0 -4.51381e-06 -1.12458e-12
253 0 1 0 0
253 0 2 1.40075e-14 1.8796e-16
253 0 3 0 0
253 1 0 0 0
253 1 1 -4.51381e-06 -1.12458e-12
253 1 2 0 0
253 1 3 1.40075e-14 1.8796e-16
253 2 0 1.34313e-14 -1.64351e-16
253 2 1 0 0
253 2 2 -4.51381e-06 -1.12581e-12
253 2 3 0 0
253 3 0 0 0
253 3 1 1.34313e-14 -1.64351e-16
253 3 2 0 0
253 3 3 -4.51381e-06 -1.12581e-12
254 0 0 -4.44208e-06 3.92182e-12
254 0 1 0 0
254 0 2 1.27125e-14 -6.97221e-16
254 0 3 0 0
254 1 0 0 0
254 1 1 -4.44208e-06 3.92182e-12
254 1 2 0 0
254 1 3 1.27125e-14 -6.97221e-16
254 2 0 1.5222e-14 6.72455e-16
254 2 1 0 0
254 2 2 -4.44208e-06 3.9245e-12
254 2 3 0 0
254 3 0 0 0
254 3 1 1.5222e-14 6.72455e-16
254 3 2 0 0
254 3 3 -4.44208e-06 3.9245e-12
255 0 0 -4.3717e-06 8.79525e-12
255 0 1 0 0
255 0 2 1.14592e-14 -1.55196e-15
255 0 3 0 0
255 1 0 0 0
255 1 1 -4.3717e-06 8.79525e-12
255 1 2 0 0
255 1 3 1.14592e-14 -1.55196e-15
255 2 0 1.69475e-14 1.48035e-15
255 2 1 0 0
255 2 2 -4.3717e-06 8.8017e-12
255 2 3 0 0
255 3 0 0 0
255 3 1 1.69475e-14 1.48035e-15
255 3 2 0 0
255 3 3 -4.3717e-06 8.8017e-12
256 0 0 -4.30267e-06 1.34497e-11
256 0 1 0 0
256 0 2 1.02583e-14 -2.36821e-15
256 0 3 0 0
256 1 0 0 0
256 1 1 -4.30267e-06 1.34497e-11
256 1 2 0 0
256 1 3 1.02583e-14 -2.36821e-15
256 2 0 1.85906e-14 2.25172e-15
256 2 1 0 0
256 2 2 -4.30267e-06 1.34598e-11
256 2 3 0 0
256 3 0 0 0
256 3 1 1.85906e-14 2.25172e-15
256 3 2 0 0
256 3 3 -4.30267e-06 1.34598e-11
257 0 0 -4.23494e-06 1.78433e-11
257 0 1 0 0
257 0 2 9.11977e-15 -3.13859e-15
257 0 3 0 0
257 1 0 0 0
257 1 1 -4.23494e-06 1.78433e-11
257 1 2 0 0
257 1 3 9.11977e-15 -3.13859e-15
257 2 0 2.01353e-14 2.9796e-15
257 2 1 0 0
257 2 2 -4.23494e-06 1.78567e-11
257 2 3 0 0
257 3 0 0 0
257 3 1 2.01353e-14 2.9796e-15
257 3 2 0 0
257 3 3 -4.23494e-06 1.78567e-11
258 0 0 -4.16851e-06 2.1938e-11
258 0 1 0 0
258 0 2 8.0524e-15 -3.85648e-15
258 0 3 0 0
258 1 0 0 0
258 1 1 -4.16851e-06 2.1938e-11
258 1 2 0 0
258 1 3 8.0524e-15 -3.85648e-15
258 2 0 2.15674e-14 3.65774e-15
258 2 1 0 0
258 2 2 -4.16851e-06 2.19546e-11
258 2 3 0 0
258 3 0 0 0
258 3 1 2.15674e-14 3.65774e-15
258 3 2 0 0
258 3 3 -4.16851e-06 2.19546e-11
259 0 0 -4.10333e-06 2.57004e-11
259 0 1 0 0
259 0 2 7.06405e-15 -4.516e-15
259 0 3 0 0
259 1 0 0 0
259 1 1 -4.10333e-06 2.57004e-11
259 1 2 0 0
259 1 3 7.06405e-15 -4.516e-15
259 2 0 2.28745e-14 4.28059e-15
259 2 1 0 0
259 2 2 -4.10333e-06 2.572e-11
259 2 3 0 0
259 3 0 0 0
259 3 1 2.28745e-14 4.28059e-15
259 3 2 0 0
259 3 3 -4.10333e-06 2.572e-11
260 0 0 -4.03941e-06 2.91018e-11
260 0 1 0 0
260 0 2 6.16153e-15 -5.11212e-15
260 0 3 0 0
260 1 0 0 0
260 1 1 -4.03941e-06 2.91018e-11
260 1 2 0 0
260 1 3 6.16153e-15 -5.11212e-15
260 2 0 2.40458e-14 4.84341e-15
260 2 1 0 0
260 2 2 -4.03941e-06 2.9124e-11
260 2 3 0 0
260 3 0 0 0
260 3 1 2.40458e-14 4.84341e-15
260 3 2 0 0
260 3 3 -4.03941e-06 2.9124e-11
261 0 0 -3.9767e-06 3.2118e-11
261 0 1 0 0
261 0 2 5.35051e-15 -5.64062e-15
261 0 3 0 0
261 1 0 0 0
261 1 1 -3.9767e-06 3.2118e-11
261 1 2 0 0
261 1 3 5.35051e-15 -5.64062e-15
261 2 0 2.50724e-14 5.34222e-15
261 2 1 0 0
261 2 2 -3.9767e-06 3.21426e-11
261 2 3 0 0
261 3 0 0 0
261 3 1 2.50724e-14 5.34222e-15
261 3 2 0 0
261 3 3 -3.9767e-06 3.21426e-11
262 0 0 -3.91519e-06 3.47298e-11
262 0 1 0 0
262 0 2 4.63561e-15 -6.09812e-15
262 0 3 0 0
262 1 0 0 0
262 1 1 -3.91519e-06 3.47298e-11
262 1 2 0 0
262 1 3 4.63561e-15 -6.09812e-15
262 2 0 2.59471e-14 5.77383e-15
262 2 1 0 0
262 2 2 -3.91519e-06 3.47564e-11
262 2 3 0 0
262 3 0 0 0
262 3 1 2.59471e-14 5.77383e-15
262 3 2 0 0
262 3 3 -3.91519e-06 3.47564e-11
263 0 0 -3.85486e-06 3.69226e-11
263 0 1 0 0
263 0 2 4.02029e-15 -6.48209e-15
263 0 3 0 0
263 1 0 0 0
263 1 1 -3.85486e-06 3.69226e-11
263 1 2 0 0
263 1 3 4.02029e-15 -6.48209e-15
263 2 0 2.66647e-14 6.13585e-15
263 2 1 0 0
263 2 2 -3.85486e-06 3.6951e-11
263 2 3 0 0
263 3 0 0 0
263 3 1 2.66647e-14 6.13585e-15
263 3 2 0 0
263 3 3 -3.85486e-06 3.6951e-11
264 0 0 -3.79569e-06 3.86868e-11
264 0 1 0 0
264 0 2 3.50692e-15 -6.79083e-15
264 0 3 0 0
264 1 0 0 0
264 1 1 -3.79569e-06 3.86868e-11
264 1 2 0 0
264 1 3 3.50692e-15 -6.79083e-15
264 2 0 2.72216e-14 6.42671e-15
264 2 1 0 0
264 2 2 -3.79569e-06 3.87166e-11
264 2 3 0 0
264 3 0 0 0
264 3 1 2.72216e-14 6.42671e-15
264 3 2 0 0
264 3 3 -3.79569e-06 3.87166e-11
265 0 0 -3.73766e-06 4.00174e-11
265 0 1 0 0
265 0 2 3.09679e-15 -7.02348e-15
265 0 3 0 0
265 1 0 0 0
265 1 1 -3.73766e-06 4.00174e-11
265 1 2 0 0
265 1 3 3.09679e-15 -7.02348e-15
265 2 0 2.76162e-14 6.64559e-15
265 2 1 0 0
265 2 2 -3.73766e-06 4.00482e-11
265 2 3 0 0
265 3 0 0 0
265 3 1 2.76162e-14 6.64559e-15
265 3 2 0 0
265 3 3 -3.73766e-06 4.00482e-11
266 0 0 -3.68075e-06 4.09137e-11
266 0 1 0 0
266 0 2 2.79011e-15 -7.17994e-15
266 0 3 0 0
266 1 0 0 0
266 1 1 -3.68075e-06 4.09137e-11
266 1 2 0 0
266 1 3 2.79011e-15 -7.17994e-15
266 2 0 2.78486e-14 6.79242e-15
266 2 1 0 0
266 2 2 -3.68075e-06 4.09453e-11
266 2 3 0 0
266 3 0 0 0
266 3 1 2.78486e-14 6.79242e-15
266 3 2 0 0
266 3 3 -3.68075e-06 4.09453e-11
267 0 0 -3.62494e-06 4.13799e-11
267 0 1 0 0
267 0 2 2.5861e-15 -7.26093e-15
267 0 3 0 0
267 1 0 0 0
267 1 1 -3.62494e-06 4.13799e-11
267 1 2 0 0
267 1 3 2.5861e-15 -7.26093e-15
267 2 0 2.79204e-14 6.86788e-15
267 2 1 0 0
267 2 2 -3.62494e-06 4.14118e-11
267 2 3 0 0
267 3 0 0 0
267 3 1 2.79204e-14 6.86788e-15
267 3 2 0 0
267 3 3 -3.62494e-06 4.14118e-11
268 0 0 -3.57021e-06 4.14239e-11
268 0 1 0 0
268 0 2 2.48297e-15 -7.26788e-15
268 0 3 0 0
268 1 0 0 0
268 1 1 -3.57021e-06 4.14239e-11
268 1 2 0 0
268 1 3 2.48297e-15 -7.26788e-15
268 2 0 2.78349e-14 6.87333e-15
268 2 1 0 0
268 2 2 -3.57021e-06 4.14559e-11
268 2 3 0 0
268 3 0 0 0
268 3 1 2.78349e-14 6.87333e-15
268 3 2 0 0
268 3 3 -3.57021e-06 4.14559e-11
269 0 0 -3.51654e-06 4.10579e-11
269 0 1 0 0
269 0 2 2.47801e-15 -7.20289e-15
269 0 3 0 0
269 1 0 0 0
269 1 1 -3.51654e-06 4.10579e-11
269 1 2 0 0
269 1 3 2.47801e-15 -7.20289e-15
269 2 0 2.75968e-14 6.81079e-15
269 2 1 0 0
269 2 2 -3.51654e-06 4.10897e-11
269 2 3 0 0
269 3 0 0 0
269 3 1 2.75968e-14 6.81079e-15
269 3 2 0 0
269 3 3 -3.51654e-06 4.10897e-11
270 0 0 -3.46392e-06 4.02976e-11
270 0 1 0 0
270 0 2 2.56769e-15 -7.06875e-15
270 0 3 0 0
270 1 0 0 0
270 1 1 -3.46392e-06 4.02976e-11
270 1 2 0 0
270 1 3 2.56769e-15 -7.06875e-15
270 2 0 2.72124e-14 6.68288e-15
270 2 1 0 0
270 2 2 -3.46392e-06 4.03288e-11
270 2 3 0 0
270 3 0 0 0
270 3 1 2.72124e-14 6.68288e-15
270 3 2 0 0
270 3 3 -3.46392e-06 4.03288e-11
271 0 0 -3.41232e-06 3.9162e-11
271 0 1 0 0
271 0 2 2.74764e-15 -6.86881e-15
271 0 3 0 0
271 1 0 0 0
271 1 1 -3.41232e-06 3.9162e-11
271 1 2 0 0
271 1 3 2.74764e-15 -6.86881e-15
271 2 0 2.6689e-14 6.49279e-15
271 2 1 0 0
271 2 2 -3.41232e-06 3.91923e-11
271 2 3 0 0
271 3 0 0 0
271 3 1 2.6689e-14 6.49279e-15
271 3 2 0 0
271 3 3 -3.41232e-06 3.91923e-11
272 0 0 -3.36173e-06 3.76734e-11
272 0 1 0 0
272 0 2 3.0128e-15 -6.60696e-15
272 0 3 0 0
272 1 0 0 0
272 1 1 -3.36173e-06 3.76734e-11
272 1 2 0 0
272 1 3 3.0128e-15 -6.60696e-15
272 2 0 2.60352e-14 6.24422e-15
272 2 1 0 0
272 2 2 -3.36173e-06 3.77026e-11
272 2 3 0 0
272 3 0 0 0
272 3 1 2.60352e-14 6.24422e-15
272 3 2 0 0
272 3 3 -3.36173e-06 3.77026e-11
273 0 0 -3.31213e-06 3.58566e-11
273 0 1 0 0
273 0 2 3.35746e-15 -6.28758e-15
273 0 3 0 0
273 1 0 0 0
273 1 1 -3.31213e-06 3.58566e-11
273 1 2 0 0
273 1 3 3.35746e-15 -6.28758e-15
273 2 0 2.52605e-14 5.9413e-15
273 2 1 0 0
273 2 2 -3.31213e-06 3.58844e-11
273 2 3 0 0
273 3 0 0 0
273 3 1 2.52605e-14 5.9413e-15
273 3 2 0 0
273 3 3 -3.31213e-06 3.58844e-11
274 0 0 -3.26351e-06 3.37389e-11
274 0 1 0 0
274 0 2 3.77533e-15 -5.91546e-15
274 0 3 0 0
274 1 0 0 0
274 1 1 -3.26351e-06 3.37389e-11
274 1 2 0 0
274 1 3 3.77533e-15 -5.91546e-15
274 2 0 2.43756e-14 5.58858e-15
274 2 1 0 0
274 2 2 -3.26351e-06 3.37651e-11
274 2 3 0 0
274 3 0 0 0
274 3 1 2.43756e-14 5.58858e-15
274 3 2 0 0
274 3 3 -3.26351e-06 3.37651e-11
275 0 0 -3.21585e-06 3.13497e-11
275 0 1 0 0
275 0 2 4.25965e-15 -5.49575e-15
275 0 3 0 0
275 1 0 0 0
275 1 1 -3.21585e-06 3.13497e-11
275 1 2 0 0
275 1 3 4.25965e-15 -5.49575e-15
275 2 0 2.33916e-14 5.19093e-15
275 2 1 0 0
275 2 2 -3.21585e-06 3.13741e-11
275 2 3 0 0
275 3 0 0 0
275 3 1 2.33916e-14 5.19093e-15
275 3 2 0 0
275 3 3 -3.21585e-06 3.13741e-11
276 0 0 -3.16913e-06 2.87199e-11
276 0 1 0 0
276 0 2 4.80329e-15 -5.0339e-15
276 0 3 0 0
276 1 0 0 0
276 1 1 -3.16913e-06 2.87199e-11
276 1 2 0 0
276 1 3 4.80329e-15 -5.0339e-15
276 2 0 2.23203e-14 4.7535e-15
276 2 1 0 0
276 2 2 -3.16913e-06 2.87423e-11
276 2 3 0 0
276 3 0 0 0
276 3 1 2.23203e-14 4.7535e-15
276 3 2 0 0
276 3 3 -3.16913e-06 2.87423e-11
277 0 0 -3.12334e-06 2.58819e-11
277 0 1 0 0
277 0 2 5.39875e-15 -4.53556e-15
277 0 3 0 0
277 1 0 0 0
277 1 1 -3.12334e-06 2.58819e-11
277 1 2 0 0
277 1 3 5.39875e-15 -4.53556e-15
277 2 0 2.11741e-14 4.28166e-15
277 2 1 0 0
277 2 2 -3.12334e-06 2.59021e-11
277 2 3 0 0
277 3 0 0 0
277 3 1 2.11741e-14 4.28166e-15
277 3 2 0 0
277 3 3 -3.12334e-06 2.59021e-11
278 0 0 -3.07846e-06 2.28688e-11
278 0 1 0 0
278 0 2 6.03834e-15 -4.00658e-15
278 0 3 0 0
278 1 0 0 0
278 1 1 -3.07846e-06 2.28688e-11
278 1 2 0 0
278 1 3 6.03834e-15 -4.00658e-15
278 2 0 1.99657e-14 3.78092e-15
278 2 1 0 0
278 2 2 -3.07846e-06 2.28867e-11
278 2 3 0 0
278 3 0 0 0
278 3 1 1.99657e-14 3.78092e-15
278 3 2 0 0
278 3 3 -3.07846e-06 2.28867e-11
279 0 0 -3.03448e-06 1.97146e-11
279 0 1 0 0
279 0 2 6.71421e-15 -3.4529e-15
279 0 3 0 0
279 1 0 0 0
279 1 1 -3.03448e-06 1.97146e-11
279 1 2 0 0
279 1 3 6.71421e-15 -3.4529e-15
279 2 0 1.87079e-14 3.25691e-15
279 2 1 0 0
279 2 2 -3.03448e-06 1.97301e-11
279 2 3 0 0
279 3 0 0 0
279 3 1 1.87079e-14 3.25691e-15
279 3 2 0 0
279 3 3 -3.03448e-06 1.97301e-11
280 0 0 -2.99138e-06 1.64534e-11
280 0 1 0 0
280 0 2 7.41843e-15 -2.8805e-15
280 0 3 0 0
280 1 0 0 0
280 1 1 -2.99138e-06 1.64534e-11
280 1 2 0 0
280 1 3 7.41843e-15 -2.8805e-15
280 2 0 1.74137e-14 2.7153e-15
280 2 1 0 0
280 2 2 -2.99138e-06 1.64663e-11
280 2 3 0 0
280 3 0 0 0
280 3 1 1.74137e-14 2.7153e-15
280 3 2 0 0
280 3 3 -2.99138e-06 1.64663e-11
281 0 0 -2.94915e-06 1.31191e-11
281 0 1 0 0
281 0 2 8.1431e-15 -2.29535e-15
281 0 3 0 0
281 1 0 0 0
281 1 1 -2.94915e-06 1.31191e-11
281 1 2 0 0
281 1 3 8.1431e-15 -2.29535e-15
281 2 0 1.6096e-14 2.16171e-15
281 2 1 0 0
281 2 2 -2.94915e-06 1.31295e-11
281 2 3 0 0
281 3 0 0 0
281 3 1 1.6096e-14 2.16171e-15
281 3 2 0 0
281 3 3 -2.94915e-06 1.31295e-11
282 0 0 -2.90777e-06 9.74534e-12
282 0 1 0 0
282 0 2 8.88039e-15 -1.70334e-15
282 0 3 0 0
282 1 0 0 0
282 1 1 -2.90777e-06 9.74534e-12
282 1 2 0 0
282 1 3 8.88039e-15 -1.70334e-15
282 2 0 1.47675e-14 1.60173e-15
282 2 1 0 0
282 2 2 -2.90777e-06 9.75311e-12
282 2 3 0 0
282 3 0 0 0
282 3 1 1.47675e-14 1.60173e-15
282 3 2 0 0
282 3 3 -2.90777e-06 9.75311e-12
283 0 0 -2.86723e-06 6.36507e-12
283 0 1 0 0
283 0 2 9.62262e-15 -1.11025e-15
283 0 3 0 0
283 1 0 0 0
283 1 1 -2.86723e-06 6.36507e-12
283 1 2 0 0
283 1 3 9.62262e-15 -1.11025e-15
283 2 0 1.34407e-14 1.04082e-15
283 2 1 0 0
283 2 2 -2.86723e-06 6.37023e-12
283 2 3 0 0
283 3 0 0 0
283 3 1 1.34407e-14 1.04082e-15
283 3 2 0 0
283 3 3 -2.86723e-06 6.37023e-12
284 0 0 -2.82751e-06 3.01019e-12
284 0 1 0 0
284 0 2 1.03623e-14 -5.21678e-16
284 0 3 0 0
284 1 0 0 0
284 1 1 -2.82751e-06 3.01019e-12
284 1 2 0 0
284 1 3 1.03623e-14 -5.21678e-16
284 2 0 1.21277e-14 4.84262e-16
284 2 1 0 0
284 2 2 -2.82751e-06 3.01276e-12
284 2 3 0 0
284 3 0 0 0
284 3 1 1.21277e-14 4.84262e-16
284 3 2 0 0
284 3 3 -2.82751e-06 3.01276e-12
285 0 0 -2.78861e-06 -2.88651e-13
285 0 1 0 0
285 0 2 1.10924e-14 5.70041e-17
285 0 3 0 0
285 1 0 0 0
285 1 1 -2.78861e-06 -2.88651e-13
285 1 2 0 0
285 1 3 1.10924e-14 5.70041e-17
285 2 0 1.084e-14 -6.28553e-17
285 2 1 0 0
285 2 2 -2.78861e-06 -2.88633e-13
285 2 3 0 0
285 3 0 0 0
285 3 1 1.084e-14 -6.28553e-17
285 3 2 0 0
285 3 3 -2.78861e-06 -2.88633e-13
286 0 0 -2.75051e-06 -3.50227e-12
286 0 1 0 0
286 0 2 1.18059e-14 6.20679e-16
286 0 3 0 0
286 1 0 0 0
286 1 1 -2.75051e-06 -3.50227e-12
286 1 2 0 0
286 1 3 1.18059e-14 6.20679e-16
286 2 0 9.58866e-15 -5.95701e-16
286 2 1 0 0
286 2 2 -2.75051e-06 -3.50474e-12
286 2 3 0 0
286 3 0 0 0
286 3 1 9.58866e-15 -5.95701e-16
286 3 2 0 0
286 3 3 -2.75051e-06 -3.50474e-12
287 0 0 -2.7132e-06 -6.60323e-12
287 0 1 0 0
287 0 2 1.24965e-14 1.16453e-15
287 0 3 0 0
287 1 0 0 0
287 1 1 -2.7132e-06 -6.60323e-12
287 1 2 0 0
287 1 3 1.24965e-14 1.16453e-15
287 2 0 8.38393e-15 -1.10973e-15
287 2 1 0 0
287 2 2 -2.7132e-06 -6.60811e-12
287 2 3 0 0
287 3 0 0 0
287 3 1 8.38393e-15 -1.10973e-15
287 3 2 0 0
287 3 3 -2.7132e-06 -6.60811e-12
288 0 0 -2.67666e-06 -9.56599e-12
288 0 1 0 0
288 0 2 1.31582e-14 1.68409e-15
288 0 3 0 0
288 1 0 0 0
288 1 1 -2.67666e-06 -9.56599e-12
288 1 2 0 0
288 1 3 1.31582e-14 1.68409e-15
288 2 0 7.23542e-15 -1.6007e-15
288 2 1 0 0
288 2 2 -2.67666e-06 -9.57317e-12
288 2 3 0 0
288 3 0 0 0
288 3 1 7.23542e-15 -1.6007e-15
288 3 2 0 0
288 3 3 -2.67666e-06 -9.57317e-12
289 0 0 -2.64088e-06 -1.23671e-11
289 0 1 0 0
289 0 2 1.37853e-14 2.17523e-15
289 0 3 0 0
289 1 0 0 0
289 1 1 -2.64088e-06 -1.23671e-11
289 1 2 0 0
289 1 3 1.37853e-14 2.17523e-15
289 2 0 6.15193e-15 -2.06475e-15
289 2 1 0 0
289 2 2 -2.64088e-06 -1.23764e-11
289 2 3 0 0
289 3 0 0 0
289 3 1 6.15193e-15 -2.06475e-15
289 3 2 0 0
289 3 3 -2.64088e-06 -1.23764e-11
290 0 0 -2.60586e-06 -1.49853e-11
290 0 1 0 0
290 0 2 1.4373e-14 2.63425e-15
290 0 3 0 0
290 1 0 0 0
290 1 1 -2.60586e-06 -1.49853e-11
290 1 2 0 0
290 1 3 1.4373e-14 2.63425e-15
290 2 0 5.14139e-15 -2.49834e-15
290 2 1 0 0
290 2 2 -2.60586e-06 -1.49966e-11
290 2 3 0 0
290 3 0 0 0
290 3 1 5.14139e-15 -2.49834e-15
290 3 2 0 0
290 3 3 -2.60586e-06 -1.49966e-11
291 0 0 -2.57157e-06 -1.74016e-11
291 0 1 0 0
291 0 2 1.49167e-14 3.05781e-15
291 0 3 0 0
291 1 0 0 0
291 1 1 -2.57157e-06 -1.74016e-11
291 1 2 0 0
291 1 3 1.49167e-14 3.05781e-15
291 2 0 4.21084e-15 -2.89836e-15
291 2 1 0 0
291 2 2 -2.57157e-06 -1.74149e-11
291 2 3 0 0
291 3 0 0 0
291 3 1 4.21084e-15 -2.89836e-15
291 3 2 0 0
291 3 3 -2.57157e-06 -1.74149e-11
292 0 0 -2.53801e-06 -1.95997e-11
292 0 1 0 0
292 0 2 1.54126e-14 3.44304e-15
292 0 3 0 0
292 1 0 0 0
292 1 1 -2.53801e-06 -1.95997e-11
292 1 2 0 0
292 1 3 1.54126e-14 3.44304e-15
292 2 0 3.36641e-15 -3.26208e-15
292 2 1 0 0
292 2 2 -2.53801e-06 -1.96147e-11
292 2 3 0 0
292 3 0 0 0
292 3 1 3.36641e-15 -3.26208e-15
292 3 2 0 0
292 3 3 -2.53801e-06 -1.96147e-11
293 0 0 -2.50516e-06 -2.15655e-11
293 0 1 0 0
293 0 2 1.58572e-14 3.78749e-15
293 0 3 0 0
293 1 0 0 0
293 1 1 -2.50516e-06 -2.15655e-11
293 1 2 0 0
293 1 3 1.58572e-14 3.78749e-15
293 2 0 2.61324e-15 -3.58719e-15
293 2 1 0 0
293 2 2 -2.50516e-06 -2.1582e-11
293 2 3 0 0
293 3 0 0 0
293 3 1 2.61324e-15 -3.58719e-15
293 3 2 0 0
293 3 3 -2.50516e-06 -2.1582e-11
294 0 0 -2.47302e-06 -2.32876e-11
294 0 1 0 0
294 0 2 1.62478e-14 4.08916e-15
294 0 3 0 0
294 1 0 0 0
294 1 1 -2.47302e-06 -2.32876e-11
294 1 2 0 0
294 1 3 1.62478e-14 4.08916e-15
294 2 0 1.95555e-15 -3.87181e-15
294 2 1 0 0
294 2 2 -2.47302e-06 -2.33054e-11
294 2 3 0 0
294 3 0 0 0
294 3 1 1.95555e-15 -3.87181e-15
294 3 2 0 0
294 3 3 -2.47302e-06 -2.33054e-11
295 0 0 -2.44158e-06 -2.4757e-11
295 0 1 0 0
295 0 2 1.65823e-14 4.34649e-15
295 0 3 0 0
295 1 0 0 0
295 1 1 -2.44158e-06 -2.4757e-11
295 1 2 0 0
295 1 3 1.65823e-14 4.34649e-15
295 2 0 1.39654e-15 -4.11448e-15
295 2 1 0 0
295 2 2 -2.44158e-06 -2.47761e-11
295 2 3 0 0
295 3 0 0 0
295 3 1 1.39654e-15 -4.11448e-15
295 3 2 0 0
295 3 3 -2.44158e-06 -2.47761e-11
296 0 0 -2.41082e-06 -2.59676e-11
296 0 1 0 0
296 0 2 1.68591e-14 4.55837e-15
296 0 3 0 0
296 1 0 0 0
296 1 1 -2.41082e-06 -2.59676e-11
296 1 2 0 0
296 1 3 1.68591e-14 4.55837e-15
296 2 0 9.38479e-16 -4.31414e-15
296 2 1 0 0
296 2 2 -2.41082e-06 -2.59875e-11
296 2 3 0 0
296 3 0 0 0
296 3 1 9.38479e-16 -4.31414e-15
296 3 2 0 0
296 3 3 -2.41082e-06 -2.59875e-11
297 0 0 -2.38073e-06 -2.69153e-11
297 0 1 0 0
297 0 2 1.70772e-14 4.72414e-15
297 0 3 0 0
297 1 0 0 0
297 1 1 -2.38073e-06 -2.69153e-11
297 1 2 0 0
297 1 3 1.70772e-14 4.72414e-15
297 2 0 5.82663e-16 -4.47018e-15
297 2 1 0 0
297 2 2 -2.38073e-06 -2.6936e-11
297 2 3 0 0
297 3 0 0 0
297 3 1 5.82663e-16 -4.47018e-15
297 3 2 0 0
297 3 3 -2.38073e-06 -2.6936e-11
298 0 0 -2.35131e-06 -2.75989e-11
298 0 1 0 0
298 0 2 1.72363e-14 4.84356e-15
298 0 3 0 0
298 1 0 0 0
298 1 1 -2.35131e-06 -2.75989e-11
298 1 2 0 0
298 1 3 1.72363e-14 4.84356e-15
298 2 0 3.29459e-16 -4.58239e-15
298 2 1 0 0
298 2 2 -2.35131e-06 -2.76202e-11
298 2 3 0 0
298 3 0 0 0
298 3 1 3.29459e-16 -4.58239e-15
298 3 2 0 0
298 3 3 -2.35131e-06 -2.76202e-11
299 0 0 -2.32253e-06 -2.80194e-11
299 0 1 0 0
299 0 2 1.73364e-14 4.91682e-15
299 0 3 0 0
299 1 0 0 0
299 1 1 -2.32253e-06 -2.80194e-11
299 1 2 0 0
299 1 3 1.73364e-14 4.91682e-15
299 2 0 1.78326e-16 -4.65094e-15
299 2 1 0 0
299 2 2 -2.32253e-06 -2.8041e-11
299 2 3 0 0
299 3 0 0 0
299 3 1 1.78326e-16 -4.65094e-15
299 3 2 0 0
299 3 3 -2.32253e-06 -2.8041e-11
300 0 0 -2.29441e-06 -2.81802e-11
300 0 1 0 0
300 0 2 1.73782e-14 4.94451e-15
300 0 3 0 0
300 1 0 0 0
300 1 1 -2.29441e-06 -2.81802e-11
300 1 2 0 0
300 1 3 1.73782e-14 4.94451e-15
300 2 0 1.27851e-16 -4.67641e-15
300 2 1 0 0
300 2 2 -2.29441e-06 -2.82019e-11
300 2 3 0 0
300 3 0 0 0
300 3 1 1.27851e-16 -4.67641e-15
300 3 2 0 0
300 3 3 -2.29441e-06 -2.82019e-11
301 0 0 -2.26692e-06 -2.80867e-11
301 0 1 0 0
301 0 2 1.7363e-14 4.92761e-15
301 0 3 0 0
301 1 0 0 0
301 1 1 -2.26692e-06 -2.80867e-11
301 1 2 0 0
301 1 3 1.7363e-14 4.92761e-15
301 2 0 1.75793e-16 -4.65972e-15
301 2 1 0 0
301 2 2 -2.26692e-06 -2.81084e-11
301 2 3 0 0
301 3 0 0 0
301 3 1 1.75793e-16 -4.65972e-15
301 3 2 0 0
301 3 3 -2.26692e-06 -2.81084e-11
302 0 0 -2.24005e-06 -2.77467e-11
302 0 1 0 0
302 0 2 1.72924e-14 4.86746e-15
302 0 3 0 0
302 1 0 0 0
302 1 1 -2.24005e-06 -2.77467e-11
302 1 2 0 0
302 1 3 1.72924e-14 4.86746e-15
302 2 0 3.19124e-16 -4.60215e-15
302 2 1 0 0
302 2 2 -2.24005e-06 -2.77681e-11
302 2 3 0 0
302 3 0 0 0
302 3 1 3.19124e-16 -4.60215e-15
302 3 2 0 0
302 3 3 -2.24005e-06 -2.77681e-11
303 0 0 -2.2138e-06 -2.71696e-11
303 0 1 0 0
303 0 2 1.71686e-14 4.76575e-15
303 0 3 0 0
303 1 0 0 0
303 1 1 -2.2138e-06 -2.71696e-11
303 1 2 0 0
303 1 3 1.71686e-14 4.76575e-15
303 2 0 5.54087e-16 -4.50529e-15
303 2 1 0 0
303 2 2 -2.2138e-06 -2.71907e-11
303 2 3 0 0
303 3 0 0 0
303 3 1 5.54087e-16 -4.50529e-15
303 3 2 0 0
303 3 3 -2.2138e-06 -2.71907e-11
304 0 0 -2.18815e-06 -2.63669e-11
304 0 1 0 0
304 0 2 1.69942e-14 4.62446e-15
304 0 3 0 0
304 1 0 0 0
304 1 1 -2.18815e-06 -2.63669e-11
304 1 2 0 0
304 1 3 1.69942e-14 4.62446e-15
304 2 0 8.76252e-16 -4.37104e-15
304 2 1 0 0
304 2 2 -2.18815e-06 -2.63873e-11
304 2 3 0 0
304 3 0 0 0
304 3 1 8.76252e-16 -4.37104e-15
304 3 2 0 0
304 3 3 -2.18815e-06 -2.63873e-11
305 0 0 -2.16311e-06 -2.53515e-11
305 0 1 0 0
305 0 2 1.6772e-14 4.44589e-15
305 0 3 0 0
305 1 0 0 0
305 1 1 -2.16311e-06 -2.53515e-11
305 1 2 0 0
305 1 3 1.6772e-14 4.44589e-15
305 2 0 1.28057e-15 -4.20157e-15
305 2 1 0 0
305 2 2 -2.16311e-06 -2.53712e-11
305 2 3 0 0
305 3 0 0 0
305 3 1 1.28057e-15 -4.20157e-15
305 3 2 0 0
305 3 3 -2.16311e-06 -2.53712e-11
306 0 0 -2.13866e-06 -2.4138e-11
306 0 1 0 0
306 0 2 1.65055e-14 4.23257e-15
306 0 3 0 0
306 1 0 0 0
306 1 1 -2.13866e-06 -2.4138e-11
306 1 2 0 0
306 1 3 1.65055e-14 4.23257e-15
306 2 0 1.76146e-15 -3.99928e-15
306 2 1 0 0
306 2 2 -2.13866e-06 -2.41567e-11
306 2 3 0 0
306 3 0 0 0
306 3 1 1.76146e-15 -3.99928e-15
306 3 2 0 0
306 3 3 -2.13866e-06 -2.41567e-11
307 0 0 -2.11478e-06 -2.2742e-11
307 0 1 0 0
307 0 2 1.61981e-14 3.98728e-15
307 0 3 0 0
307 1 0 0 0
307 1 1 -2.11478e-06 -2.2742e-11
307 1 2 0 0
307 1 3 1.61981e-14 3.98728e-15
307 2 0 2.31282e-15 -3.76679e-15
307 2 1 0 0
307 2 2 -2.11478e-06 -2.27597e-11
307 2 3 0 0
307 3 0 0 0
307 3 1 2.31282e-15 -3.76679e-15
307 3 2 0 0
307 3 3 -2.11478e-06 -2.27597e-11
308 0 0 -2.09149e-06 -2.11805e-11
308 0 1 0 0
308 0 2 1.58538e-14 3.71299e-15
308 0 3 0 0
308 1 0 0 0
308 1 1 -2.09149e-06 -2.11805e-11
308 1 2 0 0
308 1 3 1.58538e-14 3.71299e-15
308 2 0 2.92817e-15 -3.50692e-15
308 2 1 0 0
308 2 2 -2.09149e-06 -2.1197e-11
308 2 3 0 0
308 3 0 0 0
308 3 1 2.92817e-15 -3.50692e-15
308 3 2 0 0
308 3 3 -2.09149e-06 -2.1197e-11
309 0 0 -2.06875e-06 -1.94713e-11
309 0 1 0 0
309 0 2 1.54768e-14 3.41282e-15
309 0 3 0 0
309 1 0 0 0
309 1 1 -2.06875e-06 -1.94713e-11
309 1 2 0 0
309 1 3 1.54768e-14 3.41282e-15
309 2 0 3.60067e-15 -3.22263e-15
309 2 1 0 0
309 2 2 -2.06875e-06 -1.94865e-11
309 2 3 0 0
309 3 0 0 0
309 3 1 3.60067e-15 -3.22263e-15
309 3 2 0 0
309 3 3 -2.06875e-06 -1.94865e-11
310 0 0 -2.04658e-06 -1.76331e-11
310 0 1 0 0
310 0 2 1.50711e-14 3.09004e-15
310 0 3 0 0
310 1 0 0 0
310 1 1 -2.04658e-06 -1.76331e-11
310 1 2 0 0
310 1 3 1.50711e-14 3.09004e-15
310 2 0 4.3232e-15 -2.91701e-15
310 2 1 0 0
310 2 2 -2.04658e-06 -1.76469e-11
310 2 3 0 0
310 3 0 0 0
310 3 1 4.3232e-15 -2.91701e-15
310 3 2 0 0
310 3 3 -2.04658e-06 -1.76469e-11
311 0 0 -2.02496e-06 -1.5685e-11
311 0 1 0 0
311 0 2 1.46414e-14 2.74802e-15
311 0 3 0 0
311 1 0 0 0
311 1 1 -2.02496e-06 -1.5685e-11
311 1 2 0 0
311 1 3 1.46414e-14 2.74802e-15
311 2 0 5.08843e-15 -2.59324e-15
311 2 1 0 0
311 2 2 -2.02496e-06 -1.56972e-11
311 2 3 0 0
311 3 0 0 0
311 3 1 5.08843e-15 -2.59324e-15
311 3 2 0 0
311 3 3 -2.02496e-06 -1.56972e-11
312 0 0 -2.00388e-06 -1.36465e-11
312 0 1 0 0
312 0 2 1.41921e-14 2.39018e-15
312 0 3 0 0
312 1 0 0 0
312 1 1 -2.00388e-06 -1.36465e-11
312 1 2 0 0
312 1 3 1.41921e-14 2.39018e-15
312 2 0 5.88889e-15 -2.25457e-15
312 2 1 0 0
312 2 2 -2.00388e-06 -1.36572e-11
312 2 3 0 0
312 3 0 0 0
312 3 1 5.88889e-15 -2.25457e-15
312 3 2 0 0
312 3 3 -2.00388e-06 -1.36572e-11
313 0 0 -1.98334e-06 -1.15374e-11
313 0 1 0 0
313 0 2 1.37277e-14 2.02e-15
313 0 3 0 0
313 1 0 0 0
313 1 1 -1.98334e-06 -1.15374e-11
313 1 2 0 0
313 1 3 1.37277e-14 2.02e-15
313 2 0 6.71704e-15 -1.90429e-15
313 2 1 0 0
313 2 2 -1.98334e-06 -1.15465e-11
313 2 3 0 0
313 3 0 0 0
313 3 1 6.71704e-15 -1.90429e-15
313 3 2 0 0
313 3 3 -1.98334e-06 -1.15465e-11
314 0 0 -1.96333e-06 -9.37761e-12
314 0 1 0 0
314 0 2 1.32529e-14 1.64096e-15
314 0 3 0 0
314 1 0 0 0
314 1 1 -1.96333e-06 -9.37761e-12
314 1 2 0 0
314 1 3 1.32529e-14 1.64096e-15
314 2 0 7.56536e-15 -1.54568e-15
314 2 1 0 0
314 2 2 -1.96333e-06 -9.38502e-12
314 2 3 0 0
314 3 0 0 0
314 3 1 7.56536e-15 -1.54568e-15
314 3 2 0 0
314 3 3 -1.96333e-06 -9.38502e-12
315 0 0 -1.94384e-06 -7.18675e-12
315 0 1 0 0
315 0 2 1.27722e-14 1.25651e-15
315 0 3 0 0
315 1 0 0 0
315 1 1 -1.94384e-06 -7.18675e-12
315 1 2 0 0
315 1 3 1.27722e-14 1.25651e-15
315 2 0 8.42635e-15 -1.18201e-15
315 2 1 0 0
315 2 2 -1.94384e-06 -7.19247e-12
315 2 3 0 0
315 3 0 0 0
315 3 1 8.42635e-15 -1.18201e-15
315 3 2 0 0
315 3 3 -1.94384e-06 -7.19247e-12
316 0 0 -1.92487e-06 -4.98425e-12
316 0 1 0 0
316 0 2 1.22902e-14 8.70052e-16
316 0 3 0 0
316 1 0 0 0
316 1 1 -1.92487e-06 -4.98425e-12
316 1 2 0 0
316 1 3 1.22902e-14 8.70052e-16
316 2 0 9.29264e-15 -8.16498e-16
316 2 1 0 0
316 2 2 -1.92487e-06 -4.98827e-12
316 2 3 0 0
316 3 0 0 0
316 3 1 9.29264e-15 -8.16498e-16
316 3 2 0 0
316 3 3 -1.92487e-06 -4.98827e-12
317 0 0 -1.9064e-06 -2.78906e-12
317 0 1 0 0
317 0 2 1.18113e-14 4.84918e-16
317 0 3 0 0
317 1 0 0 0
317 1 1 -1.9064e-06 -2.78906e-12
317 1 2 0 0
317 1 3 1.18113e-14 4.84918e-16
317 2 0 1.01571e-14 -4.52292e-16
317 2 1 0 0
317 2 2 -1.9064e-06 -2.79138e-12
317 2 3 0 0
317 3 0 0 0
317 3 1 1.01571e-14 -4.52292e-16
317 3 2 0 0
317 3 3 -1.9064e-06 -2.79138e-12
318 0 0 -1.88844e-06 -6.19558e-13
318 0 1 0 0
318 0 2 1.13396e-14 1.04329e-16
318 0 3 0 0
318 1 0 0 0
318 1 1 -1.88844e-06 -6.19558e-13
318 1 2 0 0
318 1 3 1.13396e-14 1.04329e-16
318 2 0 1.10127e-14 -9.24368e-17
318 2 1 0 0
318 2 2 -1.88844e-06 -6.20203e-13
318 2 3 0 0
318 3 0 0 0
318 3 1 1.10127e-14 -9.24368e-17
318 3 2 0 0
318 3 3 -1.88844e-06 -6.20203e-13
319 0 0 -1.87098e-06 1.5066e-12
319 0 1 0 0
319 0 2 1.08794e-14 -2.68619e-16
319 0 3 0 0
319 1 0 0 0
319 1 1 -1.87098e-06 1.5066e-12
319 1 2 0 0
319 1 3 1.08794e-14 -2.68619e-16
319 2 0 1.18527e-14 2.60143e-16
319 2 1 0 0
319 2 2 -1.87098e-06 1.5076e-12
319 2 3 0 0
319 3 0 0 0
319 3 1 1.18527e-14 2.60143e-16
319 3 2 0 0
319 3 3 -1.87098e-06 1.5076e-12
320 0 0 -1.854e-06 3.57262e-12
320 0 1 0 0
320 0 2 1.04346e-14 -6.30981e-16
320 0 3 0 0
320 1 0 0 0
320 1 1 -1.854e-06 3.57262e-12
320 1 2 0 0
320 1 3 1.04346e-14 -6.30981e-16
320 2 0 1.2671e-14 6.02661e-16
320 2 1 0 0
320 2 2 -1.854e-06 3.57522e-12
320 2 3 0 0
320 3 0 0 0
320 3 1 1.2671e-14 6.02661e-16
320 3 2 0 0
320 3 3 -1.854e-06 3.57522e-12
321 0 0 -1.83751e-06 5.56264e-12
321 0 1 0 0
321 0 2 1.00089e-14 -9.79977e-16
321 0 3 0 0
321 1 0 0 0
321 1 1 -1.83751e-06 5.56264e-12
321 1 2 0 0
321 1 3 1.00089e-14 -9.79977e-16
321 2 0 1.34614e-14 9.32494e-16
321 2 1 0 0
321 2 2 -1.83751e-06 5.56678e-12
321 2 3 0 0
321 3 0 0 0
321 3 1 1.34614e-14 9.32494e-16
321 3 2 0 0
321 3 3 -1.83751e-06 5.56678e-12
322 0 0 -1.8215e-06 7.46188e-12
322 0 1 0 0
322 0 2 9.60575e-15 -1.31302e-15
322 0 3 0 0
322 1 0 0 0
322 1 1 -1.8215e-06 7.46188e-12
322 1 2 0 0
322 1 3 9.60575e-15 -1.31302e-15
322 2 0 1.42185e-14 1.24719e-15
322 2 1 0 0
322 2 2 -1.8215e-06 7.4675e-12
322 2 3 0 0
322 3 0 0 0
322 3 1 1.42185e-14 1.24719e-15
322 3 2 0 0
322 3 3 -1.8215e-06 7.4675e-12
323 0 0 -1.80597e-06 9.25673e-12
323 0 1 0 0
323 0 2 9.22832e-15 -1.62771e-15
323 0 3 0 0
323 1 0 0 0
323 1 1 -1.80597e-06 9.25673e-12
323 1 2 0 0
323 1 3 9.22832e-15 -1.62771e-15
323 2 0 1.49371e-14 1.54451e-15
323 2 1 0 0
323 2 2 -1.80597e-06 9.26374e-12
323 2 3 0 0
323 3 0 0 0
323 3 1 1.49371e-14 1.54451e-15
323 3 2 0 0
323 3 3 -1.80597e-06 9.26374e-12
324 0 0 -1.7909e-06 1.09348e-11
324 0 1 0 0
324 0 2 8.87956e-15 -1.92189e-15
324 0 3 0 0
324 1 0 0 0
324 1 1 -1.7909e-06 1.09348e-11
324 1 2 0 0
324 1 3 8.87956e-15 -1.92189e-15
324 2 0 1.56125e-14 1.82238e-15
324 2 1 0 0
324 2 2 -1.7909e-06 1.09431e-11
324 2 3 0 0
324 3 0 0 0
324 3 1 1.56125e-14 1.82238e-15
324 3 2 0 0
324 3 3 -1.7909e-06 1.09431e-11
325 0 0 -1.77629e-06 1.24849e-11
325 0 1 0 0
325 0 2 8.56208e-15 -2.1936e-15
325 0 3 0 0
325 1 0 0 0
325 1 1 -1.77629e-06 1.24849e-11
325 1 2 0 0
325 1 3 8.56208e-15 -2.1936e-15
325 2 0 1.62407e-14 2.07897e-15
325 2 1 0 0
325 2 2 -1.77629e-06 1.24944e-11
325 2 3 0 0
325 3 0 0 0
325 3 1 1.62407e-14 2.07897e-15
325 3 2 0 0
325 3 3 -1.77629e-06 1.24944e-11
326 0 0 -1.76215e-06 1.38974e-11
326 0 1 0 0
326 0 2 8.2782e-15 -2.44114e-15
326 0 3 0 0
326 1 0 0 0
326 1 1 -1.76215e-06 1.38974e-11
326 1 2 0 0
326 1 3 8.2782e-15 -2.44114e-15
326 2 0 1.6818e-14 2.31267e-15
326 2 1 0 0
326 2 2 -1.76215e-06 1.3908e-11
326 2 3 0 0
326 3 0 0 0
326 3 1 1.6818e-14 2.31267e-15
326 3 2 0 0
326 3 3 -1.76215e-06 1.3908e-11
327 0 0 -1.74845e-06 1.51638e-11
327 0 1 0 0
327 0 2 8.02991e-15 -2.66304e-15
327 0 3 0 0
327 1 0 0 0
327 1 1 -1.74845e-06 1.51638e-11
327 1 2 0 0
327 1 3 8.02991e-15 -2.66304e-15
327 2 0 1.73413e-14 2.52211e-15
327 2 1 0 0
327 2 2 -1.74845e-06 1.51755e-11
327 2 3 0 0
327 3 0 0 0
327 3 1 1.73413e-14 2.52211e-15
327 3 2 0 0
327 3 3 -1.74845e-06 1.51755e-11
328 0 0 -1.7352e-06 1.62773e-11
328 0 1 0 0
328 0 2 7.81886e-15 -2.85808e-15
328 0 3 0 0
328 1 0 0 0
328 1 1 -1.7352e-06 1.62773e-11
328 1 2 0 0
328 1 3 7.81886e-15 -2.85808e-15
328 2 0 1.7808e-14 2.70612e-15
328 2 1 0 0
328 2 2 -1.7352e-06 1.62898e-11
328 2 3 0 0
328 3 0 0 0
328 3 1 1.7808e-14 2.70612e-15
328 3 2 0 0
328 3 3 -1.7352e-06 1.62898e-11
329 0 0 -1.72239e-06 1.72323e-11
329 0 1 0 0
329 0 2 7.64639e-15 -3.0253e-15
329 0 3 0 0
329 1 0 0 0
329 1 1 -1.72239e-06 1.72323e-11
329 1 2 0 0
329 1 3 7.64639e-15 -3.0253e-15
329 2 0 1.82161e-14 2.86381e-15
329 2 1 0 0
329 2 2 -1.72239e-06 1.72455e-11
329 2 3 0 0
329 3 0 0 0
329 3 1 1.82161e-14 2.86381e-15
329 3 2 0 0
329 3 3 -1.72239e-06 1.72455e-11
330 0 0 -1.71002e-06 1.80246e-11
330 0 1 0 0
330 0 2 7.5135e-15 -3.16399e-15
330 0 3 0 0
330 1 0 0 0
330 1 1 -1.71002e-06 1.80246e-11
330 1 2 0 0
330 1 3 7.5135e-15 -3.16399e-15
330 2 0 1.85643e-14 2.9945e-15
330 2 1 0 0
330 2 2 -1.71002e-06 1.80385e-11
330 2 3 0 0
330 3 0 0 0
330 3 1 1.85643e-14 2.9945e-15
330 3 2 0 0
330 3 3 -1.71002e-06 1.80385e-11
331 0 0 -1.69809e-06 1.86518e-11
331 0 1 0 0
331 0 2 7.42086e-15 -3.27368e-15
331 0 3 0 0
331 1 0 0 0
331 1 1 -1.69809e-06 1.86518e-11
331 1 2 0 0
331 1 3 7.42086e-15 -3.27368e-15
331 2 0 1.88514e-14 3.09776e-15
331 2 1 0 0
331 2 2 -1.69809e-06 1.86661e-11
331 2 3 0 0
331 3 0 0 0
331 3 1 1.88514e-14 3.09776e-15
331 3 2 0 0
331 3 3 -1.69809e-06 1.86661e-11
332 0 0 -1.68658e-06 1.91124e-11
332 0 1 0 0
332 0 2 7.36881e-15 -3.35416e-15
332 0 3 0 0
332 1 0 0 0
332 1 1 -1.68658e-06 1.91124e-11
332 1 2 0 0
332 1 3 7.36881e-15 -3.35416e-15
332 2 0 1.90772e-14 3.17338e-15
332 2 1 0 0
332 2 2 -1.68658e-06 1.91271e-11
332 2 3 0 0
332 3 0 0 0
332 3 1 1.90772e-14 3.17338e-15
332 3 2 0 0
332 3 3 -1.68658e-06 1.91271e-11
333 0 0 -1.6755e-06 1.94066e-11
333 0 1 0 0
333 0 2 7.35737e-15 -3.40544e-15
333 0 3 0 0
333 1 0 0 0
333 1 1 -1.6755e-06 1.94066e-11
333 1 2 0 0
333 1 3 7.35737e-15 -3.40544e-15
333 2 0 1.92418e-14 3.2214e-15
333 2 1 0 0
333 2 2 -1.6755e-06 1.94216e-11
333 2 3 0 0
333 3 0 0 0
333 3 1 1.92418e-14 3.2214e-15
333 3 2 0 0
333 3 3 -1.6755e-06 1.94216e-11
334 0 0 -1.66483e-06 1.9536e-11
334 0 1 0 0
334 0 2 7.38626e-15 -3.42779e-15
334 0 3 0 0
334 1 0 0 0
334 1 1 -1.66483e-06 1.9536e-11
334 1 2 0 0
334 1 3 7.38626e-15 -3.42779e-15
334 2 0 1.93458e-14 3.24206e-15
334 2 1 0 0
334 2 2 -1.66483e-06 1.95511e-11
334 2 3 0 0
334 3 0 0 0
334 3 1 1.93458e-14 3.24206e-15
334 3 2 0 0
334 3 3 -1.66483e-06 1.95511e-11
335 0 0 -1.65459e-06 1.95031e-11
335 0 1 0 0
335 0 2 7.45488e-15 -3.4217e-15
335 0 3 0 0
335 1 0 0 0
335 1 1 -1.65459e-06 1.95031e-11
335 1 2 0 0
335 1 3 7.45488e-15 -3.4217e-15
335 2 0 1.93904e-14 3.23582e-15
335 2 1 0 0
335 2 2 -1.65459e-06 1.95182e-11
335 2 3 0 0
335 3 0 0 0
335 3 1 1.93904e-14 3.23582e-15
335 3 2 0 0
335 3 3 -1.65459e-06 1.95182e-11
336 0 0 -1.64475e-06 1.93121e-11
336 0 1 0 0
336 0 2 7.56236e-15 -3.38785e-15
336 0 3 0 0
336 1 0 0 0
336 1 1 -1.64475e-06 1.93121e-11
336 1 2 0 0
336 1 3 7.56236e-15 -3.38785e-15
336 2 0 1.93771e-14 3.20336e-15
336 2 1 0 0
336 2 2 -1.64475e-06 1.9327e-11
336 2 3 0 0
336 3 0 0 0
336 3 1 1.93771e-14 3.20336e-15
336 3 2 0 0
336 3 3 -1.64475e-06 1.9327e-11
337 0 0 -1.63532e-06 1.8968e-11
337 0 1 0 0
337 0 2 7.70754e-15 -3.32717e-15
337 0 3 0 0
337 1 0 0 0
337 1 1 -1.63532e-06 1.8968e-11
337 1 2 0 0
337 1 3 7.70754e-15 -3.32717e-15
337 2 0 1.93079e-14 3.14552e-15
337 2 1 0 0
337 2 2 -1.63532e-06 1.89827e-11
337 2 3 0 0
337 3 0 0 0
337 3 1 1.93079e-14 3.14552e-15
337 3 2 0 0
337 3 3 -1.63532e-06 1.89827e-11
338 0 0 -1.6263e-06 1.84771e-11
338 0 1 0 0
338 0 2 7.88903e-15 -3.24074e-15
338 0 3 0 0
338 1 0 0 0
338 1 1 -1.6263e-06 1.84771e-11
338 1 2 0 0
338 1 3 7.88903e-15 -3.24074e-15
338 2 0 1.91853e-14 3.06336e-15
338 2 1 0 0
338 2 2 -1.6263e-06 1.84914e-11
338 2 3 0 0
338 3 0 0 0
338 3 1 1.91853e-14 3.06336e-15
338 3 2 0 0
338 3 3 -1.6263e-06 1.84914e-11
339 0 0 -1.61768e-06 1.78467e-11
339 0 1 0 0
339 0 2 8.10519e-15 -3.12984e-15
339 0 3 0 0
339 1 0 0 0
339 1 1 -1.61768e-06 1.78467e-11
339 1 2 0 0
339 1 3 8.10519e-15 -3.12984e-15
339 2 0 1.90122e-14 2.95807e-15
339 2 1 0 0
339 2 2 -1.61768e-06 1.78605e-11
339 2 3 0 0
339 3 0 0 0
339 3 1 1.90122e-14 2.95807e-15
339 3 2 0 0
339 3 3 -1.61768e-06 1.78605e-11
340 0 0 -1.60945e-06 1.70849e-11
340 0 1 0 0
340 0 2 8.35414e-15 -2.99591e-15
340 0 3 0 0
340 1 0 0 0
340 1 1 -1.60945e-06 1.70849e-11
340 1 2 0 0
340 1 3 8.35414e-15 -2.99591e-15
340 2 0 1.87917e-14 2.83103e-15
340 2 1 0 0
340 2 2 -1.60945e-06 1.70981e-11
340 2 3 0 0
340 3 0 0 0
340 3 1 1.87917e-14 2.83103e-15
340 3 2 0 0
340 3 3 -1.60945e-06 1.70981e-11
341 0 0 -1.60162e-06 1.62007e-11
341 0 1 0 0
341 0 2 8.63384e-15 -2.84053e-15
341 0 3 0 0
341 1 0 0 0
341 1 1 -1.60162e-06 1.62007e-11
341 1 2 0 0
341 1 3 8.63384e-15 -2.84053e-15
341 2 0 1.85272e-14 2.68373e-15
341 2 1 0 0
341 2 2 -1.60162e-06 1.62133e-11
341 2 3 0 0
341 3 0 0 0
341 3 1 1.85272e-14 2.68373e-15
341 3 2 0 0
341 3 3 -1.60162e-06 1.62133e-11
342 0 0 -1.59417e-06 1.52039e-11
342 0 1 0 0
342 0 2 8.94205e-15 -2.66541e-15
342 0 3 0 0
342 1 0 0 0
342 1 1 -1.59417e-06 1.52039e-11
342 1 2 0 0
342 1 3 8.94205e-15 -2.66541e-15
342 2 0 1.82226e-14 2.51779e-15
342 2 1 0 0
342 2 2 -1.59417e-06 1.52157e-11
342 2 3 0 0
342 3 0 0 0
342 3 1 1.82226e-14 2.51779e-15
342 3 2 0 0
342 3 3 -1.59417e-06 1.52157e-11
343 0 0 -1.58712e-06 1.4105e-11
343 0 1 0 0
343 0 2 9.27639e-15 -2.47239e-15
343 0 3 0 0
343 1 0 0 0
343 1 1 -1.58712e-06 1.4105e-11
343 1 2 0 0
343 1 3 9.27639e-15 -2.47239e-15
343 2 0 1.78818e-14 2.33495e-15
343 2 1 0 0
343 2 2 -1.58712e-06 1.4116e-11
343 2 3 0 0
343 3 0 0 0
343 3 1 1.78818e-14 2.33495e-15
343 3 2 0 0
343 3 3 -1.58712e-06 1.4116e-11
344 0 0 -1.58045e-06 1.29148e-11
344 0 1 0 0
344 0 2 9.63432e-15 -2.26339e-15
344 0 3 0 0
344 1 0 0 0
344 1 1 -1.58045e-06 1.29148e-11
344 1 2 0 0
344 1 3 9.63432e-15 -2.26339e-15
344 2 0 1.7509e-14 2.13703e-15
344 2 1 0 0
344 2 2 -1.58045e-06 1.29249e-11
344 2 3 0 0
344 3 0 0 0
344 3 1 1.7509e-14 2.13703e-15
344 3 2 0 0
344 3 3 -1.58045e-06 1.29249e-11
345 0 0 -1.57416e-06 1.16449e-11
345 0 1 0 0
345 0 2 1.00132e-14 -2.04042e-15
345 0 3 0 0
345 1 0 0 0
345 1 1 -1.57416e-06 1.16449e-11
345 1 2 0 0
345 1 3 1.00132e-14 -2.04042e-15
345 2 0 1.71087e-14 1.92593e-15
345 2 1 0 0
345 2 2 -1.57416e-06 1.1654e-11
345 2 3 0 0
345 3 0 0 0
345 3 1 1.71087e-14 1.92593e-15
345 3 2 0 0
345 3 3 -1.57416e-06 1.1654e-11
346 0 0 -1.56825e-06 1.0307e-11
346 0 1 0 0
346 0 2 1.04104e-14 -1.80554e-15
346 0 3 0 0
346 1 0 0 0
346 1 1 -1.56825e-06 1.0307e-11
346 1 2 0 0
346 1 3 1.04104e-14 -1.80554e-15
346 2 0 1.66854e-14 1.70361e-15
346 2 1 0 0
346 2 2 -1.56825e-06 1.0315e-11
346 2 3 0 0
346 3 0 0 0
346 3 1 1.66854e-14 1.70361e-15
346 3 2 0 0
346 3 3 -1.56825e-06 1.0315e-11
347 0 0 -1.56271e-06 8.91304e-12
347 0 1 0 0
347 0 2 1.08231e-14 -1.56087e-15
347 0 3 0 0
347 1 0 0 0
347 1 1 -1.56271e-06 8.91304e-12
347 1 2 0 0
347 1 3 1.08231e-14 -1.56087e-15
347 2 0 1.62435e-14 1.47205e-15
347 2 1 0 0
347 2 2 -1.56271e-06 8.92004e-12
347 2 3 0 0
347 3 0 0 0
347 3 1 1.62435e-14 1.47205e-15
347 3 2 0 0
347 3 3 -1.56271e-06 8.92004e-12
348 0 0 -1.55754e-06 7.47533e-12
348 0 1 0 0
348 0 2 1.12484e-14 -1.30853e-15
348 0 3 0 0
348 1 0 0 0
348 1 1 -1.55754e-06 7.47533e-12
348 1 2 0 0
348 1 3 1.12484e-14 -1.30853e-15
348 2 0 1.57878e-14 1.23329e-15
348 2 1 0 0
348 2 2 -1.55754e-06 7.48122e-12
348 2 3 0 0
348 3 0 0 0
348 3 1 1.57878e-14 1.23329e-15
348 3 2 0 0
348 3 3 -1.55754e-06 7.48122e-12
349 0 0 -1.55275e-06 6.00605e-12
349 0 1 0 0
349 0 2 1.16836e-14 -1.05069e-15
349 0 3 0 0
349 1 0 0 0
349 1 1 -1.55275e-06 6.00605e-12
349 1 2 0 0
349 1 3 1.16836e-14 -1.05069e-15
349 2 0 1.5323e-14 9.89352e-16
349 2 1 0 0
349 2 2 -1.55275e-06 6.01081e-12
349 2 3 0 0
349 3 0 0 0
349 3 1 1.5323e-14 9.89352e-16
349 3 2 0 0
349 3 3 -1.55275e-06 6.01081e-12
350 0 0 -1.54832e-06 4.5174e-12
350 0 1 0 0
350 0 2 1.21258e-14 -7.89468e-16
350 0 3 0 0
350 1 0 0 0
350 1 1 -1.54832e-06 4.5174e-12
350 1 2 0 0
350 1 3 1.21258e-14 -7.89468e-16
350 2 0 1.48536e-14 7.42259e-16
350 2 1 0 0
350 2 2 -1.54832e-06 4.52101e-12
350 2 3 0 0
350 3 0 0 0
350 3 1 1.48536e-14 7.42259e-16
350 3 2 0 0
350 3 3 -1.54832e-06 4.52101e-12
351 0 0 -1.54426e-06 3.02145e-12
351 0 1 0 0
351 0 2 1.25723e-14 -5.26992e-16
351 0 3 0 0
351 1 0 0 0
351 1 1 -1.54426e-06 3.02145e-12
351 1 2 0 0
351 1 3 1.25723e-14 -5.26992e-16
351 2 0 1.43843e-14 4.94013e-16
351 2 1 0 0
351 2 2 -1.54426e-06 3.0239e-12
351 2 3 0 0
351 3 0 0 0
351 3 1 1.43843e-14 4.94013e-16
351 3 2 0 0
351 3 3 -1.54426e-06 3.0239e-12
352 0 0 -1.54056e-06 1.53003e-12
352 0 1 0 0
352 0 2 1.30202e-14 -2.65337e-16
352 0 3 0 0
352 1 0 0 0
352 1 1 -1.54056e-06 1.53003e-12
352 1 2 0 0
352 1 3 1.30202e-14 -2.65337e-16
352 2 0 1.39196e-14 2.46579e-16
352 2 1 0 0
352 2 2 -1.54056e-06 1.53133e-12
352 2 3 0 0
352 3 0 0 0
352 3 1 1.39196e-14 2.46579e-16
352 3 2 0 0
352 3 3 -1.54056e-06 1.53133e-12
353 0 0 -1.53722e-06 5.46792e-14
353 0 1 0 0
353 0 2 1.34669e-14 -6.52692e-18
353 0 3 0 0
353 1 0 0 0
353 1 1 -1.53722e-06 5.46792e-14
353 1 2 0 0
353 1 3 1.34669e-14 -6.52692e-18
353 2 0 1.34637e-14 1.86903e-18
353 2 1 0 0
353 2 2 -1.53722e-06 5.48412e-14
353 2 3 0 0
353 3 0 0 0
353 3 1 1.34637e-14 1.86903e-18
353 3 2 0 0
353 3 3 -1.53722e-06 5.48412e-14
354 0 0 -1.53424e-06 -1.39344e-12
354 0 1 0 0
354 0 2 1.39099e-14 2.47483e-16
354 0 3 0 0
354 1 0 0 0
354 1 1 -1.53424e-06 -1.39344e-12
354 1 2 0 0
354 1 3 1.39099e-14 2.47483e-16
354 2 0 1.3021e-14 -2.38269e-16
354 2 1 0 0
354 2 2 -1.53424e-06 -1.3944e-12
354 2 3 0 0
354 3 0 0 0
354 3 1 1.3021e-14 -2.38269e-16
354 3 2 0 0
354 3 3 -1.53424e-06 -1.3944e-12
355 0 0 -1.53162e-06 -2.80365e-12
355 0 1 0 0
355 0 2 1.43465e-14 4.94819e-16
355 0 3 0 0
355 1 0 0 0
355 1 1 -1.53162e-06 -2.80365e-12
355 1 2 0 0
355 1 3 1.43465e-14 4.94819e-16
355 2 0 1.25956e-14 -4.72062e-16
355 2 1 0 0
355 2 2 -1.53162e-06 -2.8057e-12
355 2 3 0 0
355 3 0 0 0
355 3 1 1.25956e-14 -4.72062e-16
355 3 2 0 0
355 3 3 -1.53162e-06 -2.8057e-12
356 0 0 -1.52935e-06 -4.16578e-12
356 0 1 0 0
356 0 2 1.47746e-14 7.33698e-16
356 0 3 0 0
356 1 0 0 0
356 1 1 -1.52935e-06 -4.16578e-12
356 1 2 0 0
356 1 3 1.47746e-14 7.33698e-16
356 2 0 1.21911e-14 -6.97828e-16
356 2 1 0 0
356 2 2 -1.52935e-06 -4.16889e-12
356 2 3 0 0
356 3 0 0 0
356 3 1 1.21911e-14 -6.97828e-16
356 3 2 0 0
356 3 3 -1.52935e-06 -4.16889e-12
357 0 0 -1.52743e-06 -5.47027e-12
357 0 1 0 0
357 0 2 1.51917e-14 9.62444e-16
357 0 3 0 0
357 1 0 0 0
357 1 1 -1.52743e-06 -5.47027e-12
357 1 2 0 0
357 1 3 1.51917e-14 9.62444e-16
357 2 0 1.18113e-14 -9.13983e-16
357 2 1 0 0
357 2 2 -1.52743e-06 -5.47439e-12
357 2 3 0 0
357 3 0 0 0
357 3 1 1.18113e-14 -9.13983e-16
357 3 2 0 0
357 3 3 -1.52743e-06 -5.47439e-12
358 0 0 -1.52587e-06 -6.70821e-12
358 0 1 0 0
358 0 2 1.55959e-14 1.17949e-15
358 0 3 0 0
358 1 0 0 0
358 1 1 -1.52587e-06 -6.70821e-12
358 1 2 0 0
358 1 3 1.55959e-14 1.17949e-15
358 2 0 1.14596e-14 -1.11905e-15
358 2 1 0 0
358 2 2 -1.52587e-06 -6.71329e-12
358 2 3 0 0
358 3 0 0 0
358 3 1 1.14596e-14 -1.11905e-15
358 3 2 0 0
358 3 3 -1.52587e-06 -6.71329e-12
359 0 0 -1.52465e-06 -7.87138e-12
359 0 1 0 0
359 0 2 1.59853e-14 1.38341e-15
359 0 3 0 0
359 1 0 0 0
359 1 1 -1.52465e-06 -7.87138e-12
359 1 2 0 0
359 1 3 1.59853e-14 1.38341e-15
359 2 0 1.11389e-14 -1.31167e-15
359 2 1 0 0
359 2 2 -1.52465e-06 -7.87737e-12
359 2 3 0 0
359 3 0 0 0
359 3 1 1.11389e-14 -1.31167e-15
359 3 2 0 0
359 3 3 -1.52465e-06 -7.87737e-12
360 0 0 -1.52378e-06 -8.95231e-12
360 0 1 0 0
360 0 2 1.6358e-14 1.57288e-15
360 0 3 0 0
360 1 0 0 0
360 1 1 -1.52378e-06 -8.95231e-12
360 1 2 0 0
360 1 3 1.6358e-14 1.57288e-15
360 2 0 1.08521e-14 -1.49061e-15
360 2 1 0 0
360 2 2 -1.52378e-06 -8.95914e-12
360 2 3 0 0
360 3 0 0 0
360 3 1 1.08521e-14 -1.49061e-15
360 3 2 0 0
360 3 3 -1.52378e-06 -8.95914e-12
361 0 0 -1.52326e-06 -9.94434e-12
361 0 1 0 0
361 0 2 1.67125e-14 1.74674e-15
361 0 3 0 0
361 1 0 0 0
361 1 1 -1.52326e-06 -9.94434e-12
361 1 2 0 0
361 1 3 1.67125e-14 1.74674e-15
361 2 0 1.06017e-14 -1.65476e-15
361 2 1 0 0
361 2 2 -1.52326e-06 -9.95194e-12
361 2 3 0 0
361 3 0 0 0
361 3 1 1.06017e-14 -1.65476e-15
361 3 2 0 0
361 3 3 -1.52326e-06 -9.95194e-12
362 0 0 -1.52308e-06 -1.08416e-11
362 0 1 0 0
362 0 2 1.70475e-14 1.90395e-15
362 0 3 0 0
362 1 0 0 0
362 1 1 -1.52308e-06 -1.08416e-11
362 1 2 0 0
362 1 3 1.70475e-14 1.90395e-15
362 2 0 1.03899e-14 -1.80316e-15
362 2 1 0 0
362 2 2 -1.52308e-06 -1.08499e-11
362 2 3 0 0
362 3 0 0 0
362 3 1 1.03899e-14 -1.80316e-15
362 3 2 0 0
362 3 3 -1.52308e-06 -1.08499e-11
363 0 0 -1.52325e-06 -1.16391e-11
363 0 1 0 0
363 0 2 1.73617e-14 2.04365e-15
363 0 3 0 0
363 1 0 0 0
363 1 1 -1.52325e-06 -1.16391e-11
363 1 2 0 0
363 1 3 1.73617e-14 2.04365e-15
363 2 0 1.02185e-14 -1.93498e-15
363 2 1 0 0
363 2 2 -1.52325e-06 -1.1648e-11
363 2 3 0 0
363 3 0 0 0
363 3 1 1.02185e-14 -1.93498e-15
363 3 2 0 0
363 3 3 -1.52325e-06 -1.1648e-11
364 0 0 -1.52376e-06 -1.23326e-11
364 0 1 0 0
364 0 2 1.76542e-14 2.1651e-15
364 0 3 0 0
364 1 0 0 0
364 1 1 -1.52376e-06 -1.23326e-11
364 1 2 0 0
364 1 3 1.76542e-14 2.1651e-15
364 2 0 1.00892e-14 -2.04952e-15
364 2 1 0 0
364 2 2 -1.52376e-06 -1.2342e-11
364 2 3 0 0
364 3 0 0 0
364 3 1 1.00892e-14 -2.04952e-15
364 3 2 0 0
364 3 3 -1.52376e-06 -1.2342e-11
365 0 0 -1.52461e-06 -1.29188e-11
365 0 1 0 0
365 0 2 1.79242e-14 2.26773e-15
365 0 3 0 0
365 1 0 0 0
365 1 1 -1.52461e-06 -1.29188e-11
365 1 2 0 0
365 1 3 1.79242e-14 2.26773e-15
365 2 0 1.00031e-14 -2.14626e-15
365 2 1 0 0
365 2 2 -1.52461e-06 -1.29288e-11
365 2 3 0 0
365 3 0 0 0
365 3 1 1.00031e-14 -2.14626e-15
365 3 2 0 0
365 3 3 -1.52461e-06 -1.29288e-11
366 0 0 -1.5258e-06 -1.33955e-11
366 0 1 0 0
366 0 2 1.8171e-14 2.35112e-15
366 0 3 0 0
366 1 0 0 0
366 1 1 -1.5258e-06 -1.33955e-11
366 1 2 0 0
366 1 3 1.8171e-14 2.35112e-15
366 2 0 9.96102e-15 -2.22479e-15
366 2 1 0 0
366 2 2 -1.5258e-06 -1.34058e-11
366 2 3 0 0
366 3 0 0 0
366 3 1 9.96102e-15 -2.22479e-15
366 3 2 0 0
366 3 3 -1.5258e-06 -1.34058e-11
367 0 0 -1.52732e-06 -1.37609e-11
367 0 1 0 0
367 0 2 1.83945e-14 2.41499e-15
367 0 3 0 0
367 1 0 0 0
367 1 1 -1.52732e-06 -1.37609e-11
367 1 2 0 0
367 1 3 1.83945e-14 2.41499e-15
367 2 0 9.96361e-15 -2.28487e-15
367 2 1 0 0
367 2 2 -1.52732e-06 -1.37715e-11
367 2 3 0 0
367 3 0 0 0
367 3 1 9.96361e-15 -2.28487e-15
367 3 2 0 0
367 3 3 -1.52732e-06 -1.37715e-11
368 0 0 -1.52919e-06 -1.40144e-11
368 0 1 0 0
368 0 2 1.85943e-14 2.45923e-15
368 0 3 0 0
368 1 0 0 0
368 1 1 -1.52919e-06 -1.40144e-11
368 1 2 0 0
368 1 3 1.85943e-14 2.45923e-15
368 2 0 1.0011e-14 -2.32637e-15
368 2 1 0 0
368 2 2 -1.52919e-06 -1.40252e-11
368 2 3 0 0
368 3 0 0 0
368 3 1 1.0011e-14 -2.32637e-15
368 3 2 0 0
368 3 3 -1.52919e-06 -1.40252e-11
369 0 0 -1.5314e-06 -1.41562e-11
369 0 1 0 0
369 0 2 1.87704e-14 2.48388e-15
369 0 3 0 0
369 1 0 0 0
369 1 1 -1.5314e-06 -1.41562e-11
369 1 2 0 0
369 1 3 1.87704e-14 2.48388e-15
369 2 0 1.01032e-14 -2.34935e-15
369 2 1 0 0
369 2 2 -1.5314e-06 -1.41672e-11
369 2 3 0 0
369 3 0 0 0
369 3 1 1.01032e-14 -2.34935e-15
369 3 2 0 0
369 3 3 -1.5314e-06 -1.41672e-11
370 0 0 -1.53394e-06 -1.41874e-11
370 0 1 0 0
370 0 2 1.89232e-14 2.4891e-15
370 0 3 0 0
370 1 0 0 0
370 1 1 -1.53394e-06 -1.41874e-11
370 1 2 0 0
370 1 3 1.89232e-14 2.4891e-15
370 2 0 1.02397e-14 -2.35396e-15
370 2 1 0 0
370 2 2 -1.53394e-06 -1.41983e-11
370 2 3 0 0
370 3 0 0 0
370 3 1 1.02397e-14 -2.35396e-15
370 3 2 0 0
370 3 3 -1.53394e-06 -1.41983e-11
371 0 0 -1.53682e-06 -1.41096e-11
371 0 1 0 0
371 0 2 1.9053e-14 2.47522e-15
371 0 3 0 0
371 1 0 0 0
371 1 1 -1.53682e-06 -1.41096e-11
371 1 2 0 0
371 1 3 1.9053e-14 2.47522e-15
371 2 0 1.04199e-14 -2.34051e-15
371 2 1 0 0
371 2 2 -1.53682e-06 -1.41205e-11
371 2 3 0 0
371 3 0 0 0
371 3 1 1.04199e-14 -2.34051e-15
371 3 2 0 0
371 3 3 -1.53682e-06 -1.41205e-11
372 0 0 -1.54004e-06 -1.39255e-11
372 0 1 0 0
372 0 2 1.91604e-14 2.4427e-15
372 0 3 0 0
372 1 0 0 0
372 1 1 -1.54004e-06 -1.39255e-11
372 1 2 0 0
372 1 3 1.91604e-14 2.4427e-15
372 2 0 1.06426e-14 -2.30943e-15
372 2 1 0 0
372 2 2 -1.54004e-06 -1.39363e-11
372 2 3 0 0
372 3 0 0 0
372 3 1 1.06426e-14 -2.30943e-15
372 3 2 0 0
372 3 3 -1.54004e-06 -1.39363e-11
373 0 0 -1.54359e-06 -1.36384e-11
373 0 1 0 0
373 0 2 1.92461e-14 2.3921e-15
373 0 3 0 0
373 1 0 0 0
373 1 1 -1.54359e-06 -1.36384e-11
373 1 2 0 0
373 1 3 1.92461e-14 2.3921e-15
373 2 0 1.09066e-14 -2.26128e-15
373 2 1 0 0
373 2 2 -1.54359e-06 -1.3649e-11
373 2 3 0 0
373 3 0 0 0
373 3 1 1.09066e-14 -2.26128e-15
373 3 2 0 0
373 3 3 -1.54359e-06 -1.3649e-11
374 0 0 -1.54747e-06 -1.32523e-11
374 0 1 0 0
374 0 2 1.93111e-14 2.32415e-15
374 0 3 0 0
374 1 0 0 0
374 1 1 -1.54747e-06 -1.32523e-11
374 1 2 0 0
374 1 3 1.93111e-14 2.32415e-15
374 2 0 1.12104e-14 -2.19673e-15
374 2 1 0 0
374 2 2 -1.54747e-06 -1.32626e-11
374 2 3 0 0
374 3 0 0 0
374 3 1 1.12104e-14 -2.19673e-15
374 3 2 0 0
374 3 3 -1.54747e-06 -1.32626e-11
375 0 0 -1.55169e-06 -1.27719e-11
375 0 1 0 0
375 0 2 1.93564e-14 2.23967e-15
375 0 3 0 0
375 1 0 0 0
375 1 1 -1.55169e-06 -1.27719e-11
375 1 2 0 0
375 1 3 1.93564e-14 2.23967e-15
375 2 0 1.15522e-14 -2.11655e-15
375 2 1 0 0
375 2 2 -1.55169e-06 -1.27818e-11
375 2 3 0 0
375 3 0 0 0
375 3 1 1.15522e-14 -2.11655e-15
375 3 2 0 0
375 3 3 -1.55169e-06 -1.27818e-11
376 0 0 -1.55625e-06 -1.22025e-11
376 0 1 0 0
376 0 2 1.93834e-14 2.13956e-15
376 0 3 0 0
376 1 0 0 0
376 1 1 -1.55625e-06 -1.22025e-11
376 1 2 0 0
376 1 3 1.93834e-14 2.13956e-15
376 2 0 1.19299e-14 -2.02162e-15
376 2 1 0 0
376 2 2 -1.55625e-06 -1.22119e-11
376 2 3 0 0
376 3 0 0 0
376 3 1 1.19299e-14 -2.02162e-15
376 3 2 0 0
376 3 3 -1.55625e-06 -1.22119e-11
377 0 0 -1.56114e-06 -1.15498e-11
377 0 1 0 0
377 0 2 1.93932e-14 2.02487e-15
377 0 3 0 0
377 1 0 0 0
377 1 1 -1.56114e-06 -1.15498e-11
377 1 2 0 0
377 1 3 1.93932e-14 2.02487e-15
377 2 0 1.23413e-14 -1.91291e-15
377 2 1 0 0
377 2 2 -1.56114e-06 -1.15588e-11
377 2 3 0 0
377 3 0 0 0
377 3 1 1.23413e-14 -1.91291e-15
377 3 2 0 0
377 3 3 -1.56114e-06 -1.15588e-11
378 0 0 -1.56636e-06 -1.08202e-11
378 0 1 0 0
378 0 2 1.93874e-14 1.89671e-15
378 0 3 0 0
378 1 0 0 0
378 1 1 -1.56636e-06 -1.08202e-11
378 1 2 0 0
378 1 3 1.93874e-14 1.89671e-15
378 2 0 1.2784e-14 -1.79147e-15
378 2 1 0 0
378 2 2 -1.56636e-06 -1.08286e-11
378 2 3 0 0
378 3 0 0 0
378 3 1 1.2784e-14 -1.79147e-15
378 3 2 0 0
378 3 3 -1.56636e-06 -1.08286e-11
379 0 0 -1.57192e-06 -1.00205e-11
379 0 1 0 0
379 0 2 1.93676e-14 1.75625e-15
379 0 3 0 0
379 1 0 0 0
379 1 1 -1.57192e-06 -1.00205e-11
379 1 2 0 0
379 1 3 1.93676e-14 1.75625e-15
379 2 0 1.32554e-14 -1.65844e-15
379 2 1 0 0
379 2 2 -1.57192e-06 -1.00283e-11
379 2 3 0 0
379 3 0 0 0
379 3 1 1.32554e-14 -1.65844e-15
379 3 2 0 0
379 3 3 -1.57192e-06 -1.00283e-11
380 0 0 -1.57782e-06 -9.15778e-12
380 0 1 0 0
380 0 2 1.93354e-14 1.60476e-15
380 0 3 0 0
380 1 0 0 0
380 1 1 -1.57782e-06 -9.15778e-12
380 1 2 0 0
380 1 3 1.93354e-14 1.60476e-15
380 2 0 1.37528e-14 -1.51499e-15
380 2 1 0 0
380 2 2 -1.57782e-06 -9.16492e-12
380 2 3 0 0
380 3 0 0 0
380 3 1 1.37528e-14 -1.51499e-15
380 3 2 0 0
380 3 3 -1.57782e-06 -9.16492e-12
381 0 0 -1.58405e-06 -8.2396e-12
381 0 1 0 0
381 0 2 1.92926e-14 1.44355e-15
381 0 3 0 0
381 1 0 0 0
381 1 1 -1.58405e-06 -8.2396e-12
381 1 2 0 0
381 1 3 1.92926e-14 1.44355e-15
381 2 0 1.42733e-14 -1.36237e-15
381 2 1 0 0
381 2 2 -1.58405e-06 -8.24604e-12
381 2 3 0 0
381 3 0 0 0
381 3 1 1.42733e-14 -1.36237e-15
381 3 2 0 0
381 3 3 -1.58405e-06 -8.24604e-12
382 0 0 -1.59061e-06 -7.27368e-12
382 0 1 0 0
382 0 2 1.9241e-14 1.27398e-15
382 0 3 0 0
382 1 0 0 0
382 1 1 -1.59061e-06 -7.27368e-12
382 1 2 0 0
382 1 3 1.9241e-14 1.27398e-15
382 2 0 1.4814e-14 -1.20187e-15
382 2 1 0 0
382 2 2 -1.59061e-06 -7.27938e-12
382 2 3 0 0
382 3 0 0 0
382 3 1 1.4814e-14 -1.20187e-15
382 3 2 0 0
382 3 3 -1.59061e-06 -7.27938e-12
383 0 0 -1.59751e-06 -6.26798e-12
383 0 1 0 0
383 0 2 1.91824e-14 1.09745e-15
383 0 3 0 0
383 1 0 0 0
383 1 1 -1.59751e-06 -6.26798e-12
383 1 2 0 0
383 1 3 1.91824e-14 1.09745e-15
383 2 0 1.53719e-14 -1.03481e-15
383 2 1 0 0
383 2 2 -1.59751e-06 -6.2729e-12
383 2 3 0 0
383 3 0 0 0
383 3 1 1.53719e-14 -1.03481e-15
383 3 2 0 0
383 3 3 -1.59751e-06 -6.2729e-12
384 0 0 -1.60475e-06 -5.2306e-12
384 0 1 0 0
384 0 2 1.91187e-14 9.15376e-16
384 0 3 0 0
384 1 0 0 0
384 1 1 -1.60475e-06 -5.2306e-12
384 1 2 0 0
384 1 3 1.91187e-14 9.15376e-16
384 2 0 1.59439e-14 -8.62537e-16
384 2 1 0 0
384 2 2 -1.60475e-06 -5.23472e-12
384 2 3 0 0
384 3 0 0 0
384 3 1 1.59439e-14 -8.62537e-16
384 3 2 0 0
384 3 3 -1.60475e-06 -5.23472e-12
385 0 0 -1.61232e-06 -4.16971e-12
385 0 1 0 0
385 0 2 1.90519e-14 7.292e-16
385 0 3 0 0
385 1 0 0 0
385 1 1 -1.61232e-06 -4.16971e-12
385 1 2 0 0
385 1 3 1.90519e-14 7.292e-16
385 2 0 1.6527e-14 -6.86406e-16
385 2 1 0 0
385 2 2 -1.61232e-06 -4.17302e-12
385 2 3 0 0
385 3 0 0 0
385 3 1 1.6527e-14 -6.86406e-16
385 3 2 0 0
385 3 3 -1.61232e-06 -4.17302e-12
386 0 0 -1.62023e-06 -3.09354e-12
386 0 1 0 0
386 0 2 1.89839e-14 5.40358e-16
386 0 3 0 0
386 1 0 0 0
386 1 1 -1.62023e-06 -3.09354e-12
386 1 2 0 0
386 1 3 1.89839e-14 5.40358e-16
386 2 0 1.71179e-14 -5.0778e-16
386 2 1 0 0
386 2 2 -1.62023e-06 -3.09601e-12
386 2 3 0 0
386 3 0 0 0
386 3 1 1.71179e-14 -5.0778e-16
386 3 2 0 0
386 3 3 -1.62023e-06 -3.09601e-12
387 0 0 -1.62848e-06 -2.01025e-12
387 0 1 0 0
387 0 2 1.89165e-14 3.50286e-16
387 0 3 0 0
387 1 0 0 0
387 1 1 -1.62848e-06 -2.01025e-12
387 1 2 0 0
387 1 3 1.89165e-14 3.50286e-16
387 2 0 1.77137e-14 -3.28014e-16
387 2 1 0 0
387 2 2 -1.62848e-06 -2.01189e-12
387 2 3 0 0
387 3 0 0 0
387 3 1 1.77137e-14 -3.28014e-16
387 3 2 0 0
387 3 3 -1.62848e-06 -2.01189e-12
388 0 0 -1.63707e-06 -9.27912e-13
388 0 1 0 0
388 0 2 1.88518e-14 1.60399e-16
388 0 3 0 0
388 1 0 0 0
388 1 1 -1.63707e-06 -9.27912e-13
388 1 2 0 0
388 1 3 1.88518e-14 1.60399e-16
388 2 0 1.83113e-14 -1.48448e-16
388 2 1 0 0
388 2 2 -1.63707e-06 -9.28716e-13
388 2 3 0 0
388 3 0 0 0
388 3 1 1.83113e-14 -1.48448e-16
388 3 2 0 0
388 3 3 -1.63707e-06 -9.28716e-13
389 0 0 -1.646e-06 1.45529e-13
389 0 1 0 0
389 0 2 1.87915e-14 -2.79108e-17
389 0 3 0 0
389 1 0 0 0
389 1 1 -1.646e-06 1.45529e-13
389 1 2 0 0
389 1 3 1.87915e-14 -2.79108e-17
389 2 0 1.89078e-14 2.96019e-17
389 2 1 0 0
389 2 2 -1.646e-06 1.45555e-13
389 2 3 0 0
389 3 0 0 0
389 3 1 1.89078e-14 2.96019e-17
389 3 2 0 0
389 3 3 -1.646e-06 1.45555e-13
390 0 0 -1.65527e-06 1.20236e-12
390 0 1 0 0
390 0 2 1.87375e-14 -2.13288e-16
390 0 3 0 0
390 1 0 0 0
390 1 1 -1.65527e-06 1.20236e-12
390 1 2 0 0
390 1 3 1.87375e-14 -2.13288e-16
390 2 0 1.95001e-14 2.04855e-16
390 2 1 0 0
390 2 2 -1.65527e-06 1.2032e-12
390 2 3 0 0
390 3 0 0 0
390 3 1 1.95001e-14 2.04855e-16
390 3 2 0 0
390 3 3 -1.65527e-06 1.2032e-12
391 0 0 -1.66488e-06 2.23509e-12
391 0 1 0 0
391 0 2 1.86915e-14 -3.94422e-16
391 0 3 0 0
391 1 0 0 0
391 1 1 -1.66488e-06 2.23509e-12
391 1 2 0 0
391 1 3 1.86915e-14 -3.94422e-16
391 2 0 2.00855e-14 3.76073e-16
391 2 1 0 0
391 2 2 -1.66488e-06 2.23673e-12
391 2 3 0 0
391 3 0 0 0
391 3 1 2.00855e-14 3.76073e-16
391 3 2 0 0
391 3 3 -1.66488e-06 2.23673e-12
392 0 0 -1.67483e-06 3.23655e-12
392 0 1 0 0
392 0 2 1.86553e-14 -5.70053e-16
392 0 3 0 0
392 1 0 0 0
392 1 1 -1.67483e-06 3.23655e-12
392 1 2 0 0
392 1 3 1.86553e-14 -5.70053e-16
392 2 0 2.06614e-14 5.42065e-16
392 2 1 0 0
392 2 2 -1.67483e-06 3.23898e-12
392 2 3 0 0
392 3 0 0 0
392 3 1 2.06614e-14 5.42065e-16
392 3 2 0 0
392 3 3 -1.67483e-06 3.23898e-12
393 0 0 -1.68513e-06 4.19992e-12
393 0 1 0 0
393 0 2 1.86305e-14 -7.38986e-16
393 0 3 0 0
393 1 0 0 0
393 1 1 -1.68513e-06 4.19992e-12
393 1 2 0 0
393 1 3 1.86305e-14 -7.38986e-16
393 2 0 2.12252e-14 7.01702e-16
393 2 1 0 0
393 2 2 -1.68513e-06 4.20309e-12
393 2 3 0 0
393 3 0 0 0
393 3 1 2.12252e-14 7.01702e-16
393 3 2 0 0
393 3 3 -1.68513e-06 4.20309e-12
394 0 0 -1.69577e-06 5.11875e-12
394 0 1 0 0
394 0 2 1.86185e-14 -9.00091e-16
394 0 3 0 0
394 1 0 0 0
394 1 1 -1.69577e-06 5.11875e-12
394 1 2 0 0
394 1 3 1.86185e-14 -9.00091e-16
394 2 0 2.17744e-14 8.53917e-16
394 2 1 0 0
394 2 2 -1.69577e-06 5.12263e-12
394 2 3 0 0
394 3 0 0 0
394 3 1 2.17744e-14 8.53917e-16
394 3 2 0 0
394 3 3 -1.69577e-06 5.12263e-12
395 0 0 -1.70676e-06 5.98702e-12
395 0 1 0 0
395 0 2 1.86209e-14 -1.05231e-15
395 0 3 0 0
395 1 0 0 0
395 1 1 -1.70676e-06 5.98702e-12
395 1 2 0 0
395 1 3 1.86209e-14 -1.05231e-15
395 2 0 2.23069e-14 9.97713e-16
395 2 1 0 0
395 2 2 -1.70676e-06 5.99158e-12
395 2 3 0 0
395 3 0 0 0
395 3 1 2.23069e-14 9.97713e-16
395 3 2 0 0
395 3 3 -1.70676e-06 5.99158e-12
396 0 0 -1.71809e-06 6.79919e-12
396 0 1 0 0
396 0 2 1.8639e-14 -1.19468e-15
396 0 3 0 0
396 1 0 0 0
396 1 1 -1.71809e-06 6.79919e-12
396 1 2 0 0
396 1 3 1.8639e-14 -1.19468e-15
396 2 0 2.28206e-14 1.13217e-15
396 2 1 0 0
396 2 2 -1.71809e-06 6.80438e-12
396 2 3 0 0
396 3 0 0 0
396 3 1 2.28206e-14 1.13217e-15
396 3 2 0 0
396 3 3 -1.71809e-06 6.80438e-12
397 0 0 -1.72978e-06 7.5502e-12
397 0 1 0 0
397 0 2 1.8674e-14 -1.3263e-15
397 0 3 0 0
397 1 0 0 0
397 1 1 -1.72978e-06 7.5502e-12
397 1 2 0 0
397 1 3 1.8674e-14 -1.3263e-15
397 2 0 2.33136e-14 1.25646e-15
397 2 1 0 0
397 2 2 -1.72978e-06 7.55597e-12
397 2 3 0 0
397 3 0 0 0
397 3 1 2.33136e-14 1.25646e-15
397 3 2 0 0
397 3 3 -1.72978e-06 7.55597e-12
398 0 0 -1.74181e-06 8.23548e-12
398 0 1 0 0
398 0 2 1.8727e-14 -1.44639e-15
398 0 3 0 0
398 1 0 0 0
398 1 1 -1.74181e-06 8.23548e-12
398 1 2 0 0
398 1 3 1.8727e-14 -1.44639e-15
398 2 0 2.37843e-14 1.36981e-15
398 2 1 0 0
398 2 2 -1.74181e-06 8.24179e-12
398 2 3 0 0
398 3 0 0 0
398 3 1 2.37843e-14 1.36981e-15
398 3 2 0 0
398 3 3 -1.74181e-06 8.24179e-12
399 0 0 -1.7542e-06 8.85105e-12
399 0 1 0 0
399 0 2 1.87989e-14 -1.55423e-15
399 0 3 0 0
399 1 0 0 0
399 1 1 -1.7542e-06 8.85105e-12
399 1 2 0 0
399 1 3 1.87989e-14 -1.55423e-15
399 2 0 2.42311e-14 1.47158e-15
399 2 1 0 0
399 2 2 -1.7542e-06 8.85784e-12
399 2 3 0 0
399 3 0 0 0
399 3 1 2.42311e-14 1.47158e-15
399 3 2 0 0
399 3 3 -1.7542e-06 8.85784e-12
400 0 0 -1.76694e-06 9.39346e-12
400 0 1 0 0
400 0 2 1.88907e-14 -1.64923e-15
400 0 3 0 0
400 1 0 0 0
400 1 1 -1.76694e-06 9.39346e-12
400 1 2 0 0
400 1 3 1.88907e-14 -1.64923e-15
400 2 0 2.4653e-14 1.5612e-15
400 2 1 0 0
400 2 2 -1.76694e-06 9.40067e-12
400 2 3 0 0
400 3 0 0 0
400 3 1 2.4653e-14 1.5612e-15
400 3 2 0 0
400 3 3 -1.76694e-06 9.40067e-12
401 0 0 -1.78004e-06 9.85984e-12
401 0 1 0 0
401 0 2 1.9003e-14 -1.73089e-15
401 0 3 0 0
401 1 0 0 0
401 1 1 -1.78004e-06 9.85984e-12
401 1 2 0 0
401 1 3 1.9003e-14 -1.73089e-15
401 2 0 2.50487e-14 1.63819e-15
401 2 1 0 0
401 2 2 -1.78004e-06 9.86742e-12
401 2 3 0 0
401 3 0 0 0
401 3 1 2.50487e-14 1.63819e-15
401 3 2 0 0
401 3 3 -1.78004e-06 9.86742e-12
402 0 0 -1.7935e-06 1.02479e-11
402 0 1 0 0
402 0 2 1.91363e-14 -1.7988e-15
402 0 3 0 0
402 1 0 0 0
402 1 1 -1.7935e-06 1.02479e-11
402 1 2 0 0
402 1 3 1.91363e-14 -1.7988e-15
402 2 0 2.54175e-14 1.70217e-15
402 2 1 0 0
402 2 2 -1.7935e-06 1.02558e-11
402 2 3 0 0
402 3 0 0 0
402 3 1 2.54175e-14 1.70217e-15
402 3 2 0 0
402 3 3 -1.7935e-06 1.02558e-11
403 0 0 -1.80731e-06 1.0556e-11
403 0 1 0 0
403 0 2 1.92913e-14 -1.85267e-15
403 0 3 0 0
403 1 0 0 0
403 1 1 -1.80731e-06 1.0556e-11
403 1 2 0 0
403 1 3 1.92913e-14 -1.85267e-15
403 2 0 2.57589e-14 1.75286e-15
403 2 1 0 0
403 2 2 -1.80731e-06 1.05641e-11
403 2 3 0 0
403 3 0 0 0
403 3 1 2.57589e-14 1.75286e-15
403 3 2 0 0
403 3 3 -1.80731e-06 1.05641e-11
404 0 0 -1.82149e-06 1.07829e-11
404 0 1 0 0
404 0 2 1.94681e-14 -1.89231e-15
404 0 3 0 0
404 1 0 0 0
404 1 1 -1.82149e-06 1.07829e-11
404 1 2 0 0
404 1 3 1.94681e-14 -1.89231e-15
404 2 0 2.60725e-14 1.7901e-15
404 2 1 0 0
404 2 2 -1.82149e-06 1.07912e-11
404 2 3 0 0
404 3 0 0 0
404 3 1 2.60725e-14 1.7901e-15
404 3 2 0 0
404 3 3 -1.82149e-06 1.07912e-11
405 0 0 -1.83603e-06 1.09282e-11
405 0 1 0 0
405 0 2 1.96669e-14 -1.91762e-15
405 0 3 0 0
405 1 0 0 0
405 1 1 -1.83603e-06 1.09282e-11
405 1 2 0 0
405 1 3 1.96669e-14 -1.91762e-15
405 2 0 2.63581e-14 1.81379e-15
405 2 1 0 0
405 2 2 -1.83603e-06 1.09366e-11
405 2 3 0 0
405 3 0 0 0
405 3 1 2.63581e-14 1.81379e-15
405 3 2 0 0
405 3 3 -1.83603e-06 1.09366e-11
406 0 0 -1.85094e-06 1.0992e-11
406 0 1 0 0
406 0 2 1.98877e-14 -1.92863e-15
406 0 3 0 0
406 1 0 0 0
406 1 1 -1.85094e-06 1.0992e-11
406 1 2 0 0
406 1 3 1.98877e-14 -1.92863e-15
406 2 0 2.66159e-14 1.82395e-15
406 2 1 0 0
406 2 2 -1.85094e-06 1.10005e-11
406 2 3 0 0
406 3 0 0 0
406 3 1 2.66159e-14 1.82395e-15
406 3 2 0 0
406 3 3 -1.85094e-06 1.10005e-11
407 0 0 -1.86621e-06 1.09748e-11
407 0 1 0 0
407 0 2 2.01305e-14 -1.92544e-15
407 0 3 0 0
407 1 0 0 0
407 1 1 -1.86621e-06 1.09748e-11
407 1 2 0 0
407 1 3 2.01305e-14 -1.92544e-15
407 2 0 2.68462e-14 1.82068e-15
407 2 1 0 0
407 2 2 -1.86621e-06 1.09833e-11
407 2 3 0 0
407 3 0 0 0
407 3 1 2.68462e-14 1.82068e-15
407 3 2 0 0
407 3 3 -1.86621e-06 1.09833e-11
408 0 0 -1.88186e-06 1.0878e-11
408 0 1 0 0
408 0 2 2.03951e-14 -1.90827e-15
408 0 3 0 0
408 1 0 0 0
408 1 1 -1.88186e-06 1.0878e-11
408 1 2 0 0
408 1 3 2.03951e-14 -1.90827e-15
408 2 0 2.70494e-14 1.80421e-15
408 2 1 0 0
408 2 2 -1.88186e-06 1.08864e-11
408 2 3 0 0
408 3 0 0 0
408 3 1 2.70494e-14 1.80421e-15
408 3 2 0 0
408 3 3 -1.88186e-06 1.08864e-11
409 0 0 -1.89787e-06 1.07031e-11
409 0 1 0 0
409 0 2 2.0681e-14 -1.87743e-15
409 0 3 0 0
409 1 0 0 0
409 1 1 -1.89787e-06 1.07031e-11
409 1 2 0 0
409 1 3 2.0681e-14 -1.87743e-15
409 2 0 2.72263e-14 1.7748e-15
409 2 1 0 0
409 2 2 -1.89787e-06 1.07114e-11
409 2 3 0 0
409 3 0 0 0
409 3 1 2.72263e-14 1.7748e-15
409 3 2 0 0
409 3 3 -1.89787e-06 1.07114e-11
410 0 0 -1.91427e-06 1.04527e-11
410 0 1 0 0
410 0 2 2.09878e-14 -1.83332e-15
410 0 3 0 0
410 1 0 0 0
410 1 1 -1.91427e-06 1.04527e-11
410 1 2 0 0
410 1 3 2.09878e-14 -1.83332e-15
410 2 0 2.73779e-14 1.73286e-15
410 2 1 0 0
410 2 2 -1.91427e-06 1.04607e-11
410 2 3 0 0
410 3 0 0 0
410 3 1 2.73779e-14 1.73286e-15
410 3 2 0 0
410 3 3 -1.91427e-06 1.04607e-11
411 0 0 -1.93104e-06 1.01292e-11
411 0 1 0 0
411 0 2 2.13149e-14 -1.77642e-15
411 0 3 0 0
411 1 0 0 0
411 1 1 -1.93104e-06 1.01292e-11
411 1 2 0 0
411 1 3 2.13149e-14 -1.77642e-15
411 2 0 2.75052e-14 1.67883e-15
411 2 1 0 0
411 2 2 -1.93104e-06 1.01371e-11
411 2 3 0 0
411 3 0 0 0
411 3 1 2.75052e-14 1.67883e-15
411 3 2 0 0
411 3 3 -1.93104e-06 1.01371e-11
412 0 0 -1.94819e-06 9.73617e-12
412 0 1 0 0
412 0 2 2.16616e-14 -1.7073e-15
412 0 3 0 0
412 1 0 0 0
412 1 1 -1.94819e-06 9.73617e-12
412 1 2 0 0
412 1 3 2.16616e-14 -1.7073e-15
412 2 0 2.76095e-14 1.61325e-15
412 2 1 0 0
412 2 2 -1.94819e-06 9.74373e-12
412 2 3 0 0
412 3 0 0 0
412 3 1 2.76095e-14 1.61325e-15
412 3 2 0 0
412 3 3 -1.94819e-06 9.74373e-12
413 0 0 -1.96573e-06 9.27711e-12
413 0 1 0 0
413 0 2 2.20271e-14 -1.62662e-15
413 0 3 0 0
413 1 0 0 0
413 1 1 -1.96573e-06 9.27711e-12
413 1 2 0 0
413 1 3 2.20271e-14 -1.62662e-15
413 2 0 2.76924e-14 1.53675e-15
413 2 1 0 0
413 2 2 -1.96573e-06 9.28432e-12
413 2 3 0 0
413 3 0 0 0
413 3 1 2.76924e-14 1.53675e-15
413 3 2 0 0
413 3 3 -1.96573e-06 9.28432e-12
414 0 0 -1.98365e-06 8.75617e-12
414 0 1 0 0
414 0 2 2.24104e-14 -1.53509e-15
414 0 3 0 0
414 1 0 0 0
414 1 1 -1.98365e-06 8.75617e-12
414 1 2 0 0
414 1 3 2.24104e-14 -1.53509e-15
414 2 0 2.77553e-14 1.45001e-15
414 2 1 0 0
414 2 2 -1.98365e-06 8.76298e-12
414 2 3 0 0
414 3 0 0 0
414 3 1 2.77553e-14 1.45001e-15
414 3 2 0 0
414 3 3 -1.98365e-06 8.76298e-12
415 0 0 -2.00196e-06 8.17781e-12
415 0 1 0 0
415 0 2 2.28107e-14 -1.43349e-15
415 0 3 0 0
415 1 0 0 0
415 1 1 -2.00196e-06 8.17781e-12
415 1 2 0 0
415 1 3 2.28107e-14 -1.43349e-15
415 2 0 2.78001e-14 1.35376e-15
415 2 1 0 0
415 2 2 -2.00196e-06 8.18418e-12
415 2 3 0 0
415 3 0 0 0
415 3 1 2.78001e-14 1.35376e-15
415 3 2 0 0
415 3 3 -2.00196e-06 8.18418e-12
416 0 0 -2.02066e-06 7.54686e-12
416 0 1 0 0
416 0 2 2.32267e-14 -1.32268e-15
416 0 3 0 0
416 1 0 0 0
416 1 1 -2.02066e-06 7.54686e-12
416 1 2 0 0
416 1 3 2.32267e-14 -1.32268e-15
416 2 0 2.78287e-14 1.24881e-15
416 2 1 0 0
416 2 2 -2.02066e-06 7.55274e-12
416 2 3 0 0
416 3 0 0 0
416 3 1 2.78287e-14 1.24881e-15
416 3 2 0 0
416 3 3 -2.02066e-06 7.55274e-12
417 0 0 -2.03976e-06 6.86842e-12
417 0 1 0 0
417 0 2 2.36575e-14 -1.20355e-15
417 0 3 0 0
417 1 0 0 0
417 1 1 -2.03976e-06 6.86842e-12
417 1 2 0 0
417 1 3 2.36575e-14 -1.20355e-15
417 2 0 2.78431e-14 1.13602e-15
417 2 1 0 0
417 2 2 -2.03976e-06 6.87378e-12
417 2 3 0 0
417 3 0 0 0
417 3 1 2.78431e-14 1.13602e-15
417 3 2 0 0
417 3 3 -2.03976e-06 6.87378e-12
418 0 0 -2.05925e-06 6.14788e-12
418 0 1 0 0
418 0 2 2.41017e-14 -1.07705e-15
418 0 3 0 0
418 1 0 0 0
418 1 1 -2.05925e-06 6.14788e-12
418 1 2 0 0
418 1 3 2.41017e-14 -1.07705e-15
418 2 0 2.78452e-14 1.01626e-15
418 2 1 0 0
418 2 2 -2.05925e-06 6.15269e-12
418 2 3 0 0
418 3 0 0 0
418 3 1 2.78452e-14 1.01626e-15
418 3 2 0 0
418 3 3 -2.05925e-06 6.15269e-12
419 0 0 -2.07915e-06 5.39085e-12
419 0 1 0 0
419 0 2 2.45581e-14 -9.44154e-16
419 0 3 0 0
419 1 0 0 0
419 1 1 -2.07915e-06 5.39085e-12
419 1 2 0 0
419 1 3 2.45581e-14 -9.44154e-16
419 2 0 2.78374e-14 8.9048e-16
419 2 1 0 0
419 2 2 -2.07915e-06 5.39508e-12
419 2 3 0 0
419 3 0 0 0
419 3 1 2.78374e-14 8.9048e-16
419 3 2 0 0
419 3 3 -2.07915e-06 5.39508e-12
420 0 0 -2.09945e-06 4.60311e-12
420 0 1 0 0
420 0 2 2.50253e-14 -8.05884e-16
420 0 3 0 0
420 1 0 0 0
420 1 1 -2.09945e-06 4.60311e-12
420 1 2 0 0
420 1 3 2.50253e-14 -8.05884e-16
420 2 0 2.78218e-14 7.59635e-16
420 2 1 0 0
420 2 2 -2.09945e-06 4.60673e-12
420 2 3 0 0
420 3 0 0 0
420 3 1 2.78218e-14 7.59635e-16
420 3 2 0 0
420 3 3 -2.09945e-06 4.60673e-12
421 0 0 -2.12016e-06 3.79059e-12
421 0 1 0 0
421 0 2 2.55022e-14 -6.63279e-16
421 0 3 0 0
421 1 0 0 0
421 1 1 -2.12016e-06 3.79059e-12
421 1 2 0 0
421 1 3 2.55022e-14 -6.63279e-16
421 2 0 2.78008e-14 6.24709e-16
421 2 1 0 0
421 2 2 -2.12016e-06 3.79358e-12
421 2 3 0 0
421 3 0 0 0
421 3 1 2.78008e-14 6.24709e-16
421 3 2 0 0
421 3 3 -2.12016e-06 3.79358e-12
422 0 0 -2.14128e-06 2.9593e-12
422 0 1 0 0
422 0 2 2.59872e-14 -5.17397e-16
422 0 3 0 0
422 1 0 0 0
422 1 1 -2.14128e-06 2.9593e-12
422 1 2 0 0
422 1 3 2.59872e-14 -5.17397e-16
422 2 0 2.77767e-14 4.86702e-16
422 2 1 0 0
422 2 2 -2.14128e-06 2.96165e-12
422 2 3 0 0
422 3 0 0 0
422 3 1 2.77767e-14 4.86702e-16
422 3 2 0 0
422 3 3 -2.14128e-06 2.96165e-12
423 0 0 -2.16282e-06 2.11533e-12
423 0 1 0 0
423 0 2 2.64791e-14 -3.69304e-16
423 0 3 0 0
423 1 0 0 0
423 1 1 -2.16282e-06 2.11533e-12
423 1 2 0 0
423 1 3 2.64791e-14 -3.69304e-16
423 2 0 2.77518e-14 3.46623e-16
423 2 1 0 0
423 2 2 -2.16282e-06 2.11704e-12
423 2 3 0 0
423 3 0 0 0
423 3 1 2.77518e-14 3.46623e-16
423 3 2 0 0
423 3 3 -2.16282e-06 2.11704e-12
424 0 0 -2.18477e-06 1.26478e-12
424 0 1 0 0
424 0 2 2.69765e-14 -2.20068e-16
424 0 3 0 0
424 1 0 0 0
424 1 1 -2.18477e-06 1.26478e-12
424 1 2 0 0
424 1 3 2.69765e-14 -2.20068e-16
424 2 0 2.77285e-14 2.05484e-16
424 2 1 0 0
424 2 2 -2.18477e-06 1.26583e-12
424 2 3 0 0
424 3 0 0 0
424 3 1 2.77285e-14 2.05484e-16
424 3 2 0 0
424 3 3 -2.18477e-06 1.26583e-12
425 0 0 -2.20715e-06 4.13713e-13
425 0 1 0 0
425 0 2 2.74779e-14 -7.07549e-17
425 0 3 0 0
425 1 0 0 0
425 1 1 -2.20715e-06 4.13713e-13
425 1 2 0 0
425 1 3 2.74779e-14 -7.07549e-17
425 2 0 2.7709e-14 6.42901e-17
425 2 1 0 0
425 2 2 -2.20715e-06 4.141e-13
425 2 3 0 0
425 3 0 0 0
425 3 1 2.7709e-14 6.42901e-17
425 3 2 0 0
425 3 3 -2.20715e-06 4.141e-13
426 0 0 -2.22995e-06 -4.31884e-13
426 0 1 0 0
426 0 2 2.7982e-14 7.75843e-17
426 0 3 0 0
426 1 0 0 0
426 1 1 -2.22995e-06 -4.31884e-13
426 1 2 0 0
426 1 3 2.7982e-14 7.75843e-17
426 2 0 2.76959e-14 -7.5964e-17
426 2 1 0 0
426 2 2 -2.22995e-06 -4.32151e-13
426 2 3 0 0
426 3 0 0 0
426 3 1 2.76959e-14 -7.5964e-17
426 3 2 0 0
426 3 3 -2.22995e-06 -4.32151e-13
427 0 0 -2.25318e-06 -1.26611e-12
427 0 1 0 0
427 0 2 2.84875e-14 2.23917e-16
427 0 3 0 0
427 1 0 0 0
427 1 1 -2.25318e-06 -1.26611e-12
427 1 2 0 0
427 1 3 2.84875e-14 2.23917e-16
427 2 0 2.76912e-14 -2.14302e-16
427 2 1 0 0
427 2 2 -2.25318e-06 -1.26703e-12
427 2 3 0 0
427 3 0 0 0
427 3 1 2.76912e-14 -2.14302e-16
427 3 2 0 0
427 3 3 -2.25318e-06 -1.26703e-12
428 0 0 -2.27685e-06 -2.08324e-12
428 0 1 0 0
428 0 2 2.8993e-14 3.67235e-16
428 0 3 0 0
428 1 0 0 0
428 1 1 -2.27685e-06 -2.08324e-12
428 1 2 0 0
428 1 3 2.8993e-14 3.67235e-16
428 2 0 2.76972e-14 -3.49771e-16
428 2 1 0 0
428 2 2 -2.27685e-06 -2.08478e-12
428 2 3 0 0
428 3 0 0 0
428 3 1 2.76972e-14 -3.49771e-16
428 3 2 0 0
428 3 3 -2.27685e-06 -2.08478e-12
429 0 0 -2.30095e-06 -2.8777e-12
429 0 1 0 0
429 0 2 2.94974e-14 5.06563e-16
429 0 3 0 0
429 1 0 0 0
429 1 1 -2.30095e-06 -2.8777e-12
429 1 2 0 0
429 1 3 2.94974e-14 5.06563e-16
429 2 0 2.7716e-14 -4.8145e-16
429 2 1 0 0
429 2 2 -2.30095e-06 -2.87986e-12
429 2 3 0 0
429 3 0 0 0
429 3 1 2.7716e-14 -4.8145e-16
429 3 2 0 0
429 3 3 -2.30095e-06 -2.87986e-12
430 0 0 -2.3255e-06 -3.64414e-12
430 0 1 0 0
430 0 2 2.99994e-14 6.40967e-16
430 0 3 0 0
430 1 0 0 0
430 1 1 -2.3255e-06 -3.64414e-12
430 1 2 0 0
430 1 3 2.99994e-14 6.40967e-16
430 2 0 2.77497e-14 -6.08456e-16
430 2 1 0 0
430 2 2 -2.3255e-06 -3.6469e-12
430 2 3 0 0
430 3 0 0 0
430 3 1 2.77497e-14 -6.08456e-16
430 3 2 0 0
430 3 3 -2.3255e-06 -3.6469e-12
431 0 0 -2.35049e-06 -4.37749e-12
431 0 1 0 0
431 0 2 3.04979e-14 7.69552e-16
431 0 3 0 0
431 1 0 0 0
431 1 1 -2.35049e-06 -4.37749e-12
431 1 2 0 0
431 1 3 3.04979e-14 7.69552e-16
431 2 0 2.78003e-14 -7.29943e-16
431 2 1 0 0
431 2 2 -2.35049e-06 -4.38082e-12
431 2 3 0 0
431 3 0 0 0
431 3 1 2.78003e-14 -7.29943e-16
431 3 2 0 0
431 3 3 -2.35049e-06 -4.38082e-12
432 0 0 -2.37594e-06 -5.07294e-12
432 0 1 0 0
432 0 2 3.09917e-14 8.91477e-16
432 0 3 0 0
432 1 0 0 0
432 1 1 -2.37594e-06 -5.07294e-12
432 1 2 0 0
432 1 3 3.09917e-14 8.91477e-16
432 2 0 2.78695e-14 -8.45117e-16
432 2 1 0 0
432 2 2 -2.37594e-06 -5.07681e-12
432 2 3 0 0
432 3 0 0 0
432 3 1 2.78695e-14 -8.45117e-16
432 3 2 0 0
432 3 3 -2.37594e-06 -5.07681e-12
433 0 0 -2.40184e-06 -5.726e-12
433 0 1 0 0
433 0 2 3.14799e-14 1.00595e-15
433 0 3 0 0
433 1 0 0 0
433 1 1 -2.40184e-06 -5.726e-12
433 1 2 0 0
433 1 3 3.14799e-14 1.00595e-15
433 2 0 2.79592e-14 -9.53235e-16
433 2 1 0 0
433 2 2 -2.40184e-06 -5.73037e-12
433 2 3 0 0
433 3 0 0 0
433 3 1 2.79592e-14 -9.53235e-16
433 3 2 0 0
433 3 3 -2.40184e-06 -5.73037e-12
434 0 0 -2.42819e-06 -6.3325e-12
434 0 1 0 0
434 0 2 3.19615e-14 1.11226e-15
434 0 3 0 0
434 1 0 0 0
434 1 1 -2.42819e-06 -6.3325e-12
434 1 2 0 0
434 1 3 3.19615e-14 1.11226e-15
434 2 0 2.80708e-14 -1.05361e-15
434 2 1 0 0
434 2 2 -2.42819e-06 -6.33735e-12
434 2 3 0 0
434 3 0 0 0
434 3 1 2.80708e-14 -1.05361e-15
434 3 2 0 0
434 3 3 -2.42819e-06 -6.33735e-12
435 0 0 -2.45502e-06 -6.88866e-12
435 0 1 0 0
435 0 2 3.24356e-14 1.20972e-15
435 0 3 0 0
435 1 0 0 0
435 1 1 -2.45502e-06 -6.88866e-12
435 1 2 0 0
435 1 3 3.24356e-14 1.20972e-15
435 2 0 2.8206e-14 -1.14561e-15
435 2 1 0 0
435 2 2 -2.45502e-06 -6.89394e-12
435 2 3 0 0
435 3 0 0 0
435 3 1 2.8206e-14 -1.14561e-15
435 3 2 0 0
435 3 3 -2.45502e-06 -6.89394e-12
436 0 0 -2.48231e-06 -7.39107e-12
436 0 1 0 0
436 0 2 3.29015e-14 1.29774e-15
436 0 3 0 0
436 1 0 0 0
436 1 1 -2.48231e-06 -7.39107e-12
436 1 2 0 0
436 1 3 3.29015e-14 1.29774e-15
436 2 0 2.83659e-14 -1.22867e-15
436 2 1 0 0
436 2 2 -2.48231e-06 -7.39674e-12
436 2 3 0 0
436 3 0 0 0
436 3 1 2.83659e-14 -1.22867e-15
436 3 2 0 0
436 3 3 -2.48231e-06 -7.39674e-12
437 0 0 -2.51008e-06 -7.83672e-12
437 0 1 0 0
437 0 2 3.33586e-14 1.3758e-15
437 0 3 0 0
437 1 0 0 0
437 1 1 -2.51008e-06 -7.83672e-12
437 1 2 0 0
437 1 3 3.33586e-14 1.3758e-15
437 2 0 2.85517e-14 -1.30231e-15
437 2 1 0 0
437 2 2 -2.51008e-06 -7.84275e-12
437 2 3 0 0
437 3 0 0 0
437 3 1 2.85517e-14 -1.30231e-15
437 3 2 0 0
437 3 3 -2.51008e-06 -7.84275e-12
438 0 0 -2.53832e-06 -8.22302e-12
438 0 1 0 0
438 0 2 3.38062e-14 1.44344e-15
438 0 3 0 0
438 1 0 0 0
438 1 1 -2.53832e-06 -8.22302e-12
438 1 2 0 0
438 1 3 3.38062e-14 1.44344e-15
438 2 0 2.87644e-14 -1.36608e-15
438 2 1 0 0
438 2 2 -2.53832e-06 -8.22935e-12
438 2 3 0 0
438 3 0 0 0
438 3 1 2.87644e-14 -1.36608e-15
438 3 2 0 0
438 3 3 -2.53832e-06 -8.22935e-12
439 0 0 -2.56705e-06 -8.54783e-12
439 0 1 0 0
439 0 2 3.42438e-14 1.50029e-15
439 0 3 0 0
439 1 0 0 0
439 1 1 -2.56705e-06 -8.54783e-12
439 1 2 0 0
439 1 3 3.42438e-14 1.50029e-15
439 2 0 2.9005e-14 -1.41964e-15
439 2 1 0 0
439 2 2 -2.56705e-06 -8.55441e-12
439 2 3 0 0
439 3 0 0 0
439 3 1 2.9005e-14 -1.41964e-15
439 3 2 0 0
439 3 3 -2.56705e-06 -8.55441e-12
440 0 0 -2.59627e-06 -8.80941e-12
440 0 1 0 0
440 0 2 3.46712e-14 1.54604e-15
440 0 3 0 0
440 1 0 0 0
440 1 1 -2.59627e-06 -8.80941e-12
440 1 2 0 0
440 1 3 3.46712e-14 1.54604e-15
440 2 0 2.92739e-14 -1.46271e-15
440 2 1 0 0
440 2 2 -2.59627e-06 -8.8162e-12
440 2 3 0 0
440 3 0 0 0
440 3 1 2.92739e-14 -1.46271e-15
440 3 2 0 0
440 3 3 -2.59627e-06 -8.8162e-12
441 0 0 -2.62599e-06 -9.00651e-12
441 0 1 0 0
441 0 2 3.50879e-14 1.58047e-15
441 0 3 0 0
441 1 0 0 0
441 1 1 -2.62599e-06 -9.00651e-12
441 1 2 0 0
441 1 3 3.50879e-14 1.58047e-15
441 2 0 2.95718e-14 -1.49506e-15
441 2 1 0 0
441 2 2 -2.62599e-06 -9.01346e-12
441 2 3 0 0
441 3 0 0 0
441 3 1 2.95718e-14 -1.49506e-15
441 3 2 0 0
441 3 3 -2.62599e-06 -9.01346e-12
442 0 0 -2.6562e-06 -9.13831e-12
442 0 1 0 0
442 0 2 3.5494e-14 1.60345e-15
442 0 3 0 0
442 1 0 0 0
442 1 1 -2.6562e-06 -9.13831e-12
442 1 2 0 0
442 1 3 3.5494e-14 1.60345e-15
442 2 0 2.98989e-14 -1.51658e-15
442 2 1 0 0
442 2 2 -2.6562e-06 -9.14536e-12
442 2 3 0 0
442 3 0 0 0
442 3 1 2.98989e-14 -1.51658e-15
442 3 2 0 0
442 3 3 -2.6562e-06 -9.14536e-12
443 0 0 -2.68692e-06 -9.20443e-12
443 0 1 0 0
443 0 2 3.58892e-14 1.6149e-15
443 0 3 0 0
443 1 0 0 0
443 1 1 -2.68692e-06 -9.20443e-12
443 1 2 0 0
443 1 3 3.58892e-14 1.6149e-15
443 2 0 3.02554e-14 -1.52721e-15
443 2 1 0 0
443 2 2 -2.68692e-06 -9.21155e-12
443 2 3 0 0
443 3 0 0 0
443 3 1 3.02554e-14 -1.52721e-15
443 3 2 0 0
443 3 3 -2.68692e-06 -9.21155e-12
444 0 0 -2.71814e-06 -9.20497e-12
444 0 1 0 0
444 0 2 3.62737e-14 1.61485e-15
444 0 3 0 0
444 1 0 0 0
444 1 1 -2.71814e-06 -9.20497e-12
444 1 2 0 0
444 1 3 3.62737e-14 1.61485e-15
444 2 0 3.06413e-14 -1.52695e-15
444 2 1 0 0
444 2 2 -2.71814e-06 -9.21209e-12
444 2 3 0 0
444 3 0 0 0
444 3 1 3.06413e-14 -1.52695e-15
444 3 2 0 0
444 3 3 -2.71814e-06 -9.21209e-12
445 0 0 -2.74989e-06 -9.14046e-12
445 0 1 0 0
445 0 2 3.66477e-14 1.60339e-15
445 0 3 0 0
445 1 0 0 0
445 1 1 -2.74989e-06 -9.14046e-12
445 1 2 0 0
445 1 3 3.66477e-14 1.60339e-15
445 2 0 3.10563e-14 -1.51591e-15
445 2 1 0 0
445 2 2 -2.74989e-06 -9.14754e-12
445 2 3 0 0
445 3 0 0 0
445 3 1 3.10563e-14 -1.51591e-15
445 3 2 0 0
445 3 3 -2.74989e-06 -9.14754e-12
446 0 0 -2.78215e-06 -9.01187e-12
446 0 1 0 0
446 0 2 3.70112e-14 1.58069e-15
446 0 3 0 0
446 1 0 0 0
446 1 1 -2.78215e-06 -9.01187e-12
446 1 2 0 0
446 1 3 3.70112e-14 1.58069e-15
446 2 0 3.15003e-14 -1.49424e-15
446 2 1 0 0
446 2 2 -2.78215e-06 -9.01885e-12
446 2 3 0 0
446 3 0 0 0
446 3 1 3.15003e-14 -1.49424e-15
446 3 2 0 0
446 3 3 -2.78215e-06 -9.01885e-12
447 0 0 -2.81495e-06 -8.82059e-12
447 0 1 0 0
447 0 2 3.73648e-14 1.54699e-15
447 0 3 0 0
447 1 0 0 0
447 1 1 -2.81495e-06 -8.82059e-12
447 1 2 0 0
447 1 3 3.73648e-14 1.54699e-15
447 2 0 3.19725e-14 -1.46218e-15
447 2 1 0 0
447 2 2 -2.81495e-06 -8.82743e-12
447 2 3 0 0
447 3 0 0 0
447 3 1 3.19725e-14 -1.46218e-15
447 3 2 0 0
447 3 3 -2.81495e-06 -8.82743e-12
448 0 0 -2.84828e-06 -8.56844e-12
448 0 1 0 0
448 0 2 3.77088e-14 1.50262e-15
448 0 3 0 0
448 1 0 0 0
448 1 1 -2.84828e-06 -8.56844e-12
448 1 2 0 0
448 1 3 3.77088e-14 1.50262e-15
448 2 0 3.24725e-14 -1.42003e-15
448 2 1 0 0
448 2 2 -2.84828e-06 -8.57509e-12
448 2 3 0 0
448 3 0 0 0
448 3 1 3.24725e-14 -1.42003e-15
448 3 2 0 0
448 3 3 -2.84828e-06 -8.57509e-12
449 0 0 -2.88214e-06 -8.25761e-12
449 0 1 0 0
449 0 2 3.80439e-14 1.44796e-15
449 0 3 0 0
449 1 0 0 0
449 1 1 -2.88214e-06 -8.25761e-12
449 1 2 0 0
449 1 3 3.80439e-14 1.44796e-15
449 2 0 3.29992e-14 -1.36815e-15
449 2 1 0 0
449 2 2 -2.88214e-06 -8.26403e-12
449 2 3 0 0
449 3 0 0 0
449 3 1 3.29992e-14 -1.36815e-15
449 3 2 0 0
449 3 3 -2.88214e-06 -8.26403e-12
450 0 0 -2.91656e-06 -7.8907e-12
450 0 1 0 0
450 0 2 3.83706e-14 1.38347e-15
450 0 3 0 0
450 1 0 0 0
450 1 1 -2.91656e-06 -7.8907e-12
450 1 2 0 0
450 1 3 3.83706e-14 1.38347e-15
450 2 0 3.35519e-14 -1.30699e-15
450 2 1 0 0
450 2 2 -2.91656e-06 -7.89684e-12
450 2 3 0 0
450 3 0 0 0
450 3 1 3.35519e-14 -1.30699e-15
450 3 2 0 0
450 3 3 -2.91656e-06 -7.89684e-12
451 0 0 -2.95152e-06 -7.47065e-12
451 0 1 0 0
451 0 2 3.86896e-14 1.30966e-15
451 0 3 0 0
451 1 0 0 0
451 1 1 -2.95152e-06 -7.47065e-12
451 1 2 0 0
451 1 3 3.86896e-14 1.30966e-15
451 2 0 3.41294e-14 -1.23703e-15
451 2 1 0 0
451 2 2 -2.95152e-06 -7.47647e-12
451 2 3 0 0
451 3 0 0 0
451 3 1 3.41294e-14 -1.23703e-15
451 3 2 0 0
451 3 3 -2.95152e-06 -7.47647e-12
452 0 0 -2.98705e-06 -7.00076e-12
452 0 1 0 0
452 0 2 3.90018e-14 1.22711e-15
452 0 3 0 0
452 1 0 0 0
452 1 1 -2.98705e-06 -7.00076e-12
452 1 2 0 0
452 1 3 3.90018e-14 1.22711e-15
452 2 0 3.47304e-14 -1.15881e-15
452 2 1 0 0
452 2 2 -2.98705e-06 -7.00621e-12
452 2 3 0 0
452 3 0 0 0
452 3 1 3.47304e-14 -1.15881e-15
452 3 2 0 0
452 3 3 -2.98705e-06 -7.00621e-12
453 0 0 -3.02314e-06 -6.4846e-12
453 0 1 0 0
453 0 2 3.93081e-14 1.13645e-15
453 0 3 0 0
453 1 0 0 0
453 1 1 -3.02314e-06 -6.4846e-12
453 1 2 0 0
453 1 3 3.93081e-14 1.13645e-15
453 2 0 3.53537e-14 -1.07294e-15
453 2 1 0 0
453 2 2 -3.02314e-06 -6.48966e-12
453 2 3 0 0
453 3 0 0 0
453 3 1 3.53537e-14 -1.07294e-15
453 3 2 0 0
453 3 3 -3.02314e-06 -6.48966e-12
454 0 0 -3.0598e-06 -5.92606e-12
454 0 1 0 0
454 0 2 3.96093e-14 1.03837e-15
454 0 3 0 0
454 1 0 0 0
454 1 1 -3.0598e-06 -5.92606e-12
454 1 2 0 0
454 1 3 3.96093e-14 1.03837e-15
454 2 0 3.59977e-14 -9.80065e-16
454 2 1 0 0
454 2 2 -3.0598e-06 -5.93069e-12
454 2 3 0 0
454 3 0 0 0
454 3 1 3.59977e-14 -9.80065e-16
454 3 2 0 0
454 3 3 -3.0598e-06 -5.93069e-12
455 0 0 -3.09704e-06 -5.32929e-12
455 0 1 0 0
455 0 2 3.99064e-14 9.3359e-16
455 0 3 0 0
455 1 0 0 0
455 1 1 -3.09704e-06 -5.32929e-12
455 1 2 0 0
455 1 3 3.99064e-14 9.3359e-16
455 2 0 3.66611e-14 -8.80864e-16
455 2 1 0 0
455 2 2 -3.09704e-06 -5.33346e-12
455 2 3 0 0
455 3 0 0 0
455 3 1 3.66611e-14 -8.80864e-16
455 3 2 0 0
455 3 3 -3.09704e-06 -5.33346e-12
456 0 0 -3.13486e-06 -4.69865e-12
456 0 1 0 0
456 0 2 4.02006e-14 8.22877e-16
456 0 3 0 0
456 1 0 0 0
456 1 1 -3.13486e-06 -4.69865e-12
456 1 2 0 0
456 1 3 4.02006e-14 8.22877e-16
456 2 0 3.7342e-14 -7.76068e-16
456 2 1 0 0
456 2 2 -3.13486e-06 -4.70234e-12
456 2 3 0 0
456 3 0 0 0
456 3 1 3.7342e-14 -7.76068e-16
456 3 2 0 0
456 3 3 -3.13486e-06 -4.70234e-12
457 0 0 -3.17328e-06 -4.03871e-12
457 0 1 0 0
457 0 2 4.0493e-14 7.07034e-16
457 0 3 0 0
457 1 0 0 0
457 1 1 -3.17328e-06 -4.03871e-12
457 1 2 0 0
457 1 3 4.0493e-14 7.07034e-16
457 2 0 3.8039e-14 -6.66435e-16
457 2 1 0 0
457 2 2 -3.17328e-06 -4.04189e-12
457 2 3 0 0
457 3 0 0 0
457 3 1 3.8039e-14 -6.66435e-16
457 3 2 0 0
457 3 3 -3.17328e-06 -4.04189e-12
458 0 0 -3.21229e-06 -3.35419e-12
458 0 1 0 0
458 0 2 4.07846e-14 5.8689e-16
458 0 3 0 0
458 1 0 0 0
458 1 1 -3.21229e-06 -3.35419e-12
458 1 2 0 0
458 1 3 4.07846e-14 5.8689e-16
458 2 0 3.87501e-14 -5.52751e-16
458 2 1 0 0
458 2 2 -3.21229e-06 -3.35684e-12
458 2 3 0 0
458 3 0 0 0
458 3 1 3.87501e-14 -5.52751e-16
458 3 2 0 0
458 3 3 -3.21229e-06 -3.35684e-12
459 0 0 -3.25192e-06 -2.64996e-12
459 0 1 0 0
459 0 2 4.10767e-14 4.633e-16
459 0 3 0 0
459 1 0 0 0
459 1 1 -3.25192e-06 -2.64996e-12
459 1 2 0 0
459 1 3 4.10767e-14 4.633e-16
459 2 0 3.94735e-14 -4.35824e-16
459 2 1 0 0
459 2 2 -3.25192e-06 -2.65208e-12
459 2 3 0 0
459 3 0 0 0
459 3 1 3.94735e-14 -4.35824e-16
459 3 2 0 0
459 3 3 -3.25192e-06 -2.65208e-12
460 0 0 -3.29215e-06 -1.931e-12
460 0 1 0 0
460 0 2 4.13704e-14 3.37135e-16
460 0 3 0 0
460 1 0 0 0
460 1 1 -3.29215e-06 -1.931e-12
460 1 2 0 0
460 1 3 4.13704e-14 3.37135e-16
460 2 0 4.02076e-14 -3.16478e-16
460 2 1 0 0
460 2 2 -3.29215e-06 -1.93256e-12
460 2 3 0 0
460 3 0 0 0
460 3 1 4.02076e-14 -3.16478e-16
460 3 2 0 0
460 3 3 -3.29215e-06 -1.93256e-12
461 0 0 -3.33301e-06 -1.20233e-12
461 0 1 0 0
461 0 2 4.1667e-14 2.09278e-16
461 0 3 0 0
461 1 0 0 0
461 1 1 -3.33301e-06 -1.20233e-12
461 1 2 0 0
461 1 3 4.1667e-14 2.09278e-16
461 2 0 4.09503e-14 -1.95548e-16
461 2 1 0 0
461 2 2 -3.33301e-06 -1.20332e-12
461 2 3 0 0
461 3 0 0 0
461 3 1 4.09503e-14 -1.95548e-16
461 3 2 0 0
461 3 3 -3.33301e-06 -1.20332e-12
462 0 0 -3.3745e-06 -4.69023e-13
462 0 1 0 0
462 0 2 4.19677e-14 8.06188e-17
462 0 3 0 0
462 1 0 0 0
462 1 1 -3.3745e-06 -4.69023e-13
462 1 2 0 0
462 1 3 4.19677e-14 8.06188e-17
462 2 0 4.16998e-14 -7.38763e-17
462 2 1 0 0
462 2 2 -3.3745e-06 -4.6945e-13
462 2 3 0 0
462 3 0 0 0
462 3 1 4.16998e-14 -7.38763e-17
462 3 2 0 0
462 3 3 -3.3745e-06 -4.6945e-13
463 0 0 -3.41662e-06 2.63856e-13
463 0 1 0 0
463 0 2 4.22738e-14 -4.79536e-17
463 0 3 0 0
463 1 0 0 0
463 1 1 -3.41662e-06 2.63856e-13
463 1 2 0 0
463 1 3 4.22738e-14 -4.79536e-17
463 2 0 4.24542e-14 4.76973e-17
463 2 1 0 0
463 2 2 -3.41662e-06 2.63996e-13
463 2 3 0 0
463 3 0 0 0
463 3 1 4.24542e-14 4.76973e-17
463 3 2 0 0
463 3 3 -3.41662e-06 2.63996e-13
464 0 0 -3.45939e-06 9.91269e-13
464 0 1 0 0
464 0 2 4.25864e-14 -1.75556e-16
464 0 3 0 0
464 1 0 0 0
464 1 1 -3.45939e-06 9.91269e-13
464 1 2 0 0
464 1 3 4.25864e-14 -1.75556e-16
464 2 0 4.32118e-14 1.68338e-16
464 2 1 0 0
464 2 2 -3.45939e-06 9.91973e-13
464 2 3 0 0
464 3 0 0 0
464 3 1 4.32118e-14 1.68338e-16
464 3 2 0 0
464 3 3 -3.45939e-06 9.91973e-13
465 0 0 -3.50281e-06 1.70825e-12
465 0 1 0 0
465 0 2 4.29068e-14 -3.01317e-16
465 0 3 0 0
465 1 0 0 0
465 1 1 -3.50281e-06 1.70825e-12
465 1 2 0 0
465 1 3 4.29068e-14 -3.01317e-16
465 2 0 4.39706e-14 2.87221e-16
465 2 1 0 0
465 2 2 -3.50281e-06 1.70951e-12
465 2 3 0 0
465 3 0 0 0
465 3 1 4.39706e-14 2.87221e-16
465 3 2 0 0
465 3 3 -3.50281e-06 1.70951e-12
466 0 0 -3.54689e-06 2.40993e-12
466 0 1 0 0
466 0 2 4.32361e-14 -4.24383e-16
466 0 3 0 0
466 1 0 0 0
466 1 1 -3.54689e-06 2.40993e-12
466 1 2 0 0
466 1 3 4.32361e-14 -4.24383e-16
466 2 0 4.47289e-14 4.03539e-16
466 2 1 0 0
466 2 2 -3.54689e-06 2.41173e-12
466 2 3 0 0
466 3 0 0 0
466 3 1 4.47289e-14 4.03539e-16
466 3 2 0 0
466 3 3 -3.54689e-06 2.41173e-12
467 0 0 -3.59164e-06 3.09156e-12
467 0 1 0 0
467 0 2 4.35756e-14 -5.43921e-16
467 0 3 0 0
467 1 0 0 0
467 1 1 -3.59164e-06 3.09156e-12
467 1 2 0 0
467 1 3 4.35756e-14 -5.43921e-16
467 2 0 4.54849e-14 5.16507e-16
467 2 1 0 0
467 2 2 -3.59164e-06 3.09389e-12
467 2 3 0 0
467 3 0 0 0
467 3 1 4.54849e-14 5.16507e-16
467 3 2 0 0
467 3 3 -3.59164e-06 3.09389e-12
468 0 0 -3.63706e-06 3.74857e-12
468 0 1 0 0
468 0 2 4.39264e-14 -6.5913e-16
468 0 3 0 0
468 1 0 0 0
468 1 1 -3.63706e-06 3.74857e-12
468 1 2 0 0
468 1 3 4.39264e-14 -6.5913e-16
468 2 0 4.6237e-14 6.25365e-16
468 2 1 0 0
468 2 2 -3.63706e-06 3.75141e-12
468 2 3 0 0
468 3 0 0 0
468 3 1 4.6237e-14 6.25365e-16
468 3 2 0 0
468 3 3 -3.63706e-06 3.75141e-12
469 0 0 -3.68317e-06 4.37656e-12
469 0 1 0 0
469 0 2 4.42895e-14 -7.69238e-16
469 0 3 0 0
469 1 0 0 0
469 1 1 -3.68317e-06 4.37656e-12
469 1 2 0 0
469 1 3 4.42895e-14 -7.69238e-16
469 2 0 4.69835e-14 7.29387e-16
469 2 1 0 0
469 2 2 -3.68317e-06 4.37989e-12
469 2 3 0 0
469 3 0 0 0
469 3 1 4.69835e-14 7.29387e-16
469 3 2 0 0
469 3 3 -3.68317e-06 4.37989e-12
470 0 0 -3.72998e-06 4.97136e-12
470 0 1 0 0
470 0 2 4.4666e-14 -8.73513e-16
470 0 3 0 0
470 1 0 0 0
470 1 1 -3.72998e-06 4.97136e-12
470 1 2 0 0
470 1 3 4.4666e-14 -8.73513e-16
470 2 0 4.77231e-14 8.2788e-16
470 2 1 0 0
470 2 2 -3.72998e-06 4.97515e-12
470 2 3 0 0
470 3 0 0 0
470 3 1 4.77231e-14 8.2788e-16
470 3 2 0 0
470 3 3 -3.72998e-06 4.97515e-12
471 0 0 -3.77749e-06 5.52904e-12
471 0 1 0 0
471 0 2 4.50568e-14 -9.71268e-16
471 0 3 0 0
471 1 0 0 0
471 1 1 -3.77749e-06 5.52904e-12
471 1 2 0 0
471 1 3 4.50568e-14 -9.71268e-16
471 2 0 4.84541e-14 9.20194e-16
471 2 1 0 0
471 2 2 -3.77749e-06 5.53326e-12
471 2 3 0 0
471 3 0 0 0
471 3 1 4.84541e-14 9.20194e-16
471 3 2 0 0
471 3 3 -3.77749e-06 5.53326e-12
472 0 0 -3.82571e-06 6.04593e-12
472 0 1 0 0
472 0 2 4.54629e-14 -1.06186e-15
472 0 3 0 0
472 1 0 0 0
472 1 1 -3.82571e-06 6.04593e-12
472 1 2 0 0
472 1 3 4.54629e-14 -1.06186e-15
472 2 0 4.91754e-14 1.00572e-15
472 2 1 0 0
472 2 2 -3.82571e-06 6.05056e-12
472 2 3 0 0
472 3 0 0 0
472 3 1 4.91754e-14 1.00572e-15
472 3 2 0 0
472 3 3 -3.82571e-06 6.05056e-12
473 0 0 -3.87465e-06 6.51866e-12
473 0 1 0 0
473 0 2 4.58852e-14 -1.1447e-15
473 0 3 0 0
473 1 0 0 0
473 1 1 -3.87465e-06 6.51866e-12
473 1 2 0 0
473 1 3 4.58852e-14 -1.1447e-15
473 2 0 4.98858e-14 1.08391e-15
473 2 1 0 0
473 2 2 -3.87465e-06 6.52366e-12
473 2 3 0 0
473 3 0 0 0
473 3 1 4.98858e-14 1.08391e-15
473 3 2 0 0
473 3 3 -3.87465e-06 6.52366e-12
474 0 0 -3.92432e-06 6.94416e-12
474 0 1 0 0
474 0 2 4.63244e-14 -1.21924e-15
474 0 3 0 0
474 1 0 0 0
474 1 1 -3.92432e-06 6.94416e-12
474 1 2 0 0
474 1 3 4.63244e-14 -1.21924e-15
474 2 0 5.05841e-14 1.15424e-15
474 2 1 0 0
474 2 2 -3.92432e-06 6.94949e-12
474 2 3 0 0
474 3 0 0 0
474 3 1 5.05841e-14 1.15424e-15
474 3 2 0 0
474 3 3 -3.92432e-06 6.94949e-12
475 0 0 -3.97473e-06 7.31971e-12
475 0 1 0 0
475 0 2 4.67812e-14 -1.28502e-15
475 0 3 0 0
475 1 0 0 0
475 1 1 -3.97473e-06 7.31971e-12
475 1 2 0 0
475 1 3 4.67812e-14 -1.28502e-15
475 2 0 5.12693e-14 1.21628e-15
475 2 1 0 0
475 2 2 -3.97473e-06 7.32534e-12
475 2 3 0 0
475 3 0 0 0
475 3 1 5.12693e-14 1.21628e-15
475 3 2 0 0
475 3 3 -3.97473e-06 7.32534e-12
476 0 0 -4.02588e-06 7.64293e-12
476 0 1 0 0
476 0 2 4.72563e-14 -1.3416e-15
476 0 3 0 0
476 1 0 0 0
476 1 1 -4.02588e-06 7.64293e-12
476 1 2 0 0
476 1 3 4.72563e-14 -1.3416e-15
476 2 0 5.19408e-14 1.26961e-15
476 2 1 0 0
476 2 2 -4.02588e-06 7.64881e-12
476 2 3 0 0
476 3 0 0 0
476 3 1 5.19408e-14 1.26961e-15
476 3 2 0 0
476 3 3 -4.02588e-06 7.64881e-12
477 0 0 -4.0778e-06 7.91176e-12
477 0 1 0 0
477 0 2 4.77502e-14 -1.38865e-15
477 0 3 0 0
477 1 0 0 0
477 1 1 -4.0778e-06 7.91176e-12
477 1 2 0 0
477 1 3 4.77502e-14 -1.38865e-15
477 2 0 5.25977e-14 1.31392e-15
477 2 1 0 0
477 2 2 -4.0778e-06 7.91786e-12
477 2 3 0 0
477 3 0 0 0
477 3 1 5.25977e-14 1.31392e-15
477 3 2 0 0
477 3 3 -4.0778e-06 7.91786e-12
478 0 0 -4.13049e-06 8.12458e-12
478 0 1 0 0
478 0 2 4.82633e-14 -1.42586e-15
478 0 3 0 0
478 1 0 0 0
478 1 1 -4.13049e-06 8.12458e-12
478 1 2 0 0
478 1 3 4.82633e-14 -1.42586e-15
478 2 0 5.32396e-14 1.34893e-15
478 2 1 0 0
478 2 2 -4.13049e-06 8.13085e-12
478 2 3 0 0
478 3 0 0 0
478 3 1 5.32396e-14 1.34893e-15
478 3 2 0 0
478 3 3 -4.13049e-06 8.13085e-12
479 0 0 -4.18395e-06 8.28011e-12
479 0 1 0 0
479 0 2 4.87961e-14 -1.45302e-15
479 0 3 0 0
479 1 0 0 0
479 1 1 -4.18395e-06 8.28011e-12
479 1 2 0 0
479 1 3 4.87961e-14 -1.45302e-15
479 2 0 5.38661e-14 1.37442e-15
479 2 1 0 0
479 2 2 -4.18395e-06 8.2865e-12
479 2 3 0 0
479 3 0 0 0
479 3 1 5.38661e-14 1.37442e-15
479 3 2 0 0
479 3 3 -4.18395e-06 8.2865e-12
480 0 0 -4.2382e-06 8.37745e-12
480 0 1 0 0
480 0 2 4.93489e-14 -1.46997e-15
480 0 3 0 0
480 1 0 0 0
480 1 1 -4.2382e-06 8.37745e-12
480 1 2 0 0
480 1 3 4.93489e-14 -1.46997e-15
480 2 0 5.44768e-14 1.39026e-15
480 2 1 0 0
480 2 2 -4.2382e-06 8.38392e-12
480 2 3 0 0
480 3 0 0 0
480 3 1 5.44768e-14 1.39026e-15
480 3 2 0 0
480 3 3 -4.2382e-06 8.38392e-12
481 0 0 -4.29325e-06 8.41612e-12
481 0 1 0 0
481 0 2 4.99217e-14 -1.47663e-15
481 0 3 0 0
481 1 0 0 0
481 1 1 -4.29325e-06 8.41612e-12
481 1 2 0 0
481 1 3 4.99217e-14 -1.47663e-15
481 2 0 5.50718e-14 1.39637e-15
481 2 1 0 0
481 2 2 -4.29325e-06 8.42262e-12
481 2 3 0 0
481 3 0 0 0
481 3 1 5.50718e-14 1.39637e-15
481 3 2 0 0
481 3 3 -4.29325e-06 8.42262e-12
482 0 0 -4.34911e-06 8.39601e-12
482 0 1 0 0
482 0 2 5.05148e-14 -1.47297e-15
482 0 3 0 0
482 1 0 0 0
482 1 1 -4.34911e-06 8.39601e-12
482 1 2 0 0
482 1 3 5.05148e-14 -1.47297e-15
482 2 0 5.5651e-14 1.39272e-15
482 2 1 0 0
482 2 2 -4.34911e-06 8.4025e-12
482 2 3 0 0
482 3 0 0 0
482 3 1 5.5651e-14 1.39272e-15
482 3 2 0 0
482 3 3 -4.34911e-06 8.4025e-12
483 0 0 -4.40579e-06 8.31742e-12
483 0 1 0 0
483 0 2 5.11281e-14 -1.45906e-15
483 0 3 0 0
483 1 0 0 0
483 1 1 -4.40579e-06 8.31742e-12
483 1 2 0 0
483 1 3 5.11281e-14 -1.45906e-15
483 2 0 5.62147e-14 1.37937e-15
483 2 1 0 0
483 2 2 -4.40579e-06 8.32386e-12
483 2 3 0 0
483 3 0 0 0
483 3 1 5.62147e-14 1.37937e-15
483 3 2 0 0
483 3 3 -4.40579e-06 8.32386e-12
484 0 0 -4.4633e-06 8.18104e-12
484 0 1 0 0
484 0 2 5.17616e-14 -1.43501e-15
484 0 3 0 0
484 1 0 0 0
484 1 1 -4.4633e-06 8.18104e-12
484 1 2 0 0
484 1 3 5.17616e-14 -1.43501e-15
484 2 0 5.67632e-14 1.35645e-15
484 2 1 0 0
484 2 2 -4.4633e-06 8.18738e-12
484 2 3 0 0
484 3 0 0 0
484 3 1 5.67632e-14 1.35645e-15
484 3 2 0 0
484 3 3 -4.4633e-06 8.18738e-12
485 0 0 -4.52165e-06 7.98795e-12
485 0 1 0 0
485 0 2 5.24151e-14 -1.40101e-15
485 0 3 0 0
485 1 0 0 0
485 1 1 -4.52165e-06 7.98795e-12
485 1 2 0 0
485 1 3 5.24151e-14 -1.40101e-15
485 2 0 5.72971e-14 1.32411e-15
485 2 1 0 0
485 2 2 -4.52165e-06 7.99414e-12
485 2 3 0 0
485 3 0 0 0
485 3 1 5.72971e-14 1.32411e-15
485 3 2 0 0
485 3 3 -4.52165e-06 7.99414e-12
486 0 0 -4.58085e-06 7.73958e-12
486 0 1 0 0
486 0 2 5.30883e-14 -1.35732e-15
486 0 3 0 0
486 1 0 0 0
486 1 1 -4.58085e-06 7.73958e-12
486 1 2 0 0
486 1 3 5.30883e-14 -1.35732e-15
486 2 0 5.78169e-14 1.28262e-15
486 2 1 0 0
486 2 2 -4.58085e-06 7.74559e-12
486 2 3 0 0
486 3 0 0 0
486 3 1 5.78169e-14 1.28262e-15
486 3 2 0 0
486 3 3 -4.58085e-06 7.74559e-12
487 0 0 -4.64091e-06 7.43775e-12
487 0 1 0 0
487 0 2 5.3781e-14 -1.30425e-15
487 0 3 0 0
487 1 0 0 0
487 1 1 -4.64091e-06 7.43775e-12
487 1 2 0 0
487 1 3 5.3781e-14 -1.30425e-15
487 2 0 5.83234e-14 1.23227e-15
487 2 1 0 0
487 2 2 -4.64091e-06 7.44353e-12
487 2 3 0 0
487 3 0 0 0
487 3 1 5.83234e-14 1.23227e-15
487 3 2 0 0
487 3 3 -4.64091e-06 7.44353e-12
488 0 0 -4.70185e-06 7.08462e-12
488 0 1 0 0
488 0 2 5.44926e-14 -1.24219e-15
488 0 3 0 0
488 1 0 0 0
488 1 1 -4.70185e-06 7.08462e-12
488 1 2 0 0
488 1 3 5.44926e-14 -1.24219e-15
488 2 0 5.88177e-14 1.17342e-15
488 2 1 0 0
488 2 2 -4.70185e-06 7.09013e-12
488 2 3 0 0
488 3 0 0 0
488 3 1 5.88177e-14 1.17342e-15
488 3 2 0 0
488 3 3 -4.70185e-06 7.09013e-12
489 0 0 -4.76368e-06 6.68271e-12
489 0 1 0 0
489 0 2 5.52227e-14 -1.17158e-15
489 0 3 0 0
489 1 0 0 0
489 1 1 -4.76368e-06 6.68271e-12
489 1 2 0 0
489 1 3 5.52227e-14 -1.17158e-15
489 2 0 5.93006e-14 1.10649e-15
489 2 1 0 0
489 2 2 -4.76368e-06 6.68792e-12
489 2 3 0 0
489 3 0 0 0
489 3 1 5.93006e-14 1.10649e-15
489 3 2 0 0
489 3 3 -4.76368e-06 6.68792e-12
490 0 0 -4.8264e-06 6.23484e-12
490 0 1 0 0
490 0 2 5.59707e-14 -1.09291e-15
490 0 3 0 0
490 1 0 0 0
490 1 1 -4.8264e-06 6.23484e-12
490 1 2 0 0
490 1 3 5.59707e-14 -1.09291e-15
490 2 0 5.97733e-14 1.03196e-15
490 2 1 0 0
490 2 2 -4.8264e-06 6.2397e-12
490 2 3 0 0
490 3 0 0 0
490 3 1 5.97733e-14 1.03196e-15
490 3 2 0 0
490 3 3 -4.8264e-06 6.2397e-12
491 0 0 -4.89004e-06 5.74414e-12
491 0 1 0 0
491 0 2 5.67359e-14 -1.00673e-15
491 0 3 0 0
491 1 0 0 0
491 1 1 -4.89004e-06 5.74414e-12
491 1 2 0 0
491 1 3 5.67359e-14 -1.00673e-15
491 2 0 6.02373e-14 9.50334e-16
491 2 1 0 0
491 2 2 -4.89004e-06 5.74863e-12
491 2 3 0 0
491 3 0 0 0
491 3 1 6.02373e-14 9.50334e-16
491 3 2 0 0
491 3 3 -4.89004e-06 5.74863e-12
492 0 0 -4.95459e-06 5.21403e-12
492 0 1 0 0
492 0 2 5.75177e-14 -9.13651e-16
492 0 3 0 0
492 1 0 0 0
492 1 1 -4.95459e-06 5.21403e-12
492 1 2 0 0
492 1 3 5.75177e-14 -9.13651e-16
492 2 0 6.06937e-14 8.6219e-16
492 2 1 0 0
492 2 2 -4.95459e-06 5.21811e-12
492 2 3 0 0
492 3 0 0 0
492 3 1 6.06937e-14 8.6219e-16
492 3 2 0 0
492 3 3 -4.95459e-06 5.21811e-12
493 0 0 -5.02008e-06 4.64817e-12
493 0 1 0 0
493 0 2 5.83153e-14 -8.14305e-16
493 0 3 0 0
493 1 0 0 0
493 1 1 -5.02008e-06 4.64817e-12
493 1 2 0 0
493 1 3 5.83153e-14 -8.14305e-16
493 2 0 6.11442e-14 7.68136e-16
493 2 1 0 0
493 2 2 -5.02008e-06 4.65181e-12
493 2 3 0 0
493 3 0 0 0
493 3 1 6.11442e-14 7.68136e-16
493 3 2 0 0
493 3 3 -5.02008e-06 4.65181e-12
494 0 0 -5.08652e-06 4.05045e-12
494 0 1 0 0
494 0 2 5.91279e-14 -7.09381e-16
494 0 3 0 0
494 1 0 0 0
494 1 1 -5.08652e-06 4.05045e-12
494 1 2 0 0
494 1 3 5.91279e-14 -7.09381e-16
494 2 0 6.15902e-14 6.6882e-16
494 2 1 0 0
494 2 2 -5.08652e-06 4.05364e-12
494 2 3 0 0
494 3 0 0 0
494 3 1 6.15902e-14 6.6882e-16
494 3 2 0 0
494 3 3 -5.08652e-06 4.05364e-12
495 0 0 -5.15392e-06 3.42502e-12
495 0 1 0 0
495 0 2 5.99545e-14 -5.99602e-16
495 0 3 0 0
495 1 0 0 0
495 1 1 -5.15392e-06 3.42502e-12
495 1 2 0 0
495 1 3 5.99545e-14 -5.99602e-16
495 2 0 6.20335e-14 5.64927e-16
495 2 1 0 0
495 2 2 -5.15392e-06 3.42772e-12
495 2 3 0 0
495 3 0 0 0
495 3 1 6.20335e-14 5.64927e-16
495 3 2 0 0
495 3 3 -5.15392e-06 3.42772e-12
496 0 0 -5.22229e-06 2.77614e-12
496 0 1 0 0
496 0 2 6.07943e-14 -4.85721e-16
496 0 3 0 0
496 1 0 0 0
496 1 1 -5.22229e-06 2.77614e-12
496 1 2 0 0
496 1 3 6.07943e-14 -4.85721e-16
496 2 0 6.24757e-14 4.57169e-16
496 2 1 0 0
496 2 2 -5.22229e-06 2.77835e-12
496 2 3 0 0
496 3 0 0 0
496 3 1 6.24757e-14 4.57169e-16
496 3 2 0 0
496 3 3 -5.22229e-06 2.77835e-12
497 0 0 -5.29164e-06 2.10828e-12
497 0 1 0 0
497 0 2 6.16463e-14 -3.68519e-16
497 0 3 0 0
497 1 0 0 0
497 1 1 -5.29164e-06 2.10828e-12
497 1 2 0 0
497 1 3 6.16463e-14 -3.68519e-16
497 2 0 6.29186e-14 3.46286e-16
497 2 1 0 0
497 2 2 -5.29164e-06 2.10997e-12
497 2 3 0 0
497 3 0 0 0
497 3 1 6.29186e-14 3.46286e-16
497 3 2 0 0
497 3 3 -5.29164e-06 2.10997e-12
498 0 0 -5.362e-06 1.426e-12
498 0 1 0 0
498 0 2 6.25095e-14 -2.48799e-16
498 0 3 0 0
498 1 0 0 0
498 1 1 -5.362e-06 1.426e-12
498 1 2 0 0
498 1 3 6.25095e-14 -2.48799e-16
498 2 0 6.3364e-14 2.33036e-16
498 2 1 0 0
498 2 2 -5.362e-06 1.42717e-12
498 2 3 0 0
498 3 0 0 0
498 3 1 6.3364e-14 2.33036e-16
498 3 2 0 0
498 3 3 -5.362e-06 1.42717e-12
499 0 0 -5.43337e-06 7.33972e-13
499 0 1 0 0
499 0 2 6.3383e-14 -1.27378e-16
499 0 3 0 0
499 1 0 0 0
499 1 1 -5.43337e-06 7.33972e-13
499 1 2 0 0
499 1 3 6.3383e-14 -1.27378e-16
499 2 0 6.38139e-14 1.18193e-16
499 2 1 0 0
499 2 2 -5.43337e-06 7.34602e-13
499 2 3 0 0
499 3 0 0 0
499 3 1 6.38139e-14 1.18193e-16
499 3 2 0 0
499 3 3 -5.43337e-06 7.34602e-13
500 0 0 -5.50576e-06 3.69237e-14
500 0 1 0 0
500 0 2 6.42656e-14 -5.08742e-18
500 0 3 0 0
500 1 0 0 0
500 1 1 -5.50576e-06 3.69237e-14
500 1 2 0 0
500 1 3 6.42656e-14 -5.08742e-18
500 2 0 6.427e-14 2.54352e-18
500 2 1 0 0
500 2 2 -5.50576e-06 3.70158e-14
500 2 3 0 0
500 3 0 0 0
500 3 1 6.427e-14 2.54352e-18
500 3 2 0 0
500 3 3 -5.50576e-06 3.70158e-14
501 0 0 -5.57919e-06 -6.60381e-13
501 0 1 0 0
501 0 2 6.51565e-14 1.17238e-16
501 0 3 0 0
501 1 0 0 0
501 1 1 -5.57919e-06 -6.60381e-13
501 1 2 0 0
501 1 3 6.51565e-14 1.17238e-16
501 2 0 6.47342e-14 -1.13123e-16
501 2 1 0 0
501 2 2 -5.57919e-06 -6.60829e-13
501 2 3 0 0
501 3 0 0 0
501 3 1 6.47342e-14 -1.13123e-16
501 3 2 0 0
501 3 3 -5.57919e-06 -6.60829e-13
502 0 0 -5.65368e-06 -1.35318e-12
502 0 1 0 0
502 0 2 6.60545e-14 2.38762e-16
502 0 3 0 0
502 1 0 0 0
502 1 1 -5.65368e-06 -1.35318e-12
502 1 2 0 0
502 1 3 6.60545e-14 2.38762e-16
502 2 0 6.52085e-14 -2.28017e-16
502 2 1 0 0
502 2 2 -5.65368e-06 -1.35416e-12
502 2 3 0 0
502 3 0 0 0
502 3 1 6.52085e-14 -2.28017e-16
502 3 2 0 0
502 3 3 -5.65368e-06 -1.35416e-12
503 0 0 -5.72923e-06 -2.03673e-12
503 0 1 0 0
503 0 2 6.69586e-14 3.58654e-16
503 0 3 0 0
503 1 0 0 0
503 1 1 -5.72923e-06 -2.03673e-12
503 1 2 0 0
503 1 3 6.69586e-14 3.58654e-16
503 2 0 6.56947e-14 -3.41352e-16
503 2 1 0 0
503 2 2 -5.72923e-06 -2.03825e-12
503 2 3 0 0
503 3 0 0 0
503 3 1 6.56947e-14 -3.41352e-16
503 3 2 0 0
503 3 3 -5.72923e-06 -2.03825e-12
504 0 0 -5.80587e-06 -2.70637e-12
504 0 1 0 0
504 0 2 6.78678e-14 4.76094e-16
504 0 3 0 0
504 1 0 0 0
504 1 1 -5.80587e-06 -2.70637e-12
504 1 2 0 0
504 1 3 6.78678e-14 4.76094e-16
504 2 0 6.61946e-14 -4.52353e-16
504 2 1 0 0
504 2 2 -5.80587e-06 -2.7084e-12
504 2 3 0 0
504 3 0 0 0
504 3 1 6.61946e-14 -4.52353e-16
504 3 2 0 0
504 3 3 -5.80587e-06 -2.7084e-12
505 0 0 -5.88361e-06 -3.35751e-12
505 0 1 0 0
505 0 2 6.87811e-14 5.90278e-16
505 0 3 0 0
505 1 0 0 0
505 1 1 -5.88361e-06 -3.35751e-12
505 1 2 0 0
505 1 3 6.87811e-14 5.90278e-16
505 2 0 6.67101e-14 -5.60261e-16
505 2 1 0 0
505 2 2 -5.88361e-06 -3.36005e-12
505 2 3 0 0
505 3 0 0 0
505 3 1 6.67101e-14 -5.60261e-16
505 3 2 0 0
505 3 3 -5.88361e-06 -3.36005e-12
506 0 0 -5.96246e-06 -3.98568e-12
506 0 1 0 0
506 0 2 6.96976e-14 7.00423e-16
506 0 3 0 0
506 1 0 0 0
506 1 1 -5.96246e-06 -3.98568e-12
506 1 2 0 0
506 1 3 6.96976e-14 7.00423e-16
506 2 0 6.7243e-14 -6.64336e-16
506 2 1 0 0
506 2 2 -5.96246e-06 -3.98871e-12
506 2 3 0 0
506 3 0 0 0
506 3 1 6.7243e-14 -6.64336e-16
506 3 2 0 0
506 3 3 -5.96246e-06 -3.98871e-12
507 0 0 -6.04243e-06 -4.58658e-12
507 0 1 0 0
507 0 2 7.06164e-14 8.05775e-16
507 0 3 0 0
507 1 0 0 0
507 1 1 -6.04243e-06 -4.58658e-12
507 1 2 0 0
507 1 3 7.06164e-14 8.05775e-16
507 2 0 6.77948e-14 -7.63863e-16
507 2 1 0 0
507 2 2 -6.04243e-06 -4.59007e-12
507 2 3 0 0
507 3 0 0 0
507 3 1 6.77948e-14 -7.63863e-16
507 3 2 0 0
507 3 3 -6.04243e-06 -4.59007e-12
508 0 0 -6.12355e-06 -5.15606e-12
508 0 1 0 0
508 0 2 7.15365e-14 9.05606e-16
508 0 3 0 0
508 1 0 0 0
508 1 1 -6.12355e-06 -5.15606e-12
508 1 2 0 0
508 1 3 7.15365e-14 9.05606e-16
508 2 0 6.83674e-14 -8.58157e-16
508 2 1 0 0
508 2 2 -6.12355e-06 -5.16e-12
508 2 3 0 0
508 3 0 0 0
508 3 1 6.83674e-14 -8.58157e-16
508 3 2 0 0
508 3 3 -6.12355e-06 -5.16e-12
509 0 0 -6.20583e-06 -5.69021e-12
509 0 1 0 0
509 0 2 7.24571e-14 9.99229e-16
509 0 3 0 0
509 1 0 0 0
509 1 1 -6.20583e-06 -5.69021e-12
509 1 2 0 0
509 1 3 7.24571e-14 9.99229e-16
509 2 0 6.89622e-14 -9.46569e-16
509 2 1 0 0
509 2 2 -6.20583e-06 -5.69456e-12
509 2 3 0 0
509 3 0 0 0
509 3 1 6.89622e-14 -9.46569e-16
509 3 2 0 0
509 3 3 -6.20583e-06 -5.69456e-12
510 0 0 -6.28928e-06 -6.18531e-12
510 0 1 0 0
510 0 2 7.33774e-14 1.086e-15
510 0 3 0 0
510 1 0 0 0
510 1 1 -6.28928e-06 -6.18531e-12
510 1 2 0 0
510 1 3 7.33774e-14 1.086e-15
510 2 0 6.95807e-14 -1.02849e-15
510 2 1 0 0
510 2 2 -6.28928e-06 -6.19005e-12
510 2 3 0 0
510 3 0 0 0
510 3 1 6.95807e-14 -1.02849e-15
510 3 2 0 0
510 3 3 -6.28928e-06 -6.19005e-12
511 0 0 -6.37392e-06 -6.63794e-12
511 0 1 0 0
511 0 2 7.42967e-14 1.1653e-15
511 0 3 0 0
511 1 0 0 0
511 1 1 -6.37392e-06 -6.63794e-12
511 1 2 0 0
511 1 3 7.42967e-14 1.1653e-15
511 2 0 7.02243e-14 -1.10334e-15
511 2 1 0 0
511 2 2 -6.37392e-06 -6.64303e-12
511 2 3 0 0
511 3 0 0 0
511 3 1 7.02243e-14 -1.10334e-15
511 3 2 0 0
511 3 3 -6.37392e-06 -6.64303e-12
512 0 0 -6.45977e-06 -7.04493e-12
512 0 1 0 0
512 0 2 7.52144e-14 1.2366e-15
512 0 3 0 0
512 1 0 0 0
512 1 1 -6.45977e-06 -7.04493e-12
512 1 2 0 0
512 1 3 7.52144e-14 1.2366e-15
512 2 0 7.08942e-14 -1.1706e-15
512 2 1 0 0
512 2 2 -6.45977e-06 -7.05034e-12
512 2 3 0 0
512 3 0 0 0
512 3 1 7.08942e-14 -1.1706e-15
512 3 2 0 0
512 3 3 -6.45977e-06 -7.05034e-12
513 0 0 -6.54685e-06 -7.40342e-12
513 0 1 0 0
513 0 2 7.61298e-14 1.29938e-15
513 0 3 0 0
513 1 0 0 0
513 1 1 -6.54685e-06 -7.40342e-12
513 1 2 0 0
513 1 3 7.61298e-14 1.29938e-15
513 2 0 7.15916e-14 -1.22981e-15
513 2 1 0 0
513 2 2 -6.54685e-06 -7.40911e-12
513 2 3 0 0
513 3 0 0 0
513 3 1 7.15916e-14 -1.22981e-15
513 3 2 0 0
513 3 3 -6.54685e-06 -7.40911e-12
514 0 0 -6.63516e-06 -7.71086e-12
514 0 1 0 0
514 0 2 7.70425e-14 1.3532e-15
514 0 3 0 0
514 1 0 0 0
514 1 1 -6.63516e-06 -7.71086e-12
514 1 2 0 0
514 1 3 7.70425e-14 1.3532e-15
514 2 0 7.23176e-14 -1.28053e-15
514 2 1 0 0
514 2 2 -6.63516e-06 -7.71679e-12
514 2 3 0 0
514 3 0 0 0
514 3 1 7.23176e-14 -1.28053e-15
514 3 2 0 0
514 3 3 -6.63516e-06 -7.71679e-12
515 0 0 -6.72474e-06 -7.96505e-12
515 0 1 0 0
515 0 2 7.7952e-14 1.39767e-15
515 0 3 0 0
515 1 0 0 0
515 1 1 -6.72474e-06 -7.96505e-12
515 1 2 0 0
515 1 3 7.7952e-14 1.39767e-15
515 2 0 7.3073e-14 -1.32241e-15
515 2 1 0 0
515 2 2 -6.72474e-06 -7.97119e-12
515 2 3 0 0
515 3 0 0 0
515 3 1 7.3073e-14 -1.32241e-15
515 3 2 0 0
515 3 3 -6.72474e-06 -7.97119e-12
516 0 0 -6.81558e-06 -8.16415e-12
516 0 1 0 0
516 0 2 7.88579e-14 1.43247e-15
516 0 3 0 0
516 1 0 0 0
516 1 1 -6.81558e-06 -8.16415e-12
516 1 2 0 0
516 1 3 7.88579e-14 1.43247e-15
516 2 0 7.38585e-14 -1.35514e-15
516 2 1 0 0
516 2 2 -6.81558e-06 -8.17044e-12
516 2 3 0 0
516 3 0 0 0
516 3 1 7.38585e-14 -1.35514e-15
516 3 2 0 0
516 3 3 -6.81558e-06 -8.17044e-12
517 0 0 -6.90773e-06 -8.30665e-12
517 0 1 0 0
517 0 2 7.97599e-14 1.45734e-15
517 0 3 0 0
517 1 0 0 0
517 1 1 -6.90773e-06 -8.30665e-12
517 1 2 0 0
517 1 3 7.97599e-14 1.45734e-15
517 2 0 7.46749e-14 -1.37847e-15
517 2 1 0 0
517 2 2 -6.90772e-06 -8.31306e-12
517 2 3 0 0
517 3 0 0 0
517 3 1 7.46749e-14 -1.37847e-15
517 3 2 0 0
517 3 3 -6.90772e-06 -8.31306e-12
518 0 0 -7.00118e-06 -8.39144e-12
518 0 1 0 0
518 0 2 8.0658e-14 1.47209e-15
518 0 3 0 0
518 1 0 0 0
518 1 1 -7.00118e-06 -8.39144e-12
518 1 2 0 0
518 1 3 8.0658e-14 1.47209e-15
518 2 0 7.55227e-14 -1.39223e-15
518 2 1 0 0
518 2 2 -7.00118e-06 -8.39793e-12
518 2 3 0 0
518 3 0 0 0
518 3 1 7.55227e-14 -1.39223e-15
518 3 2 0 0
518 3 3 -7.00118e-06 -8.39793e-12
519 0 0 -7.09596e-06 -8.41782e-12
519 0 1 0 0
519 0 2 8.15519e-14 1.47659e-15
519 0 3 0 0
519 1 0 0 0
519 1 1 -7.09596e-06 -8.41782e-12
519 1 2 0 0
519 1 3 8.15519e-14 1.47659e-15
519 2 0 7.6402e-14 -1.39629e-15
519 2 1 0 0
519 2 2 -7.09596e-06 -8.42432e-12
519 2 3 0 0
519 3 0 0 0
519 3 1 7.6402e-14 -1.39629e-15
519 3 2 0 0
519 3 3 -7.09596e-06 -8.42432e-12
520 0 0 -7.19208e-06 -8.38542e-12
520 0 1 0 0
520 0 2 8.24417e-14 1.47077e-15
520 0 3 0 0
520 1 0 0 0
520 1 1 -7.19208e-06 -8.38542e-12
520 1 2 0 0
520 1 3 8.24417e-14 1.47077e-15
520 2 0 7.73132e-14 -1.3906e-15
520 2 1 0 0
520 2 2 -7.19208e-06 -8.3919e-12
520 2 3 0 0
520 3 0 0 0
520 3 1 7.73132e-14 -1.3906e-15
520 3 2 0 0
520 3 3 -7.19208e-06 -8.3919e-12
521 0 0 -7.28958e-06 -8.2943e-12
521 0 1 0 0
521 0 2 8.33275e-14 1.45466e-15
521 0 3 0 0
521 1 0 0 0
521 1 1 -7.28958e-06 -8.2943e-12
521 1 2 0 0
521 1 3 8.33275e-14 1.45466e-15
521 2 0 7.82564e-14 -1.37518e-15
521 2 1 0 0
521 2 2 -7.28958e-06 -8.30072e-12
521 2 3 0 0
521 3 0 0 0
521 3 1 7.82564e-14 -1.37518e-15
521 3 2 0 0
521 3 3 -7.28958e-06 -8.30072e-12
522 0 0 -7.38845e-06 -8.14493e-12
522 0 1 0 0
522 0 2 8.42095e-14 1.42832e-15
522 0 3 0 0
522 1 0 0 0
522 1 1 -7.38845e-06 -8.14493e-12
522 1 2 0 0
522 1 3 8.42095e-14 1.42832e-15
522 2 0 7.92312e-14 -1.35009e-15
522 2 1 0 0
522 2 2 -7.38845e-06 -8.15124e-12
522 2 3 0 0
522 3 0 0 0
522 3 1 7.92312e-14 -1.35009e-15
522 3 2 0 0
522 3 3 -7.38845e-06 -8.15124e-12
523 0 0 -7.48874e-06 -7.93813e-12
523 0 1 0 0
523 0 2 8.50878e-14 1.39192e-15
523 0 3 0 0
523 1 0 0 0
523 1 1 -7.48874e-06 -7.93813e-12
523 1 2 0 0
523 1 3 8.50878e-14 1.39192e-15
523 2 0 8.02377e-14 -1.31548e-15
523 2 1 0 0
523 2 2 -7.48874e-06 -7.94428e-12
523 2 3 0 0
523 3 0 0 0
523 3 1 8.02377e-14 -1.31548e-15
523 3 2 0 0
523 3 3 -7.48874e-06 -7.94428e-12
524 0 0 -7.59044e-06 -7.67514e-12
524 0 1 0 0
524 0 2 8.5963e-14 1.34566e-15
524 0 3 0 0
524 1 0 0 0
524 1 1 -7.59044e-06 -7.67514e-12
524 1 2 0 0
524 1 3 8.5963e-14 1.34566e-15
524 2 0 8.12752e-14 -1.27156e-15
524 2 1 0 0
524 2 2 -7.59044e-06 -7.6811e-12
524 2 3 0 0
524 3 0 0 0
524 3 1 8.12752e-14 -1.27156e-15
524 3 2 0 0
524 3 3 -7.59044e-06 -7.6811e-12
525 0 0 -7.69359e-06 -7.35758e-12
525 0 1 0 0
525 0 2 8.68354e-14 1.28983e-15
525 0 3 0 0
525 1 0 0 0
525 1 1 -7.69359e-06 -7.35758e-12
525 1 2 0 0
525 1 3 8.68354e-14 1.28983e-15
525 2 0 8.23434e-14 -1.21859e-15
525 2 1 0 0
525 2 2 -7.69359e-06 -7.3633e-12
525 2 3 0 0
525 3 0 0 0
525 3 1 8.23434e-14 -1.21859e-15
525 3 2 0 0
525 3 3 -7.69359e-06 -7.3633e-12
526 0 0 -7.7982e-06 -6.98743e-12
526 0 1 0 0
526 0 2 8.77056e-14 1.22478e-15
526 0 3 0 0
526 1 0 0 0
526 1 1 -7.7982e-06 -6.98743e-12
526 1 2 0 0
526 1 3 8.77056e-14 1.22478e-15
526 2 0 8.34414e-14 -1.15692e-15
526 2 1 0 0
526 2 2 -7.7982e-06 -6.99287e-12
526 2 3 0 0
526 3 0 0 0
526 3 1 8.34414e-14 -1.15692e-15
526 3 2 0 0
526 3 3 -7.7982e-06 -6.99287e-12
527 0 0 -7.9043e-06 -6.56704e-12
527 0 1 0 0
527 0 2 8.85743e-14 1.15092e-15
527 0 3 0 0
527 1 0 0 0
527 1 1 -7.9043e-06 -6.56704e-12
527 1 2 0 0
527 1 3 8.85743e-14 1.15092e-15
527 2 0 8.45685e-14 -1.08692e-15
527 2 1 0 0
527 2 2 -7.9043e-06 -6.57216e-12
527 2 3 0 0
527 3 0 0 0
527 3 1 8.45685e-14 -1.08692e-15
527 3 2 0 0
527 3 3 -7.9043e-06 -6.57216e-12
528 0 0 -8.0119e-06 -6.09911e-12
528 0 1 0 0
528 0 2 8.94421e-14 1.06873e-15
528 0 3 0 0
528 1 0 0 0
528 1 1 -8.0119e-06 -6.09911e-12
528 1 2 0 0
528 1 3 8.94421e-14 1.06873e-15
528 2 0 8.57238e-14 -1.00905e-15
528 2 1 0 0
528 2 2 -8.0119e-06 -6.10387e-12
528 2 3 0 0
528 3 0 0 0
528 3 1 8.57238e-14 -1.00905e-15
528 3 2 0 0
528 3 3 -8.0119e-06 -6.10387e-12
529 0 0 -8.12103e-06 -5.58667e-12
529 0 1 0 0
529 0 2 9.03097e-14 9.78733e-16
529 0 3 0 0
529 1 0 0 0
529 1 1 -8.12103e-06 -5.58667e-12
529 1 2 0 0
529 1 3 9.03097e-14 9.78733e-16
529 2 0 8.69062e-14 -9.23812e-16
529 2 1 0 0
529 2 2 -8.12103e-06 -5.59103e-12
529 2 3 0 0
529 3 0 0 0
529 3 1 8.69062e-14 -9.23812e-16
529 3 2 0 0
529 3 3 -8.12103e-06 -5.59103e-12
530 0 0 -8.2317e-06 -5.03305e-12
530 0 1 0 0
530 0 2 9.11782e-14 8.81523e-16
530 0 3 0 0
530 1 0 0 0
530 1 1 -8.2317e-06 -5.03305e-12
530 1 2 0 0
530 1 3 9.11782e-14 8.81523e-16
530 2 0 8.81144e-14 -8.31764e-16
530 2 1 0 0
530 2 2 -8.2317e-06 -5.03699e-12
530 2 3 0 0
530 3 0 0 0
530 3 1 8.81144e-14 -8.31764e-16
530 3 2 0 0
530 3 3 -8.2317e-06 -5.03699e-12
531 0 0 -8.34394e-06 -4.44189e-12
531 0 1 0 0
531 0 2 9.20484e-14 7.77736e-16
531 0 3 0 0
531 1 0 0 0
531 1 1 -8.34394e-06 -4.44189e-12
531 1 2 0 0
531 1 3 9.20484e-14 7.77736e-16
531 2 0 8.93472e-14 -7.33509e-16
531 2 1 0 0
531 2 2 -8.34394e-06 -4.44537e-12
531 2 3 0 0
531 3 0 0 0
531 3 1 8.93472e-14 -7.33509e-16
531 3 2 0 0
531 3 3 -8.34394e-06 -4.44537e-12
532 0 0 -8.45778e-06 -3.8171e-12
532 0 1 0 0
532 0 2 9.29213e-14 6.68058e-16
532 0 3 0 0
532 1 0 0 0
532 1 1 -8.45778e-06 -3.8171e-12
532 1 2 0 0
532 1 3 9.29213e-14 6.68058e-16
532 2 0 9.06032e-14 -6.29696e-16
532 2 1 0 0
532 2 2 -8.45778e-06 -3.8201e-12
532 2 3 0 0
532 3 0 0 0
532 3 1 9.06032e-14 -6.29696e-16
532 3 2 0 0
532 3 3 -8.45778e-06 -3.8201e-12
533 0 0 -8.57323e-06 -3.16282e-12
533 0 1 0 0
533 0 2 9.37979e-14 5.53216e-16
533 0 3 0 0
533 1 0 0 0
533 1 1 -8.57323e-06 -3.16282e-12
533 1 2 0 0
533 1 3 9.37979e-14 5.53216e-16
533 2 0 9.18808e-14 -5.21014e-16
533 2 1 0 0
533 2 2 -8.57323e-06 -3.16533e-12
533 2 3 0 0
533 3 0 0 0
533 3 1 9.18808e-14 -5.21014e-16
533 3 2 0 0
533 3 3 -8.57323e-06 -3.16533e-12
534 0 0 -8.69031e-06 -2.48343e-12
534 0 1 0 0
534 0 2 9.46795e-14 4.33979e-16
534 0 3 0 0
534 1 0 0 0
534 1 1 -8.69031e-06 -2.48343e-12
534 1 2 0 0
534 1 3 9.46795e-14 4.33979e-16
534 2 0 9.31786e-14 -4.08191e-16
534 2 1 0 0
534 2 2 -8.69031e-06 -2.48541e-12
534 2 3 0 0
534 3 0 0 0
534 3 1 9.31786e-14 -4.08191e-16
534 3 2 0 0
534 3 3 -8.69031e-06 -2.48541e-12
535 0 0 -8.80905e-06 -1.78349e-12
535 0 1 0 0
535 0 2 9.55671e-14 3.11147e-16
535 0 3 0 0
535 1 0 0 0
535 1 1 -8.80905e-06 -1.78349e-12
535 1 2 0 0
535 1 3 9.55671e-14 3.11147e-16
535 2 0 9.44949e-14 -2.91983e-16
535 2 1 0 0
535 2 2 -8.80905e-06 -1.78493e-12
535 2 3 0 0
535 3 0 0 0
535 3 1 9.44949e-14 -2.91983e-16
535 3 2 0 0
535 3 3 -8.80905e-06 -1.78493e-12
536 0 0 -8.92947e-06 -1.06773e-12
536 0 1 0 0
536 0 2 9.64619e-14 1.8555e-16
536 0 3 0 0
536 1 0 0 0
536 1 1 -8.92947e-06 -1.06773e-12
536 1 2 0 0
536 1 3 9.64619e-14 1.8555e-16
536 2 0 9.58279e-14 -1.73176e-16
536 2 1 0 0
536 2 2 -8.92947e-06 -1.06861e-12
536 2 3 0 0
536 3 0 0 0
536 3 1 9.58279e-14 -1.73176e-16
536 3 2 0 0
536 3 3 -8.92947e-06 -1.06861e-12
537 0 0 -9.0516e-06 -3.40997e-13
537 0 1 0 0
537 0 2 9.73651e-14 5.80394e-17
537 0 3 0 0
537 1 0 0 0
537 1 1 -9.0516e-06 -3.40997e-13
537 1 2 0 0
537 1 3 9.73651e-14 5.80394e-17
537 2 0 9.7176e-14 -5.25754e-17
537 2 1 0 0
537 2 2 -9.0516e-06 -3.41322e-13
537 2 3 0 0
537 3 0 0 0
537 3 1 9.7176e-14 -5.25754e-17
537 3 2 0 0
537 3 3 -9.0516e-06 -3.41322e-13
538 0 0 -9.17546e-06 3.91734e-13
538 0 1 0 0
538 0 2 9.82781e-14 -7.05131e-17
538 0 3 0 0
538 1 0 0 0
538 1 1 -9.17546e-06 3.91734e-13
538 1 2 0 0
538 1 3 9.82781e-14 -7.05131e-17
538 2 0 9.85373e-14 6.8994e-17
538 2 1 0 0
538 2 2 -9.17546e-06 3.91975e-13
538 2 3 0 0
538 3 0 0 0
538 3 1 9.85373e-14 6.8994e-17
538 3 2 0 0
538 3 3 -9.17546e-06 3.91975e-13
539 0 0 -9.30108e-06 1.12544e-12
539 0 1 0 0
539 0 2 9.9202e-14 -1.99225e-16
539 0 3 0 0
539 1 0 0 0
539 1 1 -9.30108e-06 1.12544e-12
539 1 2 0 0
539 1 3 9.9202e-14 -1.99225e-16
539 2 0 9.99101e-14 1.90698e-16
539 2 1 0 0
539 2 2 -9.30108e-06 1.12625e-12
539 2 3 0 0
539 3 0 0 0
539 3 1 9.99101e-14 1.90698e-16
539 3 2 0 0
539 3 3 -9.30108e-06 1.12625e-12
540 0 0 -9.42847e-06 1.85505e-12
540 0 1 0 0
540 0 2 1.00138e-13 -3.27208e-16
540 0 3 0 0
540 1 0 0 0
540 1 1 -9.42847e-06 1.85505e-12
540 1 2 0 0
540 1 3 1.00138e-13 -3.27208e-16
540 2 0 1.01292e-13 3.11696e-16
540 2 1 0 0
540 2 2 -9.42847e-06 1.85642e-12
540 2 3 0 0
540 3 0 0 0
540 3 1 1.01292e-13 3.11696e-16
540 3 2 0 0
540 3 3 -9.42847e-06 1.85642e-12
541 0 0 -9.55767e-06 2.5755e-12
541 0 1 0 0
541 0 2 1.01088e-13 -4.53571e-16
541 0 3 0 0
541 1 0 0 0
541 1 1 -9.55767e-06 2.5755e-12
541 1 2 0 0
541 1 3 1.01088e-13 -4.53571e-16
541 2 0 1.02683e-13 4.31147e-16
541 2 1 0 0
541 2 2 -9.55767e-06 2.57743e-12
541 2 3 0 0
541 3 0 0 0
541 3 1 1.02683e-13 4.31147e-16
541 3 2 0 0
541 3 3 -9.55767e-06 2.57743e-12
542 0 0 -9.68869e-06 3.28173e-12
542 0 1 0 0
542 0 2 1.02053e-13 -5.77432e-16
542 0 3 0 0
542 1 0 0 0
542 1 1 -9.68869e-06 3.28173e-12
542 1 2 0 0
542 1 3 1.02053e-13 -5.77432e-16
542 2 0 1.04079e-13 5.48214e-16
542 2 1 0 0
542 2 2 -9.68869e-06 3.28421e-12
542 2 3 0 0
542 3 0 0 0
542 3 1 1.04079e-13 5.48214e-16
542 3 2 0 0
542 3 3 -9.68869e-06 3.28421e-12
543 0 0 -9.82158e-06 3.96878e-12
543 0 1 0 0
543 0 2 1.03033e-13 -6.97916e-16
543 0 3 0 0
543 1 0 0 0
543 1 1 -9.82158e-06 3.96878e-12
543 1 2 0 0
543 1 3 1.03033e-13 -6.97916e-16
543 2 0 1.05479e-13 6.62073e-16
543 2 1 0 0
543 2 2 -9.82158e-06 3.9718e-12
543 2 3 0 0
543 3 0 0 0
543 3 1 1.05479e-13 6.62073e-16
543 3 2 0 0
543 3 3 -9.82158e-06 3.9718e-12
544 0 0 -9.95634e-06 4.63177e-12
544 0 1 0 0
544 0 2 1.04031e-13 -8.14168e-16
544 0 3 0 0
544 1 0 0 0
544 1 1 -9.95634e-06 4.63177e-12
544 1 2 0 0
544 1 3 1.04031e-13 -8.14168e-16
544 2 0 1.06882e-13 7.71915e-16
544 2 1 0 0
544 2 2 -9.95634e-06 4.6353e-12
544 2 3 0 0
544 3 0 0 0
544 3 1 1.06882e-13 7.71915e-16
544 3 2 0 0
544 3 3 -9.95634e-06 4.6353e-12
545 0 0 -1.0093e-05 5.26595e-12
545 0 1 0 0
545 0 2 1.05048e-13 -9.25356e-16
545 0 3 0 0
545 1 0 0 0
545 1 1 -1.0093e-05 5.26595e-12
545 1 2 0 0
545 1 3 1.05048e-13 -9.25356e-16
545 2 0 1.08286e-13 8.76953e-16
545 2 1 0 0
545 2 2 -1.0093e-05 5.26997e-12
545 2 3 0 0
545 3 0 0 0
545 3 1 1.08286e-13 8.76953e-16
545 3 2 0 0
545 3 3 -1.0093e-05 5.26997e-12
546 0 0 -1.02316e-05 5.86672e-12
546 0 1 0 0
546 0 2 1.06084e-13 -1.03067e-15
546 0 3 0 0
546 1 0 0 0
546 1 1 -1.02316e-05 5.86672e-12
546 1 2 0 0
546 1 3 1.06084e-13 -1.03067e-15
546 2 0 1.09689e-13 9.76426e-16
546 2 1 0 0
546 2 2 -1.02316e-05 5.87121e-12
546 2 3 0 0
546 3 0 0 0
546 3 1 1.09689e-13 9.76426e-16
546 3 2 0 0
546 3 3 -1.02316e-05 5.87121e-12
547 0 0 -1.03722e-05 6.42971e-12
547 0 1 0 0
547 0 2 1.07141e-13 -1.12935e-15
547 0 3 0 0
547 1 0 0 0
547 1 1 -1.03722e-05 6.42971e-12
547 1 2 0 0
547 1 3 1.07141e-13 -1.12935e-15
547 2 0 1.11089e-13 1.06961e-15
547 2 1 0 0
547 2 2 -1.03722e-05 6.43463e-12
547 2 3 0 0
547 3 0 0 0
547 3 1 1.11089e-13 1.06961e-15
547 3 2 0 0
547 3 3 -1.03722e-05 6.43463e-12
548 0 0 -1.05148e-05 6.95072e-12
548 0 1 0 0
548 0 2 1.08221e-13 -1.22066e-15
548 0 3 0 0
548 1 0 0 0
548 1 1 -1.05148e-05 6.95072e-12
548 1 2 0 0
548 1 3 1.08221e-13 -1.22066e-15
548 2 0 1.12486e-13 1.15581e-15
548 2 1 0 0
548 2 2 -1.05148e-05 6.95606e-12
548 2 3 0 0
548 3 0 0 0
548 3 1 1.12486e-13 1.15581e-15
548 3 2 0 0
548 3 3 -1.05148e-05 6.95606e-12
549 0 0 -1.06593e-05 7.42587e-12
549 0 1 0 0
549 0 2 1.09323e-13 -1.30392e-15
549 0 3 0 0
549 1 0 0 0
549 1 1 -1.06593e-05 7.42587e-12
549 1 2 0 0
549 1 3 1.09323e-13 -1.30392e-15
549 2 0 1.13878e-13 1.23438e-15
549 2 1 0 0
549 2 2 -1.06593e-05 7.43158e-12
549 2 3 0 0
549 3 0 0 0
549 3 1 1.13878e-13 1.23438e-15
549 3 2 0 0
549 3 3 -1.06593e-05 7.43158e-12
550 0 0 -1.0806e-05 7.85152e-12
550 0 1 0 0
550 0 2 1.10449e-13 -1.37848e-15
550 0 3 0 0
550 1 0 0 0
550 1 1 -1.0806e-05 7.85152e-12
550 1 2 0 0
550 1 3 1.10449e-13 -1.37848e-15
550 2 0 1.15263e-13 1.30472e-15
550 2 1 0 0
550 2 2 -1.0806e-05 7.85756e-12
550 2 3 0 0
550 3 0 0 0
550 3 1 1.15263e-13 1.30472e-15
550 3 2 0 0
550 3 3 -1.0806e-05 7.85756e-12
551 0 0 -1.09547e-05 8.22435e-12
551 0 1 0 0
551 0 2 1.116e-13 -1.44377e-15
551 0 3 0 0
551 1 0 0 0
551 1 1 -1.09547e-05 8.22435e-12
551 1 2 0 0
551 1 3 1.116e-13 -1.44377e-15
551 2 0 1.1664e-13 1.36628e-15
551 2 1 0 0
551 2 2 -1.09547e-05 8.23068e-12
551 2 3 0 0
551 3 0 0 0
551 3 1 1.1664e-13 1.36628e-15
551 3 2 0 0
551 3 3 -1.09547e-05 8.23068e-12
552 0 0 -1.11055e-05 8.54137e-12
552 0 1 0 0
552 0 2 1.12777e-13 -1.49926e-15
552 0 3 0 0
552 1 0 0 0
552 1 1 -1.11055e-05 8.54137e-12
552 1 2 0 0
552 1 3 1.12777e-13 -1.49926e-15
552 2 0 1.18009e-13 1.41858e-15
552 2 1 0 0
552 2 2 -1.11055e-05 8.54795e-12
552 2 3 0 0
552 3 0 0 0
552 3 1 1.18009e-13 1.41858e-15
552 3 2 0 0
552 3 3 -1.11055e-05 8.54795e-12
553 0 0 -1.12584e-05 8.79995e-12
553 0 1 0 0
553 0 2 1.1398e-13 -1.5445e-15
553 0 3 0 0
553 1 0 0 0
553 1 1 -1.12584e-05 8.79995e-12
553 1 2 0 0
553 1 3 1.1398e-13 -1.5445e-15
553 2 0 1.19369e-13 1.46116e-15
553 2 1 0 0
553 2 2 -1.12584e-05 8.80674e-12
553 2 3 0 0
553 3 0 0 0
553 3 1 1.19369e-13 1.46116e-15
553 3 2 0 0
553 3 3 -1.12584e-05 8.80674e-12
554 0 0 -1.14135e-05 8.99785e-12
554 0 1 0 0
554 0 2 1.1521e-13 -1.57908e-15
554 0 3 0 0
554 1 0 0 0
554 1 1 -1.14135e-05 8.99785e-12
554 1 2 0 0
554 1 3 1.1521e-13 -1.57908e-15
554 2 0 1.20719e-13 1.49367e-15
554 2 1 0 0
554 2 2 -1.14135e-05 9.0048e-12
554 2 3 0 0
554 3 0 0 0
554 3 1 1.20719e-13 1.49367e-15
554 3 2 0 0
554 3 3 -1.14135e-05 9.0048e-12
555 0 0 -1.15708e-05 9.13321e-12
555 0 1 0 0
555 0 2 1.16468e-13 -1.6027e-15
555 0 3 0 0
555 1 0 0 0
555 1 1 -1.15708e-05 9.13321e-12
555 1 2 0 0
555 1 3 1.16468e-13 -1.6027e-15
555 2 0 1.22058e-13 1.5158e-15
555 2 1 0 0
555 2 2 -1.15708e-05 9.14026e-12
555 2 3 0 0
555 3 0 0 0
555 3 1 1.22058e-13 1.5158e-15
555 3 2 0 0
555 3 3 -1.15708e-05 9.14026e-12
556 0 0 -1.17304e-05 9.20459e-12
556 0 1 0 0
556 0 2 1.17754e-13 -1.61508e-15
556 0 3 0 0
556 1 0 0 0
556 1 1 -1.17304e-05 9.20459e-12
556 1 2 0 0
556 1 3 1.17754e-13 -1.61508e-15
556 2 0 1.23386e-13 1.5273e-15
556 2 1 0 0
556 2 2 -1.17304e-05 9.2117e-12
556 2 3 0 0
556 3 0 0 0
556 3 1 1.23386e-13 1.5273e-15
556 3 2 0 0
556 3 3 -1.17304e-05 9.2117e-12
557 0 0 -1.18922e-05 9.21097e-12
557 0 1 0 0
557 0 2 1.19068e-13 -1.61606e-15
557 0 3 0 0
557 1 0 0 0
557 1 1 -1.18922e-05 9.21097e-12
557 1 2 0 0
557 1 3 1.19068e-13 -1.61606e-15
557 2 0 1.24702e-13 1.52803e-15
557 2 1 0 0
557 2 2 -1.18922e-05 9.2181e-12
557 2 3 0 0
557 3 0 0 0
557 3 1 1.24702e-13 1.52803e-15
557 3 2 0 0
557 3 3 -1.18922e-05 9.2181e-12
558 0 0 -1.20563e-05 9.15178e-12
558 0 1 0 0
558 0 2 1.20412e-13 -1.60554e-15
558 0 3 0 0
558 1 0 0 0
558 1 1 -1.20563e-05 9.15178e-12
558 1 2 0 0
558 1 3 1.20412e-13 -1.60554e-15
558 2 0 1.26008e-13 1.51787e-15
558 2 1 0 0
558 2 2 -1.20563e-05 9.15886e-12
558 2 3 0 0
558 3 0 0 0
558 3 1 1.26008e-13 1.51787e-15
558 3 2 0 0
558 3 3 -1.20563e-05 9.15886e-12
559 0 0 -1.22227e-05 9.02687e-12
559 0 1 0 0
559 0 2 1.21784e-13 -1.58349e-15
559 0 3 0 0
559 1 0 0 0
559 1 1 -1.22227e-05 9.02687e-12
559 1 2 0 0
559 1 3 1.21784e-13 -1.58349e-15
559 2 0 1.27302e-13 1.49681e-15
559 2 1 0 0
559 2 2 -1.22227e-05 9.03386e-12
559 2 3 0 0
559 3 0 0 0
559 3 1 1.27302e-13 1.49681e-15
559 3 2 0 0
559 3 3 -1.22227e-05 9.03386e-12
560 0 0 -1.23915e-05 8.83657e-12
560 0 1 0 0
560 0 2 1.23185e-13 -1.54997e-15
560 0 3 0 0
560 1 0 0 0
560 1 1 -1.23915e-05 8.83657e-12
560 1 2 0 0
560 1 3 1.23185e-13 -1.54997e-15
560 2 0 1.28585e-13 1.46491e-15
560 2 1 0 0
560 2 2 -1.23915e-05 8.84342e-12
560 2 3 0 0
560 3 0 0 0
560 3 1 1.28585e-13 1.46491e-15
560 3 2 0 0
560 3 3 -1.23915e-05 8.84342e-12
561 0 0 -1.25626e-05 8.58164e-12
561 0 1 0 0
561 0 2 1.24615e-13 -1.50512e-15
561 0 3 0 0
561 1 0 0 0
561 1 1 -1.25626e-05 8.58164e-12
561 1 2 0 0
561 1 3 1.24615e-13 -1.50512e-15
561 2 0 1.29857e-13 1.4223e-15
561 2 1 0 0
561 2 2 -1.25626e-05 8.5883e-12
561 2 3 0 0
561 3 0 0 0
561 3 1 1.29857e-13 1.4223e-15
561 3 2 0 0
561 3 3 -1.25626e-05 8.5883e-12
562 0 0 -1.27362e-05 8.26331e-12
562 0 1 0 0
562 0 2 1.26074e-13 -1.44915e-15
562 0 3 0 0
562 1 0 0 0
562 1 1 -1.27362e-05 8.26331e-12
562 1 2 0 0
562 1 3 1.26074e-13 -1.44915e-15
562 2 0 1.31119e-13 1.36917e-15
562 2 1 0 0
562 2 2 -1.27362e-05 8.26973e-12
562 2 3 0 0
562 3 0 0 0
562 3 1 1.31119e-13 1.36917e-15
562 3 2 0 0
562 3 3 -1.27362e-05 8.26973e-12
563 0 0 -1.29123e-05 7.88325e-12
563 0 1 0 0
563 0 2 1.27561e-13 -1.38235e-15
563 0 3 0 0
563 1 0 0 0
563 1 1 -1.29123e-05 7.88325e-12
563 1 2 0 0
563 1 3 1.27561e-13 -1.38235e-15
563 2 0 1.32373e-13 1.30582e-15
563 2 1 0 0
563 2 2 -1.29123e-05 7.88938e-12
563 2 3 0 0
563 3 0 0 0
563 3 1 1.32373e-13 1.30582e-15
563 3 2 0 0
563 3 3 -1.29123e-05 7.88938e-12
564 0 0 -1.30908e-05 7.44355e-12
564 0 1 0 0
564 0 2 1.29077e-13 -1.30509e-15
564 0 3 0 0
564 1 0 0 0
564 1 1 -1.30908e-05 7.44355e-12
564 1 2 0 0
564 1 3 1.29077e-13 -1.30509e-15
564 2 0 1.33618e-13 1.23258e-15
564 2 1 0 0
564 2 2 -1.30908e-05 7.44935e-12
564 2 3 0 0
564 3 0 0 0
564 3 1 1.33618e-13 1.23258e-15
564 3 2 0 0
564 3 3 -1.30908e-05 7.44935e-12
565 0 0 -1.32719e-05 6.94677e-12
565 0 1 0 0
565 0 2 1.30621e-13 -1.21783e-15
565 0 3 0 0
565 1 0 0 0
565 1 1 -1.32719e-05 6.94677e-12
565 1 2 0 0
565 1 3 1.30621e-13 -1.21783e-15
565 2 0 1.34856e-13 1.1499e-15
565 2 1 0 0
565 2 2 -1.32719e-05 6.95219e-12
565 2 3 0 0
565 3 0 0 0
565 3 1 1.34856e-13 1.1499e-15
565 3 2 0 0
565 3 3 -1.32719e-05 6.95219e-12
566 0 0 -1.34556e-05 6.39588e-12
566 0 1 0 0
566 0 2 1.32191e-13 -1.12108e-15
566 0 3 0 0
566 1 0 0 0
566 1 1 -1.34556e-05 6.39588e-12
566 1 2 0 0
566 1 3 1.32191e-13 -1.12108e-15
566 2 0 1.36088e-13 1.05825e-15
566 2 1 0 0
566 2 2 -1.34556e-05 6.40088e-12
566 2 3 0 0
566 3 0 0 0
566 3 1 1.36088e-13 1.05825e-15
566 3 2 0 0
566 3 3 -1.34556e-05 6.40088e-12
567 0 0 -1.36418e-05 5.79424e-12
567 0 1 0 0
567 0 2 1.33788e-13 -1.01544e-15
567 0 3 0 0
567 1 0 0 0
567 1 1 -1.36418e-05 5.79424e-12
567 1 2 0 0
567 1 3 1.33788e-13 -1.01544e-15
567 2 0 1.37316e-13 9.58206e-16
567 2 1 0 0
567 2 2 -1.36418e-05 5.79877e-12
567 2 3 0 0
567 3 0 0 0
567 3 1 1.37316e-13 9.58206e-16
567 3 2 0 0
567 3 3 -1.36418e-05 5.79877e-12
568 0 0 -1.38308e-05 5.1456e-12
568 0 1 0 0
568 0 2 1.35411e-13 -9.01562e-16
568 0 3 0 0
568 1 0 0 0
568 1 1 -1.38308e-05 5.1456e-12
568 1 2 0 0
568 1 3 1.35411e-13 -9.01562e-16
568 2 0 1.38541e-13 8.50387e-16
568 2 1 0 0
568 2 2 -1.38308e-05 5.14963e-12
568 2 3 0 0
568 3 0 0 0
568 3 1 1.38541e-13 8.50387e-16
568 3 2 0 0
568 3 3 -1.38308e-05 5.14963e-12
569 0 0 -1.40223e-05 4.45408e-12
569 0 1 0 0
569 0 2 1.37059e-13 -7.80171e-16
569 0 3 0 0
569 1 0 0 0
569 1 1 -1.40223e-05 4.45408e-12
569 1 2 0 0
569 1 3 1.37059e-13 -7.80171e-16
569 2 0 1.39765e-13 7.35477e-16
569 2 1 0 0
569 2 2 -1.40223e-05 4.45758e-12
569 2 3 0 0
569 3 0 0 0
569 3 1 1.39765e-13 7.35477e-16
569 3 2 0 0
569 3 3 -1.40223e-05 4.45758e-12
570 0 0 -1.42166e-05 3.72414e-12
570 0 1 0 0
570 0 2 1.38731e-13 -6.52051e-16
570 0 3 0 0
570 1 0 0 0
570 1 1 -1.42166e-05 3.72414e-12
570 1 2 0 0
570 1 3 1.38731e-13 -6.52051e-16
570 2 0 1.4099e-13 6.1422e-16
570 2 1 0 0
570 2 2 -1.42166e-05 3.72709e-12
570 2 3 0 0
570 3 0 0 0
570 3 1 1.4099e-13 6.1422e-16
570 3 2 0 0
570 3 3 -1.42166e-05 3.72709e-12
571 0 0 -1.44137e-05 2.96057e-12
571 0 1 0 0
571 0 2 1.40427e-13 -5.18041e-16
571 0 3 0 0
571 1 0 0 0
571 1 1 -1.44137e-05 2.96057e-12
571 1 2 0 0
571 1 3 1.40427e-13 -5.18041e-16
571 2 0 1.42217e-13 4.87409e-16
571 2 1 0 0
571 2 2 -1.44137e-05 2.96292e-12
571 2 3 0 0
571 3 0 0 0
571 3 1 1.42217e-13 4.87409e-16
571 3 2 0 0
571 3 3 -1.44137e-05 2.96292e-12
572 0 0 -1.46136e-05 2.16842e-12
572 0 1 0 0
572 0 2 1.42144e-13 -3.79029e-16
572 0 3 0 0
572 1 0 0 0
572 1 1 -1.46136e-05 2.16842e-12
572 1 2 0 0
572 1 3 1.42144e-13 -3.79029e-16
572 2 0 1.43449e-13 3.55886e-16
572 2 1 0 0
572 2 2 -1.46136e-05 2.17016e-12
572 2 3 0 0
572 3 0 0 0
572 3 1 1.43449e-13 3.55886e-16
572 3 2 0 0
572 3 3 -1.46136e-05 2.17016e-12
573 0 0 -1.48163e-05 1.353e-12
573 0 1 0 0
573 0 2 1.43882e-13 -2.35949e-16
573 0 3 0 0
573 1 0 0 0
573 1 1 -1.48163e-05 1.353e-12
573 1 2 0 0
573 1 3 1.43882e-13 -2.35949e-16
573 2 0 1.44688e-13 2.20533e-16
573 2 1 0 0
573 2 2 -1.48163e-05 1.35412e-12
573 2 3 0 0
573 3 0 0 0
573 3 1 1.44688e-13 2.20533e-16
573 3 2 0 0
573 3 3 -1.48163e-05 1.35412e-12
574 0 0 -1.50218e-05 5.19874e-13
574 0 1 0 0
574 0 2 1.45641e-13 -8.97728e-17
574 0 3 0 0
574 1 0 0 0
574 1 1 -1.50218e-05 5.19874e-13
574 1 2 0 0
574 1 3 1.45641e-13 -8.97728e-17
574 2 0 1.45936e-13 8.22709e-17
574 2 1 0 0
574 2 2 -1.50218e-05 5.20346e-13
574 2 3 0 0
574 3 0 0 0
574 3 1 1.45936e-13 8.22709e-17
574 3 2 0 0
574 3 3 -1.50218e-05 5.20346e-13
575 0 0 -1.52303e-05 -3.25245e-13
575 0 1 0 0
575 0 2 1.47417e-13 5.84937e-17
575 0 3 0 0
575 1 0 0 0
575 1 1 -1.52303e-05 -3.25245e-13
575 1 2 0 0
575 1 3 1.47417e-13 5.84937e-17
575 2 0 1.47196e-13 -5.79494e-17
575 2 1 0 0
575 2 2 -1.52303e-05 -3.25425e-13
575 2 3 0 0
575 3 0 0 0
575 3 1 1.47196e-13 -5.79494e-17
575 3 2 0 0
575 3 3 -1.52303e-05 -3.25425e-13
576 0 0 -1.54418e-05 -1.17647e-12
576 0 1 0 0
576 0 2 1.49212e-13 2.07819e-16
576 0 3 0 0
576 1 0 0 0
576 1 1 -1.54418e-05 -1.17647e-12
576 1 2 0 0
576 1 3 1.49212e-13 2.07819e-16
576 2 0 1.48469e-13 -1.99152e-16
576 2 1 0 0
576 2 2 -1.54418e-05 -1.17731e-12
576 2 3 0 0
576 3 0 0 0
576 3 1 1.48469e-13 -1.99152e-16
576 3 2 0 0
576 3 3 -1.54418e-05 -1.17731e-12
577 0 0 -1.56563e-05 -2.02782e-12
577 0 1 0 0
577 0 2 1.51022e-13 3.57153e-16
577 0 3 0 0
577 1 0 0 0
577 1 1 -1.56563e-05 -2.02782e-12
577 1 2 0 0
577 1 3 1.51022e-13 3.57153e-16
577 2 0 1.49759e-13 -3.40343e-16
577 2 1 0 0
577 2 2 -1.56563e-05 -2.02932e-12
577 2 3 0 0
577 3 0 0 0
577 3 1 1.49759e-13 -3.40343e-16
577 3 2 0 0
577 3 3 -1.56563e-05 -2.02932e-12
578 0 0 -1.58738e-05 -2.87323e-12
578 0 1 0 0
578 0 2 1.52847e-13 5.0543e-16
578 0 3 0 0
578 1 0 0 0
578 1 1 -1.58738e-05 -2.87323e-12
578 1 2 0 0
578 1 3 1.52847e-13 5.0543e-16
578 2 0 1.51067e-13 -4.80516e-16
578 2 1 0 0
578 2 2 -1.58738e-05 -2.87538e-12
578 2 3 0 0
578 3 0 0 0
578 3 1 1.51067e-13 -4.80516e-16
578 3 2 0 0
578 3 3 -1.58738e-05 -2.87538e-12
579 0 0 -1.60944e-05 -3.70659e-12
579 0 1 0 0
579 0 2 1.54686e-13 6.51582e-16
579 0 3 0 0
579 1 0 0 0
579 1 1 -1.60944e-05 -3.70659e-12
579 1 2 0 0
579 1 3 1.54686e-13 6.51582e-16
579 2 0 1.52397e-13 -6.1866e-16
579 2 1 0 0
579 2 2 -1.60944e-05 -3.70939e-12
579 2 3 0 0
579 3 0 0 0
579 3 1 1.52397e-13 -6.1866e-16
579 3 2 0 0
579 3 3 -1.60944e-05 -3.70939e-12
580 0 0 -1.63182e-05 -4.52183e-12
580 0 1 0 0
580 0 2 1.56538e-13 7.94541e-16
580 0 3 0 0
580 1 0 0 0
580 1 1 -1.63182e-05 -4.52183e-12
580 1 2 0 0
580 1 3 1.56538e-13 7.94541e-16
580 2 0 1.5375e-13 -7.53765e-16
580 2 1 0 0
580 2 2 -1.63182e-05 -4.52526e-12
580 2 3 0 0
580 3 0 0 0
580 3 1 1.5375e-13 -7.53765e-16
580 3 2 0 0
580 3 3 -1.63182e-05 -4.52526e-12
581 0 0 -1.65451e-05 -5.31289e-12
581 0 1 0 0
581 0 2 1.584e-13 9.33247e-16
581 0 3 0 0
581 1 0 0 0
581 1 1 -1.65451e-05 -5.31289e-12
581 1 2 0 0
581 1 3 1.584e-13 9.33247e-16
581 2 0 1.55129e-13 -8.84831e-16
581 2 1 0 0
581 2 2 -1.65451e-05 -5.31694e-12
581 2 3 0 0
581 3 0 0 0
581 3 1 1.55129e-13 -8.84831e-16
581 3 2 0 0
581 3 3 -1.65451e-05 -5.31694e-12
582 0 0 -1.67752e-05 -6.07386e-12
582 0 1 0 0
582 0 2 1.60272e-13 1.06666e-15
582 0 3 0 0
582 1 0 0 0
582 1 1 -1.67752e-05 -6.07386e-12
582 1 2 0 0
582 1 3 1.60272e-13 1.06666e-15
582 2 0 1.56537e-13 -1.01087e-15
582 2 1 0 0
582 2 2 -1.67752e-05 -6.07849e-12
582 2 3 0 0
582 3 0 0 0
582 3 1 1.56537e-13 -1.01087e-15
582 3 2 0 0
582 3 3 -1.67752e-05 -6.07849e-12
583 0 0 -1.70087e-05 -6.79891e-12
583 0 1 0 0
583 0 2 1.62153e-13 1.19376e-15
583 0 3 0 0
583 1 0 0 0
583 1 1 -1.70087e-05 -6.79891e-12
583 1 2 0 0
583 1 3 1.62153e-13 1.19376e-15
583 2 0 1.57975e-13 -1.13093e-15
583 2 1 0 0
583 2 2 -1.70087e-05 -6.80411e-12
583 2 3 0 0
583 3 0 0 0
583 3 1 1.57975e-13 -1.13093e-15
583 3 2 0 0
583 3 3 -1.70087e-05 -6.80411e-12
584 0 0 -1.72454e-05 -7.48242e-12
584 0 1 0 0
584 0 2 1.64041e-13 1.31356e-15
584 0 3 0 0
584 1 0 0 0
584 1 1 -1.72454e-05 -7.48242e-12
584 1 2 0 0
584 1 3 1.64041e-13 1.31356e-15
584 2 0 1.59446e-13 -1.24406e-15
584 2 1 0 0
584 2 2 -1.72454e-05 -7.48815e-12
584 2 3 0 0
584 3 0 0 0
584 3 1 1.59446e-13 -1.24406e-15
584 3 2 0 0
584 3 3 -1.72454e-05 -7.48815e-12
585 0 0 -1.74856e-05 -8.11897e-12
585 0 1 0 0
585 0 2 1.65935e-13 1.42511e-15
585 0 3 0 0
585 1 0 0 0
585 1 1 -1.74856e-05 -8.11897e-12
585 1 2 0 0
585 1 3 1.65935e-13 1.42511e-15
585 2 0 1.60952e-13 -1.34938e-15
585 2 1 0 0
585 2 2 -1.74856e-05 -8.1252e-12
585 2 3 0 0
585 3 0 0 0
585 3 1 1.60952e-13 -1.34938e-15
585 3 2 0 0
585 3 3 -1.74856e-05 -8.1252e-12
586 0 0 -1.77291e-05 -8.70342e-12
586 0 1 0 0
586 0 2 1.67835e-13 1.52752e-15
586 0 3 0 0
586 1 0 0 0
586 1 1 -1.77291e-05 -8.70342e-12
586 1 2 0 0
586 1 3 1.67835e-13 1.52752e-15
586 2 0 1.62496e-13 -1.44603e-15
586 2 1 0 0
586 2 2 -1.77291e-05 -8.7101e-12
586 2 3 0 0
586 3 0 0 0
586 3 1 1.62496e-13 -1.44603e-15
586 3 2 0 0
586 3 3 -1.77291e-05 -8.7101e-12
587 0 0 -1.79761e-05 -9.2309e-12
587 0 1 0 0
587 0 2 1.69738e-13 1.61992e-15
587 0 3 0 0
587 1 0 0 0
587 1 1 -1.79761e-05 -9.2309e-12
587 1 2 0 0
587 1 3 1.69738e-13 1.61992e-15
587 2 0 1.64078e-13 -1.53321e-15
587 2 1 0 0
587 2 2 -1.79761e-05 -9.238e-12
587 2 3 0 0
587 3 0 0 0
587 3 1 1.64078e-13 -1.53321e-15
587 3 2 0 0
587 3 3 -1.79761e-05 -9.238e-12
588 0 0 -1.82267e-05 -9.69693e-12
588 0 1 0 0
588 0 2 1.71645e-13 1.70152e-15
588 0 3 0 0
588 1 0 0 0
588 1 1 -1.82267e-05 -9.69693e-12
588 1 2 0 0
588 1 3 1.71645e-13 1.70152e-15
588 2 0 1.65702e-13 -1.61018e-15
588 2 1 0 0
588 2 2 -1.82267e-05 -9.70439e-12
588 2 3 0 0
588 3 0 0 0
588 3 1 1.65702e-13 -1.61018e-15
588 3 2 0 0
588 3 3 -1.82267e-05 -9.70439e-12
589 0 0 -1.84808e-05 -1.00973e-11
589 0 1 0 0
589 0 2 1.73555e-13 1.77161e-15
589 0 3 0 0
589 1 0 0 0
589 1 1 -1.84808e-05 -1.00973e-11
589 1 2 0 0
589 1 3 1.73555e-13 1.77161e-15
589 2 0 1.67368e-13 -1.67623e-15
589 2 1 0 0
589 2 2 -1.84808e-05 -1.01051e-11
589 2 3 0 0
589 3 0 0 0
589 3 1 1.67368e-13 -1.67623e-15
589 3 2 0 0
589 3 3 -1.84808e-05 -1.01051e-11
590 0 0 -1.87385e-05 -1.04284e-11
590 0 1 0 0
590 0 2 1.75466e-13 1.82953e-15
590 0 3 0 0
590 1 0 0 0
590 1 1 -1.87385e-05 -1.04284e-11
590 1 2 0 0
590 1 3 1.75466e-13 1.82953e-15
590 2 0 1.69079e-13 -1.73077e-15
590 2 1 0 0
590 2 2 -1.87385e-05 -1.04364e-11
590 2 3 0 0
590 3 0 0 0
590 3 1 1.69079e-13 -1.73077e-15
590 3 2 0 0
590 3 3 -1.87385e-05 -1.04364e-11
591 0 0 -1.89999e-05 -1.06868e-11
591 0 1 0 0
591 0 2 1.77378e-13 1.8747e-15
591 0 3 0 0
591 1 0 0 0
591 1 1 -1.89999e-05 -1.06868e-11
591 1 2 0 0
591 1 3 1.77378e-13 1.8747e-15
591 2 0 1.70835e-13 -1.77325e-15
591 2 1 0 0
591 2 2 -1.89999e-05 -1.0695e-11
591 2 3 0 0
591 3 0 0 0
591 3 1 1.70835e-13 -1.77325e-15
591 3 2 0 0
591 3 3 -1.89999e-05 -1.0695e-11
592 0 0 -1.92651e-05 -1.08697e-11
592 0 1 0 0
592 0 2 1.7929e-13 1.90662e-15
592 0 3 0 0
592 1 0 0 0
592 1 1 -1.92651e-05 -1.08697e-11
592 1 2 0 0
592 1 3 1.7929e-13 1.90662e-15
592 2 0 1.72637e-13 -1.80319e-15
592 2 1 0 0
592 2 2 -1.92651e-05 -1.08781e-11
592 2 3 0 0
592 3 0 0 0
592 3 1 1.72637e-13 -1.80319e-15
592 3 2 0 0
592 3 3 -1.92651e-05 -1.08781e-11
593 0 0 -1.9534e-05 -1.09749e-11
593 0 1 0 0
593 0 2 1.81203e-13 1.92489e-15
593 0 3 0 0
593 1 0 0 0
593 1 1 -1.9534e-05 -1.09749e-11
593 1 2 0 0
593 1 3 1.81203e-13 1.92489e-15
593 2 0 1.74488e-13 -1.82022e-15
593 2 1 0 0
593 2 2 -1.9534e-05 -1.09834e-11
593 2 3 0 0
593 3 0 0 0
593 3 1 1.74488e-13 -1.82022e-15
593 3 2 0 0
593 3 3 -1.9534e-05 -1.09834e-11
594 0 0 -1.98068e-05 -1.10005e-11
594 0 1 0 0
594 0 2 1.83115e-13 1.9292e-15
594 0 3 0 0
594 1 0 0 0
594 1 1 -1.98068e-05 -1.10005e-11
594 1 2 0 0
594 1 3 1.83115e-13 1.9292e-15
594 2 0 1.76387e-13 -1.82404e-15
594 2 1 0 0
594 2 2 -1.98068e-05 -1.1009e-11
594 2 3 0 0
594 3 0 0 0
594 3 1 1.76387e-13 -1.82404e-15
594 3 2 0 0
594 3 3 -1.98068e-05 -1.1009e-11
595 0 0 -2.00834e-05 -1.09451e-11
595 0 1 0 0
595 0 2 1.85027e-13 1.91932e-15
595 0 3 0 0
595 1 0 0 0
595 1 1 -2.00834e-05 -1.09451e-11
595 1 2 0 0
595 1 3 1.85027e-13 1.91932e-15
595 2 0 1.78335e-13 -1.81444e-15
595 2 1 0 0
595 2 2 -2.00834e-05 -1.09536e-11
595 2 3 0 0
595 3 0 0 0
595 3 1 1.78335e-13 -1.81444e-15
595 3 2 0 0
595 3 3 -2.00834e-05 -1.09536e-11
596 0 0 -2.0364e-05 -1.08083e-11
596 0 1 0 0
596 0 2 1.86939e-13 1.89513e-15
596 0 3 0 0
596 1 0 0 0
596 1 1 -2.0364e-05 -1.08083e-11
596 1 2 0 0
596 1 3 1.86939e-13 1.89513e-15
596 2 0 1.80332e-13 -1.79131e-15
596 2 1 0 0
596 2 2 -2.0364e-05 -1.08166e-11
596 2 3 0 0
596 3 0 0 0
596 3 1 1.80332e-13 -1.79131e-15
596 3 2 0 0
596 3 3 -2.0364e-05 -1.08166e-11
597 0 0 -2.06487e-05 -1.05897e-11
597 0 1 0 0
597 0 2 1.8885e-13 1.8566e-15
597 0 3 0 0
597 1 0 0 0
597 1 1 -2.06487e-05 -1.05897e-11
597 1 2 0 0
597 1 3 1.8885e-13 1.8566e-15
597 2 0 1.82379e-13 -1.75463e-15
597 2 1 0 0
597 2 2 -2.06487e-05 -1.05979e-11
597 2 3 0 0
597 3 0 0 0
597 3 1 1.82379e-13 -1.75463e-15
597 3 2 0 0
597 3 3 -2.06487e-05 -1.05979e-11
598 0 0 -2.09374e-05 -1.02898e-11
598 0 1 0 0
598 0 2 1.90761e-13 1.80383e-15
598 0 3 0 0
598 1 0 0 0
598 1 1 -2.09374e-05 -1.02898e-11
598 1 2 0 0
598 1 3 1.90761e-13 1.80383e-15
598 2 0 1.84476e-13 -1.70447e-15
598 2 1 0 0
598 2 2 -2.09373e-05 -1.02978e-11
598 2 3 0 0
598 3 0 0 0
598 3 1 1.84476e-13 -1.70447e-15
598 3 2 0 0
598 3 3 -2.09373e-05 -1.02978e-11
599 0 0 -2.12302e-05 -9.90974e-12
599 0 1 0 0
599 0 2 1.92672e-13 1.73698e-15
599 0 3 0 0
599 1 0 0 0
599 1 1 -2.12302e-05 -9.90974e-12
599 1 2 0 0
599 1 3 1.92672e-13 1.73698e-15
599 2 0 1.86622e-13 -1.64102e-15
599 2 1 0 0
599 2 2 -2.12302e-05 -9.91744e-12
599 2 3 0 0
599 3 0 0 0
599 3 1 1.86622e-13 -1.64102e-15
599 3 2 0 0
599 3 3 -2.12302e-05 -9.91744e-12
600 0 0 -2.15272e-05 -9.4511e-12
600 0 1 0 0
600 0 2 1.94584e-13 1.65636e-15
600 0 3 0 0
600 1 0 0 0
600 1 1 -2.15272e-05 -9.4511e-12
600 1 2 0 0
600 1 3 1.94584e-13 1.65636e-15
600 2 0 1.88817e-13 -1.56455e-15
600 2 1 0 0
600 2 2 -2.15272e-05 -9.45845e-12
600 2 3 0 0
600 3 0 0 0
600 3 1 1.88817e-13 -1.56455e-15
600 3 2 0 0
600 3 3 -2.15272e-05 -9.45845e-12
601 0 0 -2.18284e-05 -8.91609e-12
601 0 1 0 0
601 0 2 1.96498e-13 1.56234e-15
601 0 3 0 0
601 1 0 0 0
601 1 1 -2.18284e-05 -8.91609e-12
601 1 2 0 0
601 1 3 1.96498e-13 1.56234e-15
601 2 0 1.91059e-13 -1.47542e-15
601 2 1 0 0
601 2 2 -2.18284e-05 -8.92304e-12
601 2 3 0 0
601 3 0 0 0
601 3 1 1.91059e-13 -1.47542e-15
601 3 2 0 0
601 3 3 -2.18284e-05 -8.92304e-12
602 0 0 -2.2134e-05 -8.30755e-12
602 0 1 0 0
602 0 2 1.98413e-13 1.45544e-15
602 0 3 0 0
602 1 0 0 0
602 1 1 -2.2134e-05 -8.30755e-12
602 1 2 0 0
602 1 3 1.98413e-13 1.45544e-15
602 2 0 1.93349e-13 -1.37411e-15
602 2 1 0 0
602 2 2 -2.2134e-05 -8.31403e-12
602 2 3 0 0
602 3 0 0 0
602 3 1 1.93349e-13 -1.37411e-15
602 3 2 0 0
602 3 3 -2.2134e-05 -8.31403e-12
603 0 0 -2.24439e-05 -7.62885e-12
603 0 1 0 0
603 0 2 2.00332e-13 1.33623e-15
603 0 3 0 0
603 1 0 0 0
603 1 1 -2.24439e-05 -7.62885e-12
603 1 2 0 0
603 1 3 2.00332e-13 1.33623e-15
603 2 0 1.95684e-13 -1.26119e-15
603 2 1 0 0
603 2 2 -2.24439e-05 -7.63481e-12
603 2 3 0 0
603 3 0 0 0
603 3 1 1.95684e-13 -1.26119e-15
603 3 2 0 0
603 3 3 -2.24439e-05 -7.63481e-12
604 0 0 -2.27583e-05 -6.88393e-12
604 0 1 0 0
604 0 2 2.02254e-13 1.20542e-15
604 0 3 0 0
604 1 0 0 0
604 1 1 -2.27583e-05 -6.88393e-12
604 1 2 0 0
604 1 3 2.02254e-13 1.20542e-15
604 2 0 1.98064e-13 -1.1373e-15
604 2 1 0 0
604 2 2 -2.27583e-05 -6.88932e-12
604 2 3 0 0
604 3 0 0 0
604 3 1 1.98064e-13 -1.1373e-15
604 3 2 0 0
604 3 3 -2.27583e-05 -6.88932e-12
605 0 0 -2.30771e-05 -6.0773e-12
605 0 1 0 0
605 0 2 2.04182e-13 1.06379e-15
605 0 3 0 0
605 1 0 0 0
605 1 1 -2.30771e-05 -6.0773e-12
605 1 2 0 0
605 1 3 2.04182e-13 1.06379e-15
605 2 0 2.00487e-13 -1.00321e-15
605 2 1 0 0
605 2 2 -2.30771e-05 -6.08208e-12
605 2 3 0 0
605 3 0 0 0
605 3 1 2.00487e-13 -1.00321e-15
605 3 2 0 0
605 3 3 -2.30771e-05 -6.08208e-12
606 0 0 -2.34006e-05 -5.21397e-12
606 0 1 0 0
606 0 2 2.06117e-13 9.12227e-16
606 0 3 0 0
606 1 0 0 0
606 1 1 -2.34006e-05 -5.21397e-12
606 1 2 0 0
606 1 3 2.06117e-13 9.12227e-16
606 2 0 2.02951e-13 -8.59735e-16
606 2 1 0 0
606 2 2 -2.34006e-05 -5.21808e-12
606 2 3 0 0
606 3 0 0 0
606 3 1 2.02951e-13 -8.59735e-16
606 3 2 0 0
606 3 3 -2.34006e-05 -5.21808e-12
607 0 0 -2.37287e-05 -4.29944e-12
607 0 1 0 0
607 0 2 2.08059e-13 7.51696e-16
607 0 3 0 0
607 1 0 0 0
607 1 1 -2.37287e-05 -4.29944e-12
607 1 2 0 0
607 1 3 2.08059e-13 7.51696e-16
607 2 0 2.05454e-13 -7.078e-16
607 2 1 0 0
607 2 2 -2.37287e-05 -4.30284e-12
607 2 3 0 0
607 3 0 0 0
607 3 1 2.05454e-13 -7.078e-16
607 3 2 0 0
607 3 3 -2.37287e-05 -4.30284e-12
608 0 0 -2.40614e-05 -3.33968e-12
608 0 1 0 0
608 0 2 2.10011e-13 5.83244e-16
608 0 3 0 0
608 1 0 0 0
608 1 1 -2.40614e-05 -3.33968e-12
608 1 2 0 0
608 1 3 2.10011e-13 5.83244e-16
608 2 0 2.07995e-13 -5.48397e-16
608 2 1 0 0
608 2 2 -2.40614e-05 -3.34235e-12
608 2 3 0 0
608 3 0 0 0
608 3 1 2.07995e-13 -5.48397e-16
608 3 2 0 0
608 3 3 -2.40614e-05 -3.34235e-12
609 0 0 -2.4399e-05 -2.34111e-12
609 0 1 0 0
609 0 2 2.11974e-13 4.07998e-16
609 0 3 0 0
609 1 0 0 0
609 1 1 -2.4399e-05 -2.34111e-12
609 1 2 0 0
609 1 3 2.11974e-13 4.07998e-16
609 2 0 2.10569e-13 -3.82589e-16
609 2 1 0 0
609 2 2 -2.4399e-05 -2.343e-12
609 2 3 0 0
609 3 0 0 0
609 3 1 2.10569e-13 -3.82589e-16
609 3 2 0 0
609 3 3 -2.4399e-05 -2.343e-12
610 0 0 -2.47414e-05 -1.31051e-12
610 0 1 0 0
610 0 2 2.1395e-13 2.27148e-16
610 0 3 0 0
610 1 0 0 0
610 1 1 -2.47414e-05 -1.31051e-12
610 1 2 0 0
610 1 3 2.1395e-13 2.27148e-16
610 2 0 2.13176e-13 -2.11506e-16
610 2 1 0 0
610 2 2 -2.47414e-05 -1.31161e-12
610 2 3 0 0
610 3 0 0 0
610 3 1 2.13176e-13 -2.11506e-16
610 3 2 0 0
610 3 3 -2.47414e-05 -1.31161e-12
611 0 0 -2.50887e-05 -2.55031e-13
611 0 1 0 0
611 0 2 2.1594e-13 4.19505e-17
611 0 3 0 0
611 1 0 0 0
611 1 1 -2.50887e-05 -2.55031e-13
611 1 2 0 0
611 1 3 2.1594e-13 4.19505e-17
611 2 0 2.15813e-13 -3.63342e-17
611 2 1 0 0
611 2 2 -2.50887e-05 -2.55319e-13
611 2 3 0 0
611 3 0 0 0
611 3 1 2.15813e-13 -3.63342e-17
611 3 2 0 0
611 3 3 -2.50887e-05 -2.55319e-13
612 0 0 -2.5441e-05 8.17868e-13
612 0 1 0 0
612 0 2 2.17947e-13 -1.46288e-16
612 0 3 0 0
612 1 0 0 0
612 1 1 -2.5441e-05 8.17868e-13
612 1 2 0 0
612 1 3 2.17947e-13 -1.46288e-16
612 2 0 2.18476e-13 1.41688e-16
612 2 1 0 0
612 2 2 -2.5441e-05 8.1841e-13
612 2 3 0 0
612 3 0 0 0
612 3 1 2.18476e-13 1.41688e-16
612 3 2 0 0
612 3 3 -2.5441e-05 8.1841e-13
613 0 0 -2.57983e-05 1.90048e-12
613 0 1 0 0
613 0 2 2.19973e-13 -3.36213e-16
613 0 3 0 0
613 1 0 0 0
613 1 1 -2.57983e-05 1.90048e-12
613 1 2 0 0
613 1 3 2.19973e-13 -3.36213e-16
613 2 0 2.21164e-13 3.21281e-16
613 2 1 0 0
613 2 2 -2.57983e-05 1.90186e-12
613 2 3 0 0
613 3 0 0 0
613 3 1 2.21164e-13 3.21281e-16
613 3 2 0 0
613 3 3 -2.57983e-05 1.90186e-12
614 0 0 -2.61608e-05 2.98488e-12
614 0 1 0 0
614 0 2 2.22018e-13 -5.26436e-16
614 0 3 0 0
614 1 0 0 0
614 1 1 -2.61608e-05 2.98488e-12
614 1 2 0 0
614 1 3 2.22018e-13 -5.26436e-16
614 2 0 2.23873e-13 5.01131e-16
614 2 1 0 0
614 2 2 -2.61608e-05 2.9871e-12
614 2 3 0 0
614 3 0 0 0
614 3 1 2.23873e-13 5.01131e-16
614 3 2 0 0
614 3 3 -2.61608e-05 2.9871e-12
615 0 0 -2.65285e-05 4.06301e-12
615 0 1 0 0
615 0 2 2.24086e-13 -7.15539e-16
615 0 3 0 0
615 1 0 0 0
615 1 1 -2.65285e-05 4.06301e-12
615 1 2 0 0
615 1 3 2.24086e-13 -7.15539e-16
615 2 0 2.266e-13 6.79897e-16
615 2 1 0 0
615 2 2 -2.65285e-05 4.06606e-12
615 2 3 0 0
615 3 0 0 0
615 3 1 2.266e-13 6.79897e-16
615 3 2 0 0
615 3 3 -2.65285e-05 4.06606e-12
616 0 0 -2.69015e-05 5.12669e-12
616 0 1 0 0
616 0 2 2.26179e-13 -9.02091e-16
616 0 3 0 0
616 1 0 0 0
616 1 1 -2.69015e-05 5.12669e-12
616 1 2 0 0
616 1 3 2.26179e-13 -9.02091e-16
616 2 0 2.29343e-13 8.56224e-16
616 2 1 0 0
616 2 2 -2.69015e-05 5.13056e-12
616 2 3 0 0
616 3 0 0 0
616 3 1 2.29343e-13 8.56224e-16
616 3 2 0 0
616 3 3 -2.69015e-05 5.13056e-12
617 0 0 -2.72798e-05 6.16769e-12
617 0 1 0 0
617 0 2 2.28298e-13 -1.08465e-15
617 0 3 0 0
617 1 0 0 0
617 1 1 -2.72798e-05 6.16769e-12
617 1 2 0 0
617 1 3 2.28298e-13 -1.08465e-15
617 2 0 2.32098e-13 1.02875e-15
617 2 1 0 0
617 2 2 -2.72798e-05 6.17238e-12
617 2 3 0 0
617 3 0 0 0
617 3 1 2.32098e-13 1.02875e-15
617 3 2 0 0
617 3 3 -2.72798e-05 6.17238e-12
618 0 0 -2.76636e-05 7.17784e-12
618 0 1 0 0
618 0 2 2.30446e-13 -1.26178e-15
618 0 3 0 0
618 1 0 0 0
618 1 1 -2.76636e-05 7.17784e-12
618 1 2 0 0
618 1 3 2.30446e-13 -1.26178e-15
618 2 0 2.34862e-13 1.19612e-15
618 2 1 0 0
618 2 2 -2.76636e-05 7.1833e-12
618 2 3 0 0
618 3 0 0 0
618 3 1 2.34862e-13 1.19612e-15
618 3 2 0 0
618 3 3 -2.76636e-05 7.1833e-12
619 0 0 -2.80529e-05 8.149e-12
619 0 1 0 0
619 0 2 2.32624e-13 -1.43205e-15
619 0 3 0 0
619 1 0 0 0
619 1 1 -2.80529e-05 8.149e-12
619 1 2 0 0
619 1 3 2.32624e-13 -1.43205e-15
619 2 0 2.37633e-13 1.35697e-15
619 2 1 0 0
619 2 2 -2.80529e-05 8.15522e-12
619 2 3 0 0
619 3 0 0 0
619 3 1 2.37633e-13 1.35697e-15
619 3 2 0 0
619 3 3 -2.80529e-05 8.15522e-12
620 0 0 -2.84478e-05 9.07319e-12
620 0 1 0 0
620 0 2 2.34835e-13 -1.59406e-15
620 0 3 0 0
620 1 0 0 0
620 1 1 -2.84478e-05 9.07319e-12
620 1 2 0 0
620 1 3 2.34835e-13 -1.59406e-15
620 2 0 2.40408e-13 1.51e-15
620 2 1 0 0
620 2 2 -2.84478e-05 9.08013e-12
620 2 3 0 0
620 3 0 0 0
620 3 1 2.40408e-13 1.51e-15
620 3 2 0 0
620 3 3 -2.84478e-05 9.08013e-12
621 0 0 -2.88484e-05 9.94264e-12
621 0 1 0 0
621 0 2 2.3708e-13 -1.74646e-15
621 0 3 0 0
621 1 0 0 0
621 1 1 -2.88484e-05 9.94264e-12
621 1 2 0 0
621 1 3 2.3708e-13 -1.74646e-15
621 2 0 2.43184e-13 1.65391e-15
621 2 1 0 0
621 2 2 -2.88484e-05 9.95026e-12
621 2 3 0 0
621 3 0 0 0
621 3 1 2.43184e-13 1.65391e-15
621 3 2 0 0
621 3 3 -2.88484e-05 9.95026e-12
622 0 0 -2.92548e-05 1.07498e-11
622 0 1 0 0
622 0 2 2.39362e-13 -1.88792e-15
622 0 3 0 0
622 1 0 0 0
622 1 1 -2.92548e-05 1.07498e-11
622 1 2 0 0
622 1 3 2.39362e-13 -1.88792e-15
622 2 0 2.45958e-13 1.78746e-15
622 2 1 0 0
622 2 2 -2.92548e-05 1.07581e-11
622 2 3 0 0
622 3 0 0 0
622 3 1 2.45958e-13 1.78746e-15
622 3 2 0 0
622 3 3 -2.92548e-05 1.07581e-11
623 0 0 -2.9667e-05 1.14875e-11
623 0 1 0 0
623 0 2 2.41682e-13 -2.01718e-15
623 0 3 0 0
623 1 0 0 0
623 1 1 -2.9667e-05 1.14875e-11
623 1 2 0 0
623 1 3 2.41682e-13 -2.01718e-15
623 2 0 2.48727e-13 1.90945e-15
623 2 1 0 0
623 2 2 -2.9667e-05 1.14964e-11
623 2 3 0 0
623 3 0 0 0
623 3 1 2.48727e-13 1.90945e-15
623 3 2 0 0
623 3 3 -2.9667e-05 1.14964e-11
624 0 0 -3.00852e-05 1.21489e-11
624 0 1 0 0
624 0 2 2.44042e-13 -2.13304e-15
624 0 3 0 0
624 1 0 0 0
624 1 1 -3.00852e-05 1.21489e-11
624 1 2 0 0
624 1 3 2.44042e-13 -2.13304e-15
624 2 0 2.5149e-13 2.01875e-15
624 2 1 0 0
624 2 2 -3.00852e-05 1.21583e-11
624 2 3 0 0
624 3 0 0 0
624 3 1 2.5149e-13 2.01875e-15
624 3 2 0 0
624 3 3 -3.00852e-05 1.21583e-11
625 0 0 -3.05094e-05 1.27277e-11
625 0 1 0 0
625 0 2 2.46444e-13 -2.23439e-15
625 0 3 0 0
625 1 0 0 0
625 1 1 -3.05094e-05 1.27277e-11
625 1 2 0 0
625 1 3 2.46444e-13 -2.23439e-15
625 2 0 2.54243e-13 2.11431e-15
625 2 1 0 0
625 2 2 -3.05094e-05 1.27375e-11
625 2 3 0 0
625 3 0 0 0
625 3 1 2.54243e-13 2.11431e-15
625 3 2 0 0
625 3 3 -3.05094e-05 1.27375e-11
626 0 0 -3.09397e-05 1.32179e-11
626 0 1 0 0
626 0 2 2.48889e-13 -2.32019e-15
626 0 3 0 0
626 1 0 0 0
626 1 1 -3.09397e-05 1.32179e-11
626 1 2 0 0
626 1 3 2.48889e-13 -2.32019e-15
626 2 0 2.56986e-13 2.19515e-15
626 2 1 0 0
626 2 2 -3.09397e-05 1.32281e-11
626 2 3 0 0
626 3 0 0 0
626 3 1 2.56986e-13 2.19515e-15
626 3 2 0 0
626 3 3 -3.09397e-05 1.32281e-11
627 0 0 -3.13763e-05 1.36142e-11
627 0 1 0 0
627 0 2 2.51379e-13 -2.38951e-15
627 0 3 0 0
627 1 0 0 0
627 1 1 -3.13763e-05 1.36142e-11
627 1 2 0 0
627 1 3 2.51379e-13 -2.38951e-15
627 2 0 2.59715e-13 2.2604e-15
627 2 1 0 0
627 2 2 -3.13763e-05 1.36247e-11
627 2 3 0 0
627 3 0 0 0
627 3 1 2.59715e-13 2.2604e-15
627 3 2 0 0
627 3 3 -3.13763e-05 1.36247e-11
628 0 0 -3.18191e-05 1.39118e-11
628 0 1 0 0
628 0 2 2.53914e-13 -2.44152e-15
628 0 3 0 0
628 1 0 0 0
628 1 1 -3.18191e-05 1.39118e-11
628 1 2 0 0
628 1 3 2.53914e-13 -2.44152e-15
628 2 0 2.6243e-13 2.30927e-15
628 2 1 0 0
628 2 2 -3.18191e-05 1.39226e-11
628 2 3 0 0
628 3 0 0 0
628 3 1 2.6243e-13 2.30927e-15
628 3 2 0 0
628 3 3 -3.18191e-05 1.39226e-11
629 0 0 -3.22684e-05 1.41068e-11
629 0 1 0 0
629 0 2 2.56497e-13 -2.4755e-15
629 0 3 0 0
629 1 0 0 0
629 1 1 -3.22684e-05 1.41068e-11
629 1 2 0 0
629 1 3 2.56497e-13 -2.4755e-15
629 2 0 2.65129e-13 2.34108e-15
629 2 1 0 0
629 2 2 -3.22684e-05 1.41177e-11
629 2 3 0 0
629 3 0 0 0
629 3 1 2.65129e-13 2.34108e-15
629 3 2 0 0
629 3 3 -3.22684e-05 1.41177e-11
630 0 0 -3.27241e-05 1.41956e-11
630 0 1 0 0
630 0 2 2.59127e-13 -2.49086e-15
630 0 3 0 0
630 1 0 0 0
630 1 1 -3.27241e-05 1.41956e-11
630 1 2 0 0
630 1 3 2.59127e-13 -2.49086e-15
630 2 0 2.67811e-13 2.35527e-15
630 2 1 0 0
630 2 2 -3.27241e-05 1.42066e-11
630 2 3 0 0
630 3 0 0 0
630 3 1 2.67811e-13 2.35527e-15
630 3 2 0 0
630 3 3 -3.27241e-05 1.42066e-11
631 0 0 -3.31864e-05 1.41757e-11
631 0 1 0 0
631 0 2 2.61807e-13 -2.48714e-15
631 0 3 0 0
631 1 0 0 0
631 1 1 -3.31864e-05 1.41757e-11
631 1 2 0 0
631 1 3 2.61807e-13 -2.48714e-15
631 2 0 2.70475e-13 2.35142e-15
631 2 1 0 0
631 2 2 -3.31864e-05 1.41866e-11
631 2 3 0 0
631 3 0 0 0
631 3 1 2.70475e-13 2.35142e-15
631 3 2 0 0
631 3 3 -3.31864e-05 1.41866e-11
632 0 0 -3.36554e-05 1.4045e-11
632 0 1 0 0
632 0 2 2.64535e-13 -2.46401e-15
632 0 3 0 0
632 1 0 0 0
632 1 1 -3.36554e-05 1.4045e-11
632 1 2 0 0
632 1 3 2.64535e-13 -2.46401e-15
632 2 0 2.73121e-13 2.32921e-15
632 2 1 0 0
632 2 2 -3.36554e-05 1.40559e-11
632 2 3 0 0
632 3 0 0 0
632 3 1 2.73121e-13 2.32921e-15
632 3 2 0 0
632 3 3 -3.36554e-05 1.40559e-11
633 0 0 -3.41312e-05 1.38027e-11
633 0 1 0 0
633 0 2 2.67314e-13 -2.42127e-15
633 0 3 0 0
633 1 0 0 0
633 1 1 -3.41312e-05 1.38027e-11
633 1 2 0 0
633 1 3 2.67314e-13 -2.42127e-15
633 2 0 2.75749e-13 2.28845e-15
633 2 1 0 0
633 2 2 -3.41312e-05 1.38134e-11
633 2 3 0 0
633 3 0 0 0
633 3 1 2.75749e-13 2.28845e-15
633 3 2 0 0
633 3 3 -3.41312e-05 1.38134e-11
634 0 0 -3.46139e-05 1.34483e-11
634 0 1 0 0
634 0 2 2.70142e-13 -2.35888e-15
634 0 3 0 0
634 1 0 0 0
634 1 1 -3.46139e-05 1.34483e-11
634 1 2 0 0
634 1 3 2.70142e-13 -2.35888e-15
634 2 0 2.78357e-13 2.22913e-15
634 2 1 0 0
634 2 2 -3.46139e-05 1.34588e-11
634 2 3 0 0
634 3 0 0 0
634 3 1 2.78357e-13 2.22913e-15
634 3 2 0 0
634 3 3 -3.46139e-05 1.34588e-11
635 0 0 -3.51036e-05 1.29825e-11
635 0 1 0 0
635 0 2 2.73021e-13 -2.27695e-15
635 0 3 0 0
635 1 0 0 0
635 1 1 -3.51036e-05 1.29825e-11
635 1 2 0 0
635 1 3 2.73021e-13 -2.27695e-15
635 2 0 2.80948e-13 2.15133e-15
635 2 1 0 0
635 2 2 -3.51036e-05 1.29926e-11
635 2 3 0 0
635 3 0 0 0
635 3 1 2.80948e-13 2.15133e-15
635 3 2 0 0
635 3 3 -3.51036e-05 1.29926e-11
636 0 0 -3.56003e-05 1.24068e-11
636 0 1 0 0
636 0 2 2.75949e-13 -2.17574e-15
636 0 3 0 0
636 1 0 0 0
636 1 1 -3.56003e-05 1.24068e-11
636 1 2 0 0
636 1 3 2.75949e-13 -2.17574e-15
636 2 0 2.83522e-13 2.0553e-15
636 2 1 0 0
636 2 2 -3.56003e-05 1.24164e-11
636 2 3 0 0
636 3 0 0 0
636 3 1 2.83522e-13 2.0553e-15
636 3 2 0 0
636 3 3 -3.56003e-05 1.24164e-11
637 0 0 -3.61043e-05 1.17234e-11
637 0 1 0 0
637 0 2 2.78927e-13 -2.05565e-15
637 0 3 0 0
637 1 0 0 0
637 1 1 -3.61043e-05 1.17234e-11
637 1 2 0 0
637 1 3 2.78927e-13 -2.05565e-15
637 2 0 2.86079e-13 1.94144e-15
637 2 1 0 0
637 2 2 -3.61043e-05 1.17325e-11
637 2 3 0 0
637 3 0 0 0
637 3 1 2.86079e-13 1.94144e-15
637 3 2 0 0
637 3 3 -3.61043e-05 1.17325e-11
638 0 0 -3.66156e-05 1.09356e-11
638 0 1 0 0
638 0 2 2.81954e-13 -1.91725e-15
638 0 3 0 0
638 1 0 0 0
638 1 1 -3.66156e-05 1.09356e-11
638 1 2 0 0
638 1 3 2.81954e-13 -1.91725e-15
638 2 0 2.88621e-13 1.81028e-15
638 2 1 0 0
638 2 2 -3.66156e-05 1.09441e-11
638 2 3 0 0
638 3 0 0 0
638 3 1 2.88621e-13 1.81028e-15
638 3 2 0 0
638 3 3 -3.66156e-05 1.09441e-11
639 0 0 -3.71343e-05 1.00474e-11
639 0 1 0 0
639 0 2 2.85029e-13 -1.76126e-15
639 0 3 0 0
639 1 0 0 0
639 1 1 -3.71343e-05 1.00474e-11
639 1 2 0 0
639 1 3 2.85029e-13 -1.76126e-15
639 2 0 2.9115e-13 1.66249e-15
639 2 1 0 0
639 2 2 -3.71343e-05 1.00553e-11
639 2 3 0 0
639 3 0 0 0
639 3 1 2.9115e-13 1.66249e-15
639 3 2 0 0
639 3 3 -3.71343e-05 1.00553e-11
640 0 0 -3.76605e-05 9.06383e-12
640 0 1 0 0
640 0 2 2.88151e-13 -1.58854e-15
640 0 3 0 0
640 1 0 0 0
640 1 1 -3.76605e-05 9.06383e-12
640 1 2 0 0
640 1 3 2.88151e-13 -1.58854e-15
640 2 0 2.93668e-13 1.49891e-15
640 2 1 0 0
640 2 2 -3.76605e-05 9.07092e-12
640 2 3 0 0
640 3 0 0 0
640 3 1 2.93668e-13 1.49891e-15
640 3 2 0 0
640 3 3 -3.76605e-05 9.07092e-12
641 0 0 -3.81943e-05 7.9906e-12
641 0 1 0 0
641 0 2 2.91319e-13 -1.40011e-15
641 0 3 0 0
641 1 0 0 0
641 1 1 -3.81943e-05 7.9906e-12
641 1 2 0 0
641 1 3 2.91319e-13 -1.40011e-15
641 2 0 2.96178e-13 1.32049e-15
641 2 1 0 0
641 2 2 -3.81943e-05 7.99687e-12
641 2 3 0 0
641 3 0 0 0
641 3 1 2.96178e-13 1.32049e-15
641 3 2 0 0
641 3 3 -3.81943e-05 7.99687e-12
642 0 0 -3.87359e-05 6.83434e-12
642 0 1 0 0
642 0 2 2.94532e-13 -1.19713e-15
642 0 3 0 0
642 1 0 0 0
642 1 1 -3.87359e-05 6.83434e-12
642 1 2 0 0
642 1 3 2.94532e-13 -1.19713e-15
642 2 0 2.98681e-13 1.12834e-15
642 2 1 0 0
642 2 2 -3.87359e-05 6.83972e-12
642 2 3 0 0
642 3 0 0 0
642 3 1 2.98681e-13 1.12834e-15
642 3 2 0 0
642 3 3 -3.87359e-05 6.83972e-12
643 0 0 -3.92854e-05 5.60243e-12
643 0 1 0 0
643 0 2 2.97788e-13 -9.80898e-16
643 0 3 0 0
643 1 0 0 0
643 1 1 -3.92854e-05 5.60243e-12
643 1 2 0 0
643 1 3 2.97788e-13 -9.80898e-16
643 2 0 3.01182e-13 9.23681e-16
643 2 1 0 0
643 2 2 -3.92854e-05 5.60687e-12
643 2 3 0 0
643 3 0 0 0
643 3 1 3.01182e-13 9.23681e-16
643 3 2 0 0
643 3 3 -3.92854e-05 5.60687e-12
644 0 0 -3.98429e-05 4.30304e-12
644 0 1 0 0
644 0 2 3.01085e-13 -7.52845e-16
644 0 3 0 0
644 1 0 0 0
644 1 1 -3.98429e-05 4.30304e-12
644 1 2 0 0
644 1 3 3.01085e-13 -7.52845e-16
644 2 0 3.03683e-13 7.07873e-16
644 2 1 0 0
644 2 2 -3.98429e-05 4.30647e-12
644 2 3 0 0
644 3 0 0 0
644 3 1 3.03683e-13 7.07873e-16
644 3 2 0 0
644 3 3 -3.98429e-05 4.30647e-12
645 0 0 -4.04085e-05 2.945e-12
645 0 1 0 0
645 0 2 3.04422e-13 -5.14526e-16
645 0 3 0 0
645 1 0 0 0
645 1 1 -4.04085e-05 2.945e-12
645 1 2 0 0
645 1 3 3.04422e-13 -5.14526e-16
645 2 0 3.06187e-13 4.82386e-16
645 2 1 0 0
645 2 2 -4.04085e-05 2.94739e-12
645 2 3 0 0
645 3 0 0 0
645 3 1 3.06187e-13 4.82386e-16
645 3 2 0 0
645 3 3 -4.04085e-05 2.94739e-12
646 0 0 -4.09823e-05 1.53784e-12
646 0 1 0 0
646 0 2 3.07795e-13 -2.6761e-16
646 0 3 0 0
646 1 0 0 0
646 1 1 -4.09823e-05 1.53784e-12
646 1 2 0 0
646 1 3 3.07795e-13 -2.6761e-16
646 2 0 3.08699e-13 2.48802e-16
646 2 1 0 0
646 2 2 -4.09823e-05 1.53915e-12
646 2 3 0 0
646 3 0 0 0
646 3 1 3.08699e-13 2.48802e-16
646 3 2 0 0
646 3 3 -4.09823e-05 1.53915e-12
647 0 0 -4.15644e-05 9.16752e-14
647 0 1 0 0
647 0 2 3.11204e-13 -1.38723e-17
647 0 3 0 0
647 1 0 0 0
647 1 1 -4.15644e-05 9.16752e-14
647 1 2 0 0
647 1 3 3.11204e-13 -1.38723e-17
647 2 0 3.11223e-13 8.8008e-18
647 2 1 0 0
647 2 2 -4.15644e-05 9.18613e-14
647 2 3 0 0
647 3 0 0 0
647 3 1 3.11223e-13 8.8008e-18
647 3 2 0 0
647 3 3 -4.15644e-05 9.18613e-14
648 0 0 -4.2155e-05 -1.38285e-12
648 0 1 0 0
648 0 2 3.14646e-13 2.44817e-16
648 0 3 0 0
648 1 0 0 0
648 1 1 -4.2155e-05 -1.38285e-12
648 1 2 0 0
648 1 3 3.14646e-13 2.44817e-16
648 2 0 3.13762e-13 -2.35849e-16
648 2 1 0 0
648 2 2 -4.2155e-05 -1.3838e-12
648 2 3 0 0
648 3 0 0 0
648 3 1 3.13762e-13 -2.35849e-16
648 3 2 0 0
648 3 3 -4.2155e-05 -1.3838e-12
649 0 0 -4.27543e-05 -2.87462e-12
649 0 1 0 0
649 0 2 3.18118e-13 5.06506e-16
649 0 3 0 0
649 1 0 0 0
649 1 1 -4.27543e-05 -2.87462e-12
649 1 2 0 0
649 1 3 3.18118e-13 5.06506e-16
649 2 0 3.16322e-13 -4.83301e-16
649 2 1 0 0
649 2 2 -4.27543e-05 -2.87672e-12
649 2 3 0 0
649 3 0 0 0
649 3 1 3.16322e-13 -4.83301e-16
649 3 2 0 0
649 3 3 -4.27543e-05 -2.87672e-12
650 0 0 -4.33623e-05 -4.37211e-12
650 0 1 0 0
650 0 2 3.21618e-13 7.69175e-16
650 0 3 0 0
650 1 0 0 0
650 1 1 -4.33623e-05 -4.37211e-12
650 1 2 0 0
650 1 3 3.21618e-13 7.69175e-16
650 2 0 3.18906e-13 -7.31644e-16
650 2 1 0 0
650 2 2 -4.33623e-05 -4.37537e-12
650 2 3 0 0
650 3 0 0 0
650 3 1 3.18906e-13 -7.31644e-16
650 3 2 0 0
650 3 3 -4.33623e-05 -4.37537e-12
651 0 0 -4.39791e-05 -5.86349e-12
651 0 1 0 0
651 0 2 3.25143e-13 1.03075e-15
651 0 3 0 0
651 1 0 0 0
651 1 1 -4.39791e-05 -5.86349e-12
651 1 2 0 0
651 1 3 3.25143e-13 1.03075e-15
651 2 0 3.21519e-13 -9.78915e-16
651 2 1 0 0
651 2 2 -4.39791e-05 -5.86791e-12
651 2 3 0 0
651 3 0 0 0
651 3 1 3.21519e-13 -9.78915e-16
651 3 2 0 0
651 3 3 -4.39791e-05 -5.86791e-12
652 0 0 -4.46049e-05 -7.3367e-12
652 0 1 0 0
652 0 2 3.28691e-13 1.28911e-15
652 0 3 0 0
652 1 0 0 0
652 1 1 -4.46049e-05 -7.3367e-12
652 1 2 0 0
652 1 3 3.28691e-13 1.28911e-15
652 2 0 3.24166e-13 -1.22311e-15
652 2 1 0 0
652 2 2 -4.46049e-05 -7.34226e-12
652 2 3 0 0
652 3 0 0 0
652 3 1 3.24166e-13 -1.22311e-15
652 3 2 0 0
652 3 3 -4.46049e-05 -7.34226e-12
653 0 0 -4.52399e-05 -8.77956e-12
653 0 1 0 0
653 0 2 3.32258e-13 1.54212e-15
653 0 3 0 0
653 1 0 0 0
653 1 1 -4.52399e-05 -8.77956e-12
653 1 2 0 0
653 1 3 3.32258e-13 1.54212e-15
653 2 0 3.26852e-13 -1.46221e-15
653 2 1 0 0
653 2 2 -4.52399e-05 -8.78624e-12
653 2 3 0 0
653 3 0 0 0
653 3 1 3.26852e-13 -1.46221e-15
653 3 2 0 0
653 3 3 -4.52399e-05 -8.78624e-12
654 0 0 -4.58841e-05 -1.01798e-11
654 0 1 0 0
654 0 2 3.35843e-13 1.78763e-15
654 0 3 0 0
654 1 0 0 0
654 1 1 -4.58841e-05 -1.01798e-11
654 1 2 0 0
654 1 3 3.35843e-13 1.78763e-15
654 2 0 3.29581e-13 -1.69419e-15
654 2 1 0 0
654 2 2 -4.58841e-05 -1.01876e-11
654 2 3 0 0
654 3 0 0 0
654 3 1 3.29581e-13 -1.69419e-15
654 3 2 0 0
654 3 3 -4.58841e-05 -1.01876e-11
655 0 0 -4.65378e-05 -1.15252e-11
655 0 1 0 0
655 0 2 3.39442e-13 2.0235e-15
655 0 3 0 0
655 1 0 0 0
655 1 1 -4.65378e-05 -1.15252e-11
655 1 2 0 0
655 1 3 3.39442e-13 2.0235e-15
655 2 0 3.32359e-13 -1.91701e-15
655 2 1 0 0
655 2 2 -4.65378e-05 -1.1534e-11
655 2 3 0 0
655 3 0 0 0
655 3 1 3.32359e-13 -1.91701e-15
655 3 2 0 0
655 3 3 -4.65378e-05 -1.1534e-11
656 0 0 -4.7201e-05 -1.28037e-11
656 0 1 0 0
656 0 2 3.43052e-13 2.24761e-15
656 0 3 0 0
656 1 0 0 0
656 1 1 -4.7201e-05 -1.28037e-11
656 1 2 0 0
656 1 3 3.43052e-13 2.24761e-15
656 2 0 3.35189e-13 -2.12868e-15
656 2 1 0 0
656 2 2 -4.7201e-05 -1.28135e-11
656 2 3 0 0
656 3 0 0 0
656 3 1 3.35189e-13 -2.12868e-15
656 3 2 0 0
656 3 3 -4.7201e-05 -1.28135e-11
657 0 0 -4.78739e-05 -1.40036e-11
657 0 1 0 0
657 0 2 3.46671e-13 2.45789e-15
657 0 3 0 0
657 1 0 0 0
657 1 1 -4.78739e-05 -1.40036e-11
657 1 2 0 0
657 1 3 3.46671e-13 2.45789e-15
657 2 0 3.38077e-13 -2.32724e-15
657 2 1 0 0
657 2 2 -4.78739e-05 -1.40143e-11
657 2 3 0 0
657 3 0 0 0
657 3 1 3.38077e-13 -2.32724e-15
657 3 2 0 0
657 3 3 -4.78739e-05 -1.40143e-11
658 0 0 -4.85566e-05 -1.51132e-11
658 0 1 0 0
658 0 2 3.50297e-13 2.65233e-15
658 0 3 0 0
658 1 0 0 0
658 1 1 -4.85566e-05 -1.51132e-11
658 1 2 0 0
658 1 3 3.50297e-13 2.65233e-15
658 2 0 3.41027e-13 -2.51078e-15
658 2 1 0 0
658 2 2 -4.85566e-05 -1.51248e-11
658 2 3 0 0
658 3 0 0 0
658 3 1 3.41027e-13 -2.51078e-15
658 3 2 0 0
658 3 3 -4.85566e-05 -1.51248e-11
659 0 0 -4.92494e-05 -1.61217e-11
659 0 1 0 0
659 0 2 3.53927e-13 2.829e-15
659 0 3 0 0
659 1 0 0 0
659 1 1 -4.92494e-05 -1.61217e-11
659 1 2 0 0
659 1 3 3.53927e-13 2.829e-15
659 2 0 3.44042e-13 -2.67749e-15
659 2 1 0 0
659 2 2 -4.92494e-05 -1.61341e-11
659 2 3 0 0
659 3 0 0 0
659 3 1 3.44042e-13 -2.67749e-15
659 3 2 0 0
659 3 3 -4.92494e-05 -1.61341e-11
660 0 0 -4.99523e-05 -1.70184e-11
660 0 1 0 0
660 0 2 3.57558e-13 2.98605e-15
660 0 3 0 0
660 1 0 0 0
660 1 1 -4.99523e-05 -1.70184e-11
660 1 2 0 0
660 1 3 3.57558e-13 2.98605e-15
660 2 0 3.47128e-13 -2.82563e-15
660 2 1 0 0
660 2 2 -4.99523e-05 -1.70315e-11
660 2 3 0 0
660 3 0 0 0
660 3 1 3.47128e-13 -2.82563e-15
660 3 2 0 0
660 3 3 -4.99523e-05 -1.70315e-11
661 0 0 -5.06654e-05 -1.77936e-11
661 0 1 0 0
661 0 2 3.61189e-13 3.12176e-15
661 0 3 0 0
661 1 0 0 0
661 1 1 -5.06654e-05 -1.77936e-11
661 1 2 0 0
661 1 3 3.61189e-13 3.12176e-15
661 2 0 3.50288e-13 -2.95356e-15
661 2 1 0 0
661 2 2 -5.06654e-05 -1.78073e-11
661 2 3 0 0
661 3 0 0 0
661 3 1 3.50288e-13 -2.95356e-15
661 3 2 0 0
661 3 3 -5.06654e-05 -1.78073e-11
662 0 0 -5.13891e-05 -1.84381e-11
662 0 1 0 0
662 0 2 3.64817e-13 3.23454e-15
662 0 3 0 0
662 1 0 0 0
662 1 1 -5.13891e-05 -1.84381e-11
662 1 2 0 0
662 1 3 3.64817e-13 3.23454e-15
662 2 0 3.53525e-13 -3.05978e-15
662 2 1 0 0
662 2 2 -5.13891e-05 -1.84523e-11
662 2 3 0 0
662 3 0 0 0
662 3 1 3.53525e-13 -3.05978e-15
662 3 2 0 0
662 3 3 -5.13891e-05 -1.84523e-11
663 0 0 -5.21233e-05 -1.89437e-11
663 0 1 0 0
663 0 2 3.6844e-13 3.32292e-15
663 0 3 0 0
663 1 0 0 0
663 1 1 -5.21233e-05 -1.89437e-11
663 1 2 0 0
663 1 3 3.6844e-13 3.32292e-15
663 2 0 3.56843e-13 -3.14292e-15
663 2 1 0 0
663 2 2 -5.21233e-05 -1.89583e-11
663 2 3 0 0
663 3 0 0 0
663 3 1 3.56843e-13 -3.14292e-15
663 3 2 0 0
663 3 3 -5.21233e-05 -1.89583e-11
664 0 0 -5.28683e-05 -1.9303e-11
664 0 1 0 0
664 0 2 3.72058e-13 3.38563e-15
664 0 3 0 0
664 1 0 0 0
664 1 1 -5.28683e-05 -1.9303e-11
664 1 2 0 0
664 1 3 3.72058e-13 3.38563e-15
664 2 0 3.60244e-13 -3.20177e-15
664 2 1 0 0
664 2 2 -5.28683e-05 -1.93179e-11
664 2 3 0 0
664 3 0 0 0
664 3 1 3.60244e-13 -3.20177e-15
664 3 2 0 0
664 3 3 -5.28683e-05 -1.93179e-11
665 0 0 -5.36243e-05 -1.95096e-11
665 0 1 0 0
665 0 2 3.75667e-13 3.42155e-15
665 0 3 0 0
665 1 0 0 0
665 1 1 -5.36243e-05 -1.95096e-11
665 1 2 0 0
665 1 3 3.75667e-13 3.42155e-15
665 2 0 3.63731e-13 -3.23527e-15
665 2 1 0 0
665 2 2 -5.36243e-05 -1.95247e-11
665 2 3 0 0
665 3 0 0 0
665 3 1 3.63731e-13 -3.23527e-15
665 3 2 0 0
665 3 3 -5.36243e-05 -1.95247e-11
666 0 0 -5.43914e-05 -1.95584e-11
666 0 1 0 0
666 0 2 3.79268e-13 3.42977e-15
666 0 3 0 0
666 1 0 0 0
666 1 1 -5.43914e-05 -1.95584e-11
666 1 2 0 0
666 1 3 3.79268e-13 3.42977e-15
666 2 0 3.67307e-13 -3.24256e-15
666 2 1 0 0
666 2 2 -5.43914e-05 -1.95735e-11
666 2 3 0 0
666 3 0 0 0
666 3 1 3.67307e-13 -3.24256e-15
666 3 2 0 0
666 3 3 -5.43914e-05 -1.95735e-11
667 0 0 -5.51697e-05 -1.94451e-11
667 0 1 0 0
667 0 2 3.82859e-13 3.40955e-15
667 0 3 0 0
667 1 0 0 0
667 1 1 -5.51697e-05 -1.94451e-11
667 1 2 0 0
667 1 3 3.82859e-13 3.40955e-15
667 2 0 3.70971e-13 -3.22296e-15
667 2 1 0 0
667 2 2 -5.51697e-05 -1.94601e-11
667 2 3 0 0
667 3 0 0 0
667 3 1 3.70971e-13 -3.22296e-15
667 3 2 0 0
667 3 3 -5.51697e-05 -1.94601e-11
668 0 0 -5.59595e-05 -1.91669e-11
668 0 1 0 0
668 0 2 3.8644e-13 3.36041e-15
668 0 3 0 0
668 1 0 0 0
668 1 1 -5.59595e-05 -1.91669e-11
668 1 2 0 0
668 1 3 3.8644e-13 3.36041e-15
668 2 0 3.74726e-13 -3.17601e-15
668 2 1 0 0
668 2 2 -5.59595e-05 -1.91817e-11
668 2 3 0 0
668 3 0 0 0
668 3 1 3.74726e-13 -3.17601e-15
668 3 2 0 0
668 3 3 -5.59595e-05 -1.91817e-11
669 0 0 -5.67609e-05 -1.87222e-11
669 0 1 0 0
669 0 2 3.9001e-13 3.28206e-15
669 0 3 0 0
669 1 0 0 0
669 1 1 -5.67609e-05 -1.87222e-11
669 1 2 0 0
669 1 3 3.9001e-13 3.28206e-15
669 2 0 3.78573e-13 -3.10144e-15
669 2 1 0 0
669 2 2 -5.67609e-05 -1.87367e-11
669 2 3 0 0
669 3 0 0 0
669 3 1 3.78573e-13 -3.10144e-15
669 3 2 0 0
669 3 3 -5.67609e-05 -1.87367e-11
670 0 0 -5.7574e-05 -1.81108e-11
670 0 1 0 0
670 0 2 3.93569e-13 3.17447e-15
670 0 3 0 0
670 1 0 0 0
670 1 1 -5.7574e-05 -1.81108e-11
670 1 2 0 0
670 1 3 3.93569e-13 3.17447e-15
670 2 0 3.8251e-13 -2.99922e-15
670 2 1 0 0
670 2 2 -5.7574e-05 -1.81248e-11
670 2 3 0 0
670 3 0 0 0
670 3 1 3.8251e-13 -2.99922e-15
670 3 2 0 0
670 3 3 -5.7574e-05 -1.81248e-11
671 0 0 -5.83992e-05 -1.73337e-11
671 0 1 0 0
671 0 2 3.97118e-13 3.03782e-15
671 0 3 0 0
671 1 0 0 0
671 1 1 -5.83992e-05 -1.73337e-11
671 1 2 0 0
671 1 3 3.97118e-13 3.03782e-15
671 2 0 3.86539e-13 -2.86954e-15
671 2 1 0 0
671 2 2 -5.83992e-05 -1.73472e-11
671 2 3 0 0
671 3 0 0 0
671 3 1 3.86539e-13 -2.86954e-15
671 3 2 0 0
671 3 3 -5.83992e-05 -1.73472e-11
672 0 0 -5.92365e-05 -1.63936e-11
672 0 1 0 0
672 0 2 4.00658e-13 2.87257e-15
672 0 3 0 0
672 1 0 0 0
672 1 1 -5.92365e-05 -1.63936e-11
672 1 2 0 0
672 1 3 4.00658e-13 2.87257e-15
672 2 0 3.90657e-13 -2.71283e-15
672 2 1 0 0
672 2 2 -5.92365e-05 -1.64063e-11
672 2 3 0 0
672 3 0 0 0
672 3 1 3.90657e-13 -2.71283e-15
672 3 2 0 0
672 3 3 -5.92365e-05 -1.64063e-11
673 0 0 -6.00862e-05 -1.52942e-11
673 0 1 0 0
673 0 2 4.04188e-13 2.67941e-15
673 0 3 0 0
673 1 0 0 0
673 1 1 -6.00862e-05 -1.52942e-11
673 1 2 0 0
673 1 3 4.04188e-13 2.67941e-15
673 2 0 3.94864e-13 -2.52975e-15
673 2 1 0 0
673 2 2 -6.00862e-05 -1.53061e-11
673 2 3 0 0
673 3 0 0 0
673 3 1 3.94864e-13 -2.52975e-15
673 3 2 0 0
673 3 3 -6.00862e-05 -1.53061e-11
674 0 0 -6.09484e-05 -1.40411e-11
674 0 1 0 0
674 0 2 4.07711e-13 2.45929e-15
674 0 3 0 0
674 1 0 0 0
674 1 1 -6.09484e-05 -1.40411e-11
674 1 2 0 0
674 1 3 4.07711e-13 2.45929e-15
674 2 0 3.99157e-13 -2.32119e-15
674 2 1 0 0
674 2 2 -6.09484e-05 -1.40521e-11
674 2 3 0 0
674 3 0 0 0
674 3 1 3.99157e-13 -2.32119e-15
674 3 2 0 0
674 3 3 -6.09484e-05 -1.40521e-11
675 0 0 -6.18233e-05 -1.26411e-11
675 0 1 0 0
675 0 2 4.11228e-13 2.21341e-15
675 0 3 0 0
675 1 0 0 0
675 1 1 -6.18233e-05 -1.26411e-11
675 1 2 0 0
675 1 3 4.11228e-13 2.21341e-15
675 2 0 4.03534e-13 -2.08831e-15
675 2 1 0 0
675 2 2 -6.18233e-05 -1.2651e-11
675 2 3 0 0
675 3 0 0 0
675 3 1 4.03534e-13 -2.08831e-15
675 3 2 0 0
675 3 3 -6.18233e-05 -1.2651e-11
676 0 0 -6.27111e-05 -1.11023e-11
676 0 1 0 0
676 0 2 4.14741e-13 1.94321e-15
676 0 3 0 0
676 1 0 0 0
676 1 1 -6.27111e-05 -1.11023e-11
676 1 2 0 0
676 1 3 4.14741e-13 1.94321e-15
676 2 0 4.07991e-13 -1.83246e-15
676 2 1 0 0
676 2 2 -6.27111e-05 -1.1111e-11
676 2 3 0 0
676 3 0 0 0
676 3 1 4.07991e-13 -1.83246e-15
676 3 2 0 0
676 3 3 -6.27111e-05 -1.1111e-11
677 0 0 -6.3612e-05 -9.43447e-12
677 0 1 0 0
677 0 2 4.18252e-13 1.65039e-15
677 0 3 0 0
677 1 0 0 0
677 1 1 -6.3612e-05 -9.43447e-12
677 1 2 0 0
677 1 3 4.18252e-13 1.65039e-15
677 2 0 4.12525e-13 -1.55526e-15
677 2 1 0 0
677 2 2 -6.3612e-05 -9.4419e-12
677 2 3 0 0
677 3 0 0 0
677 3 1 4.12525e-13 -1.55526e-15
677 3 2 0 0
677 3 3 -6.3612e-05 -9.4419e-12
678 0 0 -6.45263e-05 -7.64853e-12
678 0 1 0 0
678 0 2 4.21764e-13 1.33688e-15
678 0 3 0 0
678 1 0 0 0
678 1 1 -6.45263e-05 -7.64853e-12
678 1 2 0 0
678 1 3 4.21764e-13 1.33688e-15
678 2 0 4.17132e-13 -1.25852e-15
678 2 1 0 0
678 2 2 -6.45263e-05 -7.65459e-12
678 2 3 0 0
678 3 0 0 0
678 3 1 4.17132e-13 -1.25852e-15
678 3 2 0 0
678 3 3 -6.45263e-05 -7.65459e-12
679 0 0 -6.5454e-05 -5.75679e-12
679 0 1 0 0
679 0 2 4.2528e-13 1.00484e-15
679 0 3 0 0
679 1 0 0 0
679 1 1 -6.5454e-05 -5.75679e-12
679 1 2 0 0
679 1 3 4.2528e-13 1.00484e-15
679 2 0 4.21807e-13 -9.44311e-16
679 2 1 0 0
679 2 2 -6.5454e-05 -5.76139e-12
679 2 3 0 0
679 3 0 0 0
679 3 1 4.21807e-13 -9.44311e-16
679 3 2 0 0
679 3 3 -6.5454e-05 -5.76139e-12
680 0 0 -6.63955e-05 -3.77278e-12
680 0 1 0 0
680 0 2 4.28802e-13 6.56644e-16
680 0 3 0 0
680 1 0 0 0
680 1 1 -6.63955e-05 -3.77278e-12
680 1 2 0 0
680 1 3 4.28802e-13 6.56644e-16
680 2 0 4.26545e-13 -6.14863e-16
680 2 1 0 0
680 2 2 -6.63955e-05 -3.77585e-12
680 2 3 0 0
680 3 0 0 0
680 3 1 4.26545e-13 -6.14863e-16
680 3 2 0 0
680 3 3 -6.63955e-05 -3.77585e-12
681 0 0 -6.7351e-05 -1.71119e-12
681 0 1 0 0
681 0 2 4.32335e-13 2.94867e-16
681 0 3 0 0
681 1 0 0 0
681 1 1 -6.7351e-05 -1.71119e-12
681 1 2 0 0
681 1 3 4.32335e-13 2.94867e-16
681 2 0 4.31341e-13 -2.72623e-16
681 2 1 0 0
681 2 2 -6.7351e-05 -1.71267e-12
681 2 3 0 0
681 3 0 0 0
681 3 1 4.31341e-13 -2.72623e-16
681 3 2 0 0
681 3 3 -6.7351e-05 -1.71267e-12
682 0 0 -6.83206e-05 4.12213e-13
682 0 1 0 0
682 0 2 4.35882e-13 -7.77202e-17
682 0 3 0 0
682 1 0 0 0
682 1 1 -6.83206e-05 4.12213e-13
682 1 2 0 0
682 1 3 4.35882e-13 -7.77202e-17
682 2 0 4.36187e-13 7.97891e-17
682 2 1 0 0
682 2 2 -6.83206e-05 4.12371e-13
682 2 3 0 0
682 3 0 0 0
682 3 1 4.36187e-13 7.97891e-17
682 3 2 0 0
682 3 3 -6.83206e-05 4.12371e-13
683 0 0 -6.93045e-05 2.58069e-12
683 0 1 0 0
683 0 2 4.39446e-13 -4.5818e-16
683 0 3 0 0
683 1 0 0 0
683 1 1 -6.93045e-05 2.58069e-12
683 1 2 0 0
683 1 3 4.39446e-13 -4.5818e-16
683 2 0 4.41079e-13 4.39594e-16
683 2 1 0 0
683 2 2 -6.93045e-05 2.58252e-12
683 2 3 0 0
683 3 0 0 0
683 3 1 4.41079e-13 4.39594e-16
683 3 2 0 0
683 3 3 -6.93045e-05 2.58252e-12
684 0 0 -7.03031e-05 4.77665e-12
684 0 1 0 0
684 0 2 4.43033e-13 -8.43424e-16
684 0 3 0 0
684 1 0 0 0
684 1 1 -7.03031e-05 4.77665e-12
684 1 2 0 0
684 1 3 4.43033e-13 -8.43424e-16
684 2 0 4.46009e-13 8.03868e-16
684 2 1 0 0
684 2 2 -7.03031e-05 4.78018e-12
684 2 3 0 0
684 3 0 0 0
684 3 1 4.46009e-13 8.03868e-16
684 3 2 0 0
684 3 3 -7.03031e-05 4.78018e-12
685 0 0 -7.13164e-05 6.98174e-12
685 0 1 0 0
685 0 2 4.46645e-13 -1.23023e-15
685 0 3 0 0
685 1 0 0 0
685 1 1 -7.13164e-05 6.98174e-12
685 1 2 0 0
685 1 3 4.46645e-13 -1.23023e-15
685 2 0 4.5097e-13 1.16957e-15
685 2 1 0 0
685 2 2 -7.13164e-05 6.98698e-12
685 2 3 0 0
685 3 0 0 0
685 3 1 4.5097e-13 1.16957e-15
685 3 2 0 0
685 3 3 -7.13164e-05 6.98698e-12
686 0 0 -7.23448e-05 9.17703e-12
686 0 1 0 0
686 0 2 4.50289e-13 -1.61529e-15
686 0 3 0 0
686 1 0 0 0
686 1 1 -7.23448e-05 9.17703e-12
686 1 2 0 0
686 1 3 4.50289e-13 -1.61529e-15
686 2 0 4.55955e-13 1.53355e-15
686 2 1 0 0
686 2 2 -7.23448e-05 9.18397e-12
686 2 3 0 0
686 3 0 0 0
686 3 1 4.55955e-13 1.53355e-15
686 3 2 0 0
686 3 3 -7.23448e-05 9.18397e-12
687 0 0 -7.33885e-05 1.13431e-11
687 0 1 0 0
687 0 2 4.53967e-13 -1.99518e-15
687 0 3 0 0
687 1 0 0 0
687 1 1 -7.33885e-05 1.13431e-11
687 1 2 0 0
687 1 3 4.53967e-13 -1.99518e-15
687 2 0 4.60957e-13 1.8926e-15
687 2 1 0 0
687 2 2 -7.33885e-05 1.13518e-11
687 2 3 0 0
687 3 0 0 0
687 3 1 4.60957e-13 1.8926e-15
687 3 2 0 0
687 3 3 -7.33885e-05 1.13518e-11
688 0 0 -7.44477e-05 1.34603e-11
688 0 1 0 0
688 0 2 4.57685e-13 -2.36646e-15
688 0 3 0 0
688 1 0 0 0
688 1 1 -7.44477e-05 1.34603e-11
688 1 2 0 0
688 1 3 4.57685e-13 -2.36646e-15
688 2 0 4.65969e-13 2.24345e-15
688 2 1 0 0
688 2 2 -7.44477e-05 1.34706e-11
688 2 3 0 0
688 3 0 0 0
688 3 1 4.65969e-13 2.24345e-15
688 3 2 0 0
688 3 3 -7.44477e-05 1.34706e-11
689 0 0 -7.55226e-05 1.55088e-11
689 0 1 0 0
689 0 2 4.61448e-13 -2.72565e-15
689 0 3 0 0
689 1 0 0 0
689 1 1 -7.55226e-05 1.55088e-11
689 1 2 0 0
689 1 3 4.61448e-13 -2.72565e-15
689 2 0 4.70982e-13 2.58281e-15
689 2 1 0 0
689 2 2 -7.55226e-05 1.55207e-11
689 2 3 0 0
689 3 0 0 0
689 3 1 4.70982e-13 2.58281e-15
689 3 2 0 0
689 3 3 -7.55226e-05 1.55207e-11
690 0 0 -7.66136e-05 1.74687e-11
690 0 1 0 0
690 0 2 4.65259e-13 -3.06926e-15
690 0 3 0 0
690 1 0 0 0
690 1 1 -7.66136e-05 1.74687e-11
690 1 2 0 0
690 1 3 4.65259e-13 -3.06926e-15
690 2 0 4.7599e-13 2.90738e-15
690 2 1 0 0
690 2 2 -7.66136e-05 1.74821e-11
690 2 3 0 0
690 3 0 0 0
690 3 1 4.7599e-13 2.90738e-15
690 3 2 0 0
690 3 3 -7.66136e-05 1.74821e-11
691 0 0 -7.77207e-05 1.93205e-11
691 0 1 0 0
691 0 2 4.69124e-13 -3.39386e-15
691 0 3 0 0
691 1 0 0 0
691 1 1 -7.77207e-05 1.93205e-11
691 1 2 0 0
691 1 3 4.69124e-13 -3.39386e-15
691 2 0 4.80984e-13 3.21393e-15
691 2 1 0 0
691 2 2 -7.77207e-05 1.93353e-11
691 2 3 0 0
691 3 0 0 0
691 3 1 4.80984e-13 3.21393e-15
691 3 2 0 0
691 3 3 -7.77207e-05 1.93353e-11
692 0 0 -7.88444e-05 2.10448e-11
692 0 1 0 0
692 0 2 4.73048e-13 -3.69607e-15
692 0 3 0 0
692 1 0 0 0
692 1 1 -7.88444e-05 2.10448e-11
692 1 2 0 0
692 1 3 4.73048e-13 -3.69607e-15
692 2 0 4.85959e-13 3.49925e-15
692 2 1 0 0
692 2 2 -7.88444e-05 2.10609e-11
692 2 3 0 0
692 3 0 0 0
692 3 1 4.85959e-13 3.49925e-15
692 3 2 0 0
692 3 3 -7.88444e-05 2.10609e-11
693 0 0 -7.99848e-05 2.2623e-11
693 0 1 0 0
693 0 2 4.77033e-13 -3.97263e-15
693 0 3 0 0
693 1 0 0 0
693 1 1 -7.99848e-05 2.2623e-11
693 1 2 0 0
693 1 3 4.77033e-13 -3.97263e-15
693 2 0 4.90906e-13 3.76026e-15
693 2 1 0 0
693 2 2 -7.99848e-05 2.26404e-11
693 2 3 0 0
693 3 0 0 0
693 3 1 4.90906e-13 3.76026e-15
693 3 2 0 0
693 3 3 -7.99848e-05 2.26404e-11
694 0 0 -8.11422e-05 2.40372e-11
694 0 1 0 0
694 0 2 4.81086e-13 -4.22037e-15
694 0 3 0 0
694 1 0 0 0
694 1 1 -8.11422e-05 2.40372e-11
694 1 2 0 0
694 1 3 4.81086e-13 -4.22037e-15
694 2 0 4.95818e-13 3.99398e-15
694 2 1 0 0
694 2 2 -8.11422e-05 2.40557e-11
694 2 3 0 0
694 3 0 0 0
694 3 1 4.95818e-13 3.99398e-15
694 3 2 0 0
694 3 3 -8.11422e-05 2.40557e-11
695 0 0 -8.23169e-05 2.52703e-11
695 0 1 0 0
695 0 2 4.85208e-13 -4.43632e-15
695 0 3 0 0
695 1 0 0 0
695 1 1 -8.23169e-05 2.52703e-11
695 1 2 0 0
695 1 3 4.85208e-13 -4.43632e-15
695 2 0 5.00691e-13 4.1976e-15
695 2 1 0 0
695 2 2 -8.23169e-05 2.52898e-11
695 2 3 0 0
695 3 0 0 0
695 3 1 5.00691e-13 4.1976e-15
695 3 2 0 0
695 3 3 -8.23169e-05 2.52898e-11
696 0 0 -8.35091e-05 2.63064e-11
696 0 1 0 0
696 0 2 4.89406e-13 -4.61768e-15
696 0 3 0 0
696 1 0 0 0
696 1 1 -8.35091e-05 2.63064e-11
696 1 2 0 0
696 1 3 4.89406e-13 -4.61768e-15
696 2 0 5.05517e-13 4.36848e-15
696 2 1 0 0
696 2 2 -8.35091e-05 2.63267e-11
696 2 3 0 0
696 3 0 0 0
696 3 1 5.05517e-13 4.36848e-15
696 3 2 0 0
696 3 3 -8.35091e-05 2.63267e-11
697 0 0 -8.47192e-05 2.71309e-11
697 0 1 0 0
697 0 2 4.93681e-13 -4.76191e-15
697 0 3 0 0
697 1 0 0 0
697 1 1 -8.47192e-05 2.71309e-11
697 1 2 0 0
697 1 3 4.93681e-13 -4.76191e-15
697 2 0 5.1029e-13 4.50421e-15
697 2 1 0 0
697 2 2 -8.47192e-05 2.71519e-11
697 2 3 0 0
697 3 0 0 0
697 3 1 5.1029e-13 4.50421e-15
697 3 2 0 0
697 3 3 -8.47192e-05 2.71519e-11
698 0 0 -8.59473e-05 2.77307e-11
698 0 1 0 0
698 0 2 4.98036e-13 -4.86668e-15
698 0 3 0 0
698 1 0 0 0
698 1 1 -8.59473e-05 2.77307e-11
698 1 2 0 0
698 1 3 4.98036e-13 -4.86668e-15
698 2 0 5.15007e-13 4.6026e-15
698 2 1 0 0
698 2 2 -8.59473e-05 2.77521e-11
698 2 3 0 0
698 3 0 0 0
698 3 1 5.15007e-13 4.6026e-15
698 3 2 0 0
698 3 3 -8.59473e-05 2.77521e-11
699 0 0 -8.71938e-05 2.80941e-11
699 0 1 0 0
699 0 2 5.02476e-13 -4.92998e-15
699 0 3 0 0
699 1 0 0 0
699 1 1 -8.71938e-05 2.80941e-11
699 1 2 0 0
699 1 3 5.02476e-13 -4.92998e-15
699 2 0 5.19663e-13 4.66175e-15
699 2 1 0 0
699 2 2 -8.71938e-05 2.81158e-11
699 2 3 0 0
699 3 0 0 0
699 3 1 5.19663e-13 4.66175e-15
699 3 2 0 0
699 3 3 -8.71938e-05 2.81158e-11
700 0 0 -8.8459e-05 2.82114e-11
700 0 1 0 0
700 0 2 5.07001e-13 -4.9501e-15
700 0 3 0 0
700 1 0 0 0
700 1 1 -8.8459e-05 2.82114e-11
700 1 2 0 0
700 1 3 5.07001e-13 -4.9501e-15
700 2 0 5.24254e-13 4.68006e-15
700 2 1 0 0
700 2 2 -8.8459e-05 2.82332e-11
700 2 3 0 0
700 3 0 0 0
700 3 1 5.24254e-13 4.68006e-15
700 3 2 0 0
700 3 3 -8.8459e-05 2.82332e-11
701 0 0 -8.97431e-05 2.80748e-11
701 0 1 0 0
701 0 2 5.11614e-13 -4.92567e-15
701 0 3 0 0
701 1 0 0 0
701 1 1 -8.97431e-05 2.80748e-11
701 1 2 0 0
701 1 3 5.11614e-13 -4.92567e-15
701 2 0 5.28777e-13 4.65623e-15
701 2 1 0 0
701 2 2 -8.97431e-05 2.80966e-11
701 2 3 0 0
701 3 0 0 0
701 3 1 5.28777e-13 4.65623e-15
701 3 2 0 0
701 3 3 -8.97431e-05 2.80966e-11
702 0 0 -9.10464e-05 2.76786e-11
702 0 1 0 0
702 0 2 5.16315e-13 -4.85568e-15
702 0 3 0 0
702 1 0 0 0
702 1 1 -9.10464e-05 2.76786e-11
702 1 2 0 0
702 1 3 5.16315e-13 -4.85568e-15
702 2 0 5.3323e-13 4.58932e-15
702 2 1 0 0
702 2 2 -9.10464e-05 2.77001e-11
702 2 3 0 0
702 3 0 0 0
702 3 1 5.3323e-13 4.58932e-15
702 3 2 0 0
702 3 3 -9.10464e-05 2.77001e-11
703 0 0 -9.23693e-05 2.70191e-11
703 0 1 0 0
703 0 2 5.21107e-13 -4.73952e-15
703 0 3 0 0
703 1 0 0 0
703 1 1 -9.23693e-05 2.70191e-11
703 1 2 0 0
703 1 3 5.21107e-13 -4.73952e-15
703 2 0 5.37612e-13 4.47874e-15
703 2 1 0 0
703 2 2 -9.23693e-05 2.70401e-11
703 2 3 0 0
703 3 0 0 0
703 3 1 5.37612e-13 4.47874e-15
703 3 2 0 0
703 3 3 -9.23693e-05 2.70401e-11
704 0 0 -9.3712e-05 2.60952e-11
704 0 1 0 0
704 0 2 5.25989e-13 -4.57697e-15
704 0 3 0 0
704 1 0 0 0
704 1 1 -9.3712e-05 2.60952e-11
704 1 2 0 0
704 1 3 5.25989e-13 -4.57697e-15
704 2 0 5.41922e-13 4.32431e-15
704 2 1 0 0
704 2 2 -9.3712e-05 2.61155e-11
704 2 3 0 0
704 3 0 0 0
704 3 1 5.41922e-13 4.32431e-15
704 3 2 0 0
704 3 3 -9.3712e-05 2.61155e-11
705 0 0 -9.50749e-05 2.49079e-11
705 0 1 0 0
705 0 2 5.3096e-13 -4.36822e-15
705 0 3 0 0
705 1 0 0 0
705 1 1 -9.50749e-05 2.49079e-11
705 1 2 0 0
705 1 3 5.3096e-13 -4.36822e-15
705 2 0 5.46161e-13 4.12622e-15
705 2 1 0 0
705 2 2 -9.50749e-05 2.49273e-11
705 2 3 0 0
705 3 0 0 0
705 3 1 5.46161e-13 4.12622e-15
705 3 2 0 0
705 3 3 -9.50749e-05 2.49273e-11
706 0 0 -9.64583e-05 2.34608e-11
706 0 1 0 0
706 0 2 5.36021e-13 -4.11393e-15
706 0 3 0 0
706 1 0 0 0
706 1 1 -9.64583e-05 2.34608e-11
706 1 2 0 0
706 1 3 5.36021e-13 -4.11393e-15
706 2 0 5.50331e-13 3.88507e-15
706 2 1 0 0
706 2 2 -9.64583e-05 2.34791e-11
706 2 3 0 0
706 3 0 0 0
706 3 1 5.50331e-13 3.88507e-15
706 3 2 0 0
706 3 3 -9.64583e-05 2.34791e-11
707 0 0 -9.78625e-05 2.17601e-11
707 0 1 0 0
707 0 2 5.41169e-13 -3.81515e-15
707 0 3 0 0
707 1 0 0 0
707 1 1 -9.78625e-05 2.17601e-11
707 1 2 0 0
707 1 3 5.41169e-13 -3.81515e-15
707 2 0 5.54433e-13 3.6019e-15
707 2 1 0 0
707 2 2 -9.78625e-05 2.17771e-11
707 2 3 0 0
707 3 0 0 0
707 3 1 5.54433e-13 3.6019e-15
707 3 2 0 0
707 3 3 -9.78625e-05 2.17771e-11
708 0 0 -9.92878e-05 1.98144e-11
708 0 1 0 0
708 0 2 5.46403e-13 -3.47342e-15
708 0 3 0 0
708 1 0 0 0
708 1 1 -9.92878e-05 1.98144e-11
708 1 2 0 0
708 1 3 5.46403e-13 -3.47342e-15
708 2 0 5.58471e-13 3.27815e-15
708 2 1 0 0
708 2 2 -9.92878e-05 1.98299e-11
708 2 3 0 0
708 3 0 0 0
708 3 1 5.58471e-13 3.27815e-15
708 3 2 0 0
708 3 3 -9.92878e-05 1.98299e-11
709 0 0 -0.000100735 1.7635e-11
709 0 1 0 0
709 0 2 5.5172e-13 -3.09071e-15
709 0 3 0 0
709 1 0 0 0
709 1 1 -0.000100735 1.7635e-11
709 1 2 0 0
709 1 3 5.5172e-13 -3.09071e-15
709 2 0 5.6245e-13 2.91569e-15
709 2 1 0 0
709 2 2 -0.000100735 1.76488e-11
709 2 3 0 0
709 3 0 0 0
709 3 1 5.6245e-13 2.91569e-15
709 3 2 0 0
709 3 3 -0.000100735 1.76488e-11
710 0 0 -0.000102203 1.52355e-11
710 0 1 0 0
710 0 2 5.57117e-13 -2.66944e-15
710 0 3 0 0
710 1 0 0 0
710 1 1 -0.000102203 1.52355e-11
710 1 2 0 0
710 1 3 5.57117e-13 -2.66944e-15
710 2 0 5.66374e-13 2.51682e-15
710 2 1 0 0
710 2 2 -0.000102203 1.52475e-11
710 2 3 0 0
710 3 0 0 0
710 3 1 5.66374e-13 2.51682e-15
710 3 2 0 0
710 3 3 -0.000102203 1.52475e-11
711 0 0 -0.000103694 1.26323e-11
711 0 1 0 0
711 0 2 5.62589e-13 -2.21247e-15
711 0 3 0 0
711 1 0 0 0
711 1 1 -0.000103694 1.26323e-11
711 1 2 0 0
711 1 3 5.62589e-13 -2.21247e-15
711 2 0 5.70249e-13 2.08424e-15
711 2 1 0 0
711 2 2 -0.000103694 1.26422e-11
711 2 3 0 0
711 3 0 0 0
711 3 1 5.70249e-13 2.08424e-15
711 3 2 0 0
711 3 3 -0.000103694 1.26422e-11
712 0 0 -0.000105207 9.84403e-12
712 0 1 0 0
712 0 2 5.68133e-13 -1.72308e-15
712 0 3 0 0
712 1 0 0 0
712 1 1 -0.000105207 9.84403e-12
712 1 2 0 0
712 1 3 5.68133e-13 -1.72308e-15
712 2 0 5.74084e-13 1.62107e-15
712 2 1 0 0
712 2 2 -0.000105207 9.85186e-12
712 2 3 0 0
712 3 0 0 0
712 3 1 5.74084e-13 1.62107e-15
712 3 2 0 0
712 3 3 -0.000105207 9.85186e-12
713 0 0 -0.000106743 6.89184e-12
713 0 1 0 0
713 0 2 5.73743e-13 -1.20497e-15
713 0 3 0 0
713 1 0 0 0
713 1 1 -0.000106743 6.89184e-12
713 1 2 0 0
713 1 3 5.73743e-13 -1.20497e-15
713 2 0 5.77885e-13 1.13082e-15
713 2 1 0 0
713 2 2 -0.000106743 6.89739e-12
713 2 3 0 0
713 3 0 0 0
713 3 1 5.77885e-13 1.13082e-15
713 3 2 0 0
713 3 3 -0.000106743 6.89739e-12
714 0 0 -0.000108302 3.79896e-12
714 0 1 0 0
714 0 2 5.79415e-13 -6.62234e-16
714 0 3 0 0
714 1 0 0 0
714 1 1 -0.000108302 3.79896e-12
714 1 2 0 0
714 1 3 5.79415e-13 -6.62234e-16
714 2 0 5.81662e-13 6.17354e-16
714 2 1 0 0
714 2 2 -0.000108302 3.80214e-12
714 2 3 0 0
714 3 0 0 0
714 3 1 5.81662e-13 6.17354e-16
714 3 2 0 0
714 3 3 -0.000108302 3.80214e-12
715 0 0 -0.000109885 5.90816e-13
715 0 1 0 0
715 0 2 5.85141e-13 -9.93282e-17
715 0 3 0 0
715 1 0 0 0
715 1 1 -0.000109885 5.90816e-13
715 1 2 0 0
715 1 3 5.85141e-13 -9.93282e-17
715 2 0 5.85425e-13 8.48928e-17
715 2 1 0 0
715 2 2 -0.000109885 5.91513e-13
715 2 3 0 0
715 3 0 0 0
715 3 1 5.85425e-13 8.48928e-17
715 3 2 0 0
715 3 3 -0.000109885 5.91513e-13
716 0 0 -0.000111491 -2.70528e-12
716 0 1 0 0
716 0 2 5.90916e-13 4.78952e-16
716 0 3 0 0
716 1 0 0 0
716 1 1 -0.000111491 -2.70528e-12
716 1 2 0 0
716 1 3 5.90916e-13 4.78952e-16
716 2 0 5.89182e-13 -4.62023e-16
716 2 1 0 0
716 2 2 -0.000111491 -2.70712e-12
716 2 3 0 0
716 3 0 0 0
716 3 1 5.89182e-13 -4.62023e-16
716 3 2 0 0
716 3 3 -0.000111491 -2.70712e-12
717 0 0 -0.000113122 -6.06026e-12
717 0 1 0 0
717 0 2 5.96733e-13 1.06751e-15
717 0 3 0 0
717 1 0 0 0
717 1 1 -0.000113122 -6.06026e-12
717 1 2 0 0
717 1 3 5.96733e-13 1.06751e-15
717 2 0 5.92946e-13 -1.01857e-15
717 2 1 0 0
717 2 2 -0.000113122 -6.06471e-12
717 2 3 0 0
717 3 0 0 0
717 3 1 5.92946e-13 -1.01857e-15
717 3 2 0 0
717 3 3 -0.000113122 -6.06471e-12
718 0 0 -0.000114778 -9.44357e-12
718 0 1 0 0
718 0 2 6.02584e-13 1.66097e-15
718 0 3 0 0
718 1 0 0 0
718 1 1 -0.000114778 -9.44357e-12
718 1 2 0 0
718 1 3 6.02584e-13 1.66097e-15
718 2 0 5.96728e-13 -1.57967e-15
718 2 1 0 0
718 2 2 -0.000114778 -9.45063e-12
718 2 3 0 0
718 3 0 0 0
718 3 1 5.96728e-13 -1.57967e-15
718 3 2 0 0
718 3 3 -0.000114778 -9.45063e-12
719 0 0 -0.000116459 -1.28233e-11
719 0 1 0 0
719 0 2 6.08462e-13 2.25375e-15
719 0 3 0 0
719 1 0 0 0
719 1 1 -0.000116459 -1.28233e-11
719 1 2 0 0
719 1 3 6.08462e-13 2.25375e-15
719 2 0 6.00539e-13 -2.14003e-15
719 2 1 0 0
719 2 2 -0.000116459 -1.2833e-11
719 2 3 0 0
719 3 0 0 0
719 3 1 6.00539e-13 -2.14003e-15
719 3 2 0 0
719 3 3 -0.000116459 -1.2833e-11
720 0 0 -0.000118165 -1.61667e-11
720 0 1 0 0
720 0 2 6.14359e-13 2.84008e-15
720 0 3 0 0
720 1 0 0 0
720 1 1 -0.000118165 -1.61667e-11
720 1 2 0 0
720 1 3 6.14359e-13 2.84008e-15
720 2 0 6.04393e-13 -2.6942e-15
720 2 1 0 0
720 2 2 -0.000118165 -1.61789e-11
720 2 3 0 0
720 3 0 0 0
720 3 1 6.04393e-13 -2.6942e-15
720 3 2 0 0
720 3 3 -0.000118165 -1.61789e-11
721 0 0 -0.000119897 -1.944e-11
721 0 1 0 0
721 0 2 6.20266e-13 3.41407e-15
721 0 3 0 0
721 1 0 0 0
721 1 1 -0.000119897 -1.944e-11
721 1 2 0 0
721 1 3 6.20266e-13 3.41407e-15
721 2 0 6.08301e-13 -3.23661e-15
721 2 1 0 0
721 2 2 -0.000119897 -1.94548e-11
721 2 3 0 0
721 3 0 0 0
721 3 1 6.08301e-13 -3.23661e-15
721 3 2 0 0
721 3 3 -0.000119897 -1.94548e-11
722 0 0 -0.000121656 -2.26092e-11
722 0 1 0 0
722 0 2 6.26177e-13 3.96973e-15
722 0 3 0 0
722 1 0 0 0
722 1 1 -0.000121656 -2.26092e-11
722 1 2 0 0
722 1 3 6.26177e-13 3.96973e-15
722 2 0 6.12277e-13 -3.7616e-15
722 2 1 0 0
722 2 2 -0.000121656 -2.26265e-11
722 2 3 0 0
722 3 0 0 0
722 3 1 6.12277e-13 -3.7616e-15
722 3 2 0 0
722 3 3 -0.000121656 -2.26265e-11
723 0 0 -0.000123441 -2.56402e-11
723 0 1 0 0
723 0 2 6.32083e-13 4.50109e-15
723 0 3 0 0
723 1 0 0 0
723 1 1 -0.000123441 -2.56402e-11
723 1 2 0 0
723 1 3 6.32083e-13 4.50109e-15
723 2 0 6.16333e-13 -4.26351e-15
723 2 1 0 0
723 2 2 -0.000123441 -2.56599e-11
723 2 3 0 0
723 3 0 0 0
723 3 1 6.16333e-13 -4.26351e-15
723 3 2 0 0
723 3 3 -0.000123441 -2.56599e-11
724 0 0 -0.000125253 -2.84991e-11
724 0 1 0 0
724 0 2 6.37975e-13 5.00218e-15
724 0 3 0 0
724 1 0 0 0
724 1 1 -0.000125253 -2.84991e-11
724 1 2 0 0
724 1 3 6.37975e-13 5.00218e-15
724 2 0 6.20481e-13 -4.73673e-15
724 2 1 0 0
724 2 2 -0.000125253 -2.8521e-11
724 2 3 0 0
724 3 0 0 0
724 3 1 6.20481e-13 -4.73673e-15
724 3 2 0 0
724 3 3 -0.000125253 -2.8521e-11
725 0 0 -0.000127093 -3.11524e-11
725 0 1 0 0
725 0 2 6.43845e-13 5.46717e-15
725 0 3 0 0
725 1 0 0 0
725 1 1 -0.000127093 -3.11524e-11
725 1 2 0 0
725 1 3 6.43845e-13 5.46717e-15
725 2 0 6.24734e-13 -5.17571e-15
725 2 1 0 0
725 2 2 -0.000127093 -3.11763e-11
725 2 3 0 0
725 3 0 0 0
725 3 1 6.24734e-13 -5.17571e-15
725 3 2 0 0
725 3 3 -0.000127093 -3.11763e-11
726 0 0 -0.000128961 -3.35677e-11
726 0 1 0 0
726 0 2 6.49686e-13 5.89035e-15
726 0 3 0 0
726 1 0 0 0
726 1 1 -0.000128961 -3.35677e-11
726 1 2 0 0
726 1 3 6.49686e-13 5.89035e-15
726 2 0 6.29104e-13 -5.57508e-15
726 2 1 0 0
726 2 2 -0.000128961 -3.35935e-11
726 2 3 0 0
726 3 0 0 0
726 3 1 6.29104e-13 -5.57508e-15
726 3 2 0 0
726 3 3 -0.000128961 -3.35935e-11
727 0 0 -0.000130857 -3.57139e-11
727 0 1 0 0
727 0 2 6.5549e-13 6.26626e-15
727 0 3 0 0
727 1 0 0 0
727 1 1 -0.000130857 -3.57139e-11
727 1 2 0 0
727 1 3 6.5549e-13 6.26626e-15
727 2 0 6.33603e-13 -5.92969e-15
727 2 1 0 0
727 2 2 -0.000130857 -3.57414e-11
727 2 3 0 0
727 3 0 0 0
727 3 1 6.33603e-13 -5.92969e-15
727 3 2 0 0
727 3 3 -0.000130857 -3.57414e-11
728 0 0 -0.000132783 -3.75614e-11
728 0 1 0 0
728 0 2 6.61251e-13 6.58972e-15
728 0 3 0 0
728 1 0 0 0
728 1 1 -0.000132783 -3.75614e-11
728 1 2 0 0
728 1 3 6.61251e-13 6.58972e-15
728 2 0 6.3824e-13 -6.23463e-15
728 2 1 0 0
728 2 2 -0.000132783 -3.75903e-11
728 2 3 0 0
728 3 0 0 0
728 3 1 6.3824e-13 -6.23463e-15
728 3 2 0 0
728 3 3 -0.000132783 -3.75903e-11
729 0 0 -0.000134737 -3.90826e-11
729 0 1 0 0
729 0 2 6.6696e-13 6.85592e-15
729 0 3 0 0
729 1 0 0 0
729 1 1 -0.000134737 -3.90826e-11
729 1 2 0 0
729 1 3 6.6696e-13 6.85592e-15
729 2 0 6.43027e-13 -6.48536e-15
729 2 1 0 0
729 2 2 -0.000134737 -3.91128e-11
729 2 3 0 0
729 3 0 0 0
729 3 1 6.43027e-13 -6.48536e-15
729 3 2 0 0
729 3 3 -0.000134737 -3.91128e-11
730 0 0 -0.000136722 -4.02525e-11
730 0 1 0 0
730 0 2 6.72612e-13 7.06043e-15
730 0 3 0 0
730 1 0 0 0
730 1 1 -0.000136722 -4.02525e-11
730 1 2 0 0
730 1 3 6.72612e-13 7.06043e-15
730 2 0 6.47972e-13 -6.67771e-15
730 2 1 0 0
730 2 2 -0.000136722 -4.02835e-11
730 2 3 0 0
730 3 0 0 0
730 3 1 6.47972e-13 -6.67771e-15
730 3 2 0 0
730 3 3 -0.000136722 -4.02835e-11
731 0 0 -0.000138736 -4.10484e-11
731 0 1 0 0
731 0 2 6.78201e-13 7.19933e-15
731 0 3 0 0
731 1 0 0 0
731 1 1 -0.000138736 -4.10484e-11
731 1 2 0 0
731 1 3 6.78201e-13 7.19933e-15
731 2 0 6.53084e-13 -6.80797e-15
731 2 1 0 0
731 2 2 -0.000138736 -4.10802e-11
731 2 3 0 0
731 3 0 0 0
731 3 1 6.53084e-13 -6.80797e-15
731 3 2 0 0
731 3 3 -0.000138736 -4.10802e-11
732 0 0 -0.000140782 -4.14511e-11
732 0 1 0 0
732 0 2 6.83723e-13 7.26921e-15
732 0 3 0 0
732 1 0 0 0
732 1 1 -0.000140782 -4.14511e-11
732 1 2 0 0
732 1 3 6.83723e-13 7.26921e-15
732 2 0 6.58369e-13 -6.87294e-15
732 2 1 0 0
732 2 2 -0.000140782 -4.14832e-11
732 2 3 0 0
732 3 0 0 0
732 3 1 6.58369e-13 -6.87294e-15
732 3 2 0 0
732 3 3 -0.000140782 -4.14832e-11
733 0 0 -0.000142859 -4.14445e-11
733 0 1 0 0
733 0 2 6.89173e-13 7.26726e-15
733 0 3 0 0
733 1 0 0 0
733 1 1 -0.000142859 -4.14445e-11
733 1 2 0 0
733 1 3 6.89173e-13 7.26726e-15
733 2 0 6.63832e-13 -6.86996e-15
733 2 1 0 0
733 2 2 -0.000142859 -4.14765e-11
733 2 3 0 0
733 3 0 0 0
733 3 1 6.63832e-13 -6.86996e-15
733 3 2 0 0
733 3 3 -0.000142859 -4.14765e-11
734 0 0 -0.000144968 -4.1016e-11
734 0 1 0 0
734 0 2 6.94547e-13 7.19131e-15
734 0 3 0 0
734 1 0 0 0
734 1 1 -0.000144968 -4.1016e-11
734 1 2 0 0
734 1 3 6.94547e-13 7.19131e-15
734 2 0 6.69479e-13 -6.79699e-15
734 2 1 0 0
734 2 2 -0.000144968 -4.10478e-11
734 2 3 0 0
734 3 0 0 0
734 3 1 6.69479e-13 -6.79699e-15
734 3 2 0 0
734 3 3 -0.000144968 -4.10478e-11
735 0 0 -0.000147109 -4.01573e-11
735 0 1 0 0
735 0 2 6.99844e-13 7.03987e-15
735 0 3 0 0
735 1 0 0 0
735 1 1 -0.000147109 -4.01573e-11
735 1 2 0 0
735 1 3 6.99844e-13 7.03987e-15
735 2 0 6.75311e-13 -6.65265e-15
735 2 1 0 0
735 2 2 -0.000147109 -4.01885e-11
735 2 3 0 0
735 3 0 0 0
735 3 1 6.75311e-13 -6.65265e-15
735 3 2 0 0
735 3 3 -0.000147109 -4.01885e-11
736 0 0 -0.000149283 -3.88641e-11
736 0 1 0 0
736 0 2 7.05062e-13 6.81221e-15
736 0 3 0 0
736 1 0 0 0
736 1 1 -0.000149283 -3.88641e-11
736 1 2 0 0
736 1 3 7.05062e-13 6.81221e-15
736 2 0 6.81329e-13 -6.43624e-15
736 2 1 0 0
736 2 2 -0.000149283 -3.88942e-11
736 2 3 0 0
736 3 0 0 0
736 3 1 6.81329e-13 -6.43624e-15
736 3 2 0 0
736 3 3 -0.000149283 -3.88942e-11
737 0 0 -0.00015149 -3.71363e-11
737 0 1 0 0
737 0 2 7.102e-13 6.50834e-15
737 0 3 0 0
737 1 0 0 0
737 1 1 -0.00015149 -3.71363e-11
737 1 2 0 0
737 1 3 7.102e-13 6.50834e-15
737 2 0 6.87534e-13 -6.14779e-15
737 2 1 0 0
737 2 2 -0.00015149 -3.71652e-11
737 2 3 0 0
737 3 0 0 0
737 3 1 6.87534e-13 -6.14779e-15
737 3 2 0 0
737 3 3 -0.00015149 -3.71652e-11
738 0 0 -0.000153731 -3.49787e-11
738 0 1 0 0
738 0 2 7.15258e-13 6.12908e-15
738 0 3 0 0
738 1 0 0 0
738 1 1 -0.000153731 -3.49787e-11
738 1 2 0 0
738 1 3 7.15258e-13 6.12908e-15
738 2 0 6.93922e-13 -5.78808e-15
738 2 1 0 0
738 2 2 -0.000153731 -3.50059e-11
738 2 3 0 0
738 3 0 0 0
738 3 1 6.93922e-13 -5.78808e-15
738 3 2 0 0
738 3 3 -0.000153731 -3.50059e-11
739 0 0 -0.000156007 -3.24005e-11
739 0 1 0 0
739 0 2 7.2024e-13 5.67607e-15
739 0 3 0 0
739 1 0 0 0
739 1 1 -0.000156007 -3.24005e-11
739 1 2 0 0
739 1 3 7.2024e-13 5.67607e-15
739 2 0 7.00489e-13 -5.35869e-15
739 2 1 0 0
739 2 2 -0.000156007 -3.24257e-11
739 2 3 0 0
739 3 0 0 0
739 3 1 7.00489e-13 -5.35869e-15
739 3 2 0 0
739 3 3 -0.000156007 -3.24257e-11
740 0 0 -0.000158317 -2.94158e-11
740 0 1 0 0
740 0 2 7.25146e-13 5.15179e-15
740 0 3 0 0
740 1 0 0 0
740 1 1 -0.000158317 -2.94158e-11
740 1 2 0 0
740 1 3 7.25146e-13 5.15179e-15
740 2 0 7.0723e-13 -4.86196e-15
740 2 1 0 0
740 2 2 -0.000158317 -2.94388e-11
740 2 3 0 0
740 3 0 0 0
740 3 1 7.0723e-13 -4.86196e-15
740 3 2 0 0
740 3 3 -0.000158317 -2.94388e-11
741 0 0 -0.000160663 -2.60435e-11
741 0 1 0 0
741 0 2 7.29982e-13 4.55956e-15
741 0 3 0 0
741 1 0 0 0
741 1 1 -0.000160663 -2.60435e-11
741 1 2 0 0
741 1 3 7.29982e-13 4.55956e-15
741 2 0 7.14136e-13 -4.30105e-15
741 2 1 0 0
741 2 2 -0.000160663 -2.60639e-11
741 2 3 0 0
741 3 0 0 0
741 3 1 7.14136e-13 -4.30105e-15
741 3 2 0 0
741 3 3 -0.000160663 -2.60639e-11
742 0 0 -0.000163046 -2.23073e-11
742 0 1 0 0
742 0 2 7.34751e-13 3.90355e-15
742 0 3 0 0
742 1 0 0 0
742 1 1 -0.000163046 -2.23073e-11
742 1 2 0 0
742 1 3 7.34751e-13 3.90355e-15
742 2 0 7.21198e-13 -3.67992e-15
742 2 1 0 0
742 2 2 -0.000163046 -2.23249e-11
742 2 3 0 0
742 3 0 0 0
742 3 1 7.21198e-13 -3.67992e-15
742 3 2 0 0
742 3 3 -0.000163046 -2.23249e-11
743 0 0 -0.000165465 -1.82357e-11
743 0 1 0 0
743 0 2 7.3946e-13 3.18876e-15
743 0 3 0 0
743 1 0 0 0
743 1 1 -0.000165465 -1.82357e-11
743 1 2 0 0
743 1 3 7.3946e-13 3.18876e-15
743 2 0 7.28405e-13 -3.00329e-15
743 2 1 0 0
743 2 2 -0.000165465 -1.82501e-11
743 2 3 0 0
743 3 0 0 0
743 3 1 7.28405e-13 -3.00329e-15
743 3 2 0 0
743 3 3 -0.000165465 -1.82501e-11
744 0 0 -0.000167921 -1.38617e-11
744 0 1 0 0
744 0 2 7.44117e-13 2.42099e-15
744 0 3 0 0
744 1 0 0 0
744 1 1 -0.000167921 -1.38617e-11
744 1 2 0 0
744 1 3 7.44117e-13 2.42099e-15
744 2 0 7.35742e-13 -2.27668e-15
744 2 1 0 0
744 2 2 -0.000167921 -1.38728e-11
744 2 3 0 0
744 3 0 0 0
744 3 1 7.35742e-13 -2.27668e-15
744 3 2 0 0
744 3 3 -0.000167921 -1.38728e-11
745 0 0 -0.000170416 -9.22294e-12
745 0 1 0 0
745 0 2 7.48728e-13 1.60684e-15
745 0 3 0 0
745 1 0 0 0
745 1 1 -0.000170416 -9.22294e-12
745 1 2 0 0
745 1 3 7.48728e-13 1.60684e-15
745 2 0 7.43196e-13 -1.50633e-15
745 2 1 0 0
745 2 2 -0.000170416 -9.23041e-12
745 2 3 0 0
745 3 0 0 0
745 3 1 7.43196e-13 -1.50633e-15
745 3 2 0 0
745 3 3 -0.000170416 -9.23041e-12
746 0 0 -0.000172948 -4.36107e-12
746 0 1 0 0
746 0 2 7.53304e-13 7.53641e-16
746 0 3 0 0
746 1 0 0 0
746 1 1 -0.000172948 -4.36107e-12
746 1 2 0 0
746 1 3 7.53304e-13 7.53641e-16
746 2 0 7.50749e-13 -6.99179e-16
746 2 1 0 0
746 2 2 -0.000172948 -4.3648e-12
746 2 3 0 0
746 3 0 0 0
746 3 1 7.50749e-13 -6.99179e-16
746 3 2 0 0
746 3 3 -0.000172948 -4.3648e-12
747 0 0 -0.000175521 6.78171e-13
747 0 1 0 0
747 0 2 7.57854e-13 -1.3059e-16
747 0 3 0 0
747 1 0 0 0
747 1 1 -0.000175521 6.78171e-13
747 1 2 0 0
747 1 3 7.57854e-13 -1.3059e-16
747 2 0 7.58384e-13 1.37182e-16
747 2 1 0 0
747 2 2 -0.000175521 6.78339e-13
747 2 3 0 0
747 3 0 0 0
747 3 1 7.58384e-13 1.37182e-16
747 3 2 0 0
747 3 3 -0.000175521 6.78339e-13
748 0 0 -0.000178132 5.84548e-12
748 0 1 0 0
748 0 2 7.62389e-13 -1.0372e-15
748 0 3 0 0
748 1 0 0 0
748 1 1 -0.000178132 5.84548e-12
748 1 2 0 0
748 1 3 7.62389e-13 -1.0372e-15
748 2 0 7.66082e-13 9.94561e-16
748 2 1 0 0
748 2 2 -0.000178132 5.84964e-12
748 2 3 0 0
748 3 0 0 0
748 3 1 7.66082e-13 9.94561e-16
748 3 2 0 0
748 3 3 -0.000178132 5.84964e-12
749 0 0 -0.000180785 1.10884e-11
749 0 1 0 0
749 0 2 7.66921e-13 -1.95696e-15
749 0 3 0 0
749 1 0 0 0
749 1 1 -0.000180785 1.10884e-11
749 1 2 0 0
749 1 3 7.66921e-13 -1.95696e-15
749 2 0 7.73821e-13 1.86424e-15
749 2 1 0 0
749 2 2 -0.000180785 1.10966e-11
749 2 3 0 0
749 3 0 0 0
749 3 1 7.73821e-13 1.86424e-15
749 3 2 0 0
749 3 3 -0.000180785 1.10966e-11
750 0 0 -0.000183478 1.63516e-11
750 0 1 0 0
750 0 2 7.71462e-13 -2.8802e-15
750 0 3 0 0
750 1 0 0 0
750 1 1 -0.000183478 1.63516e-11
750 1 2 0 0
750 1 3 7.71462e-13 -2.8802e-15
750 2 0 7.8158e-13 2.73705e-15
750 2 1 0 0
750 2 2 -0.000183478 1.63639e-11
750 2 3 0 0
750 3 0 0 0
750 3 1 7.8158e-13 2.73705e-15
750 3 2 0 0
750 3 3 -0.000183478 1.63639e-11
751 0 0 -0.000186214 2.15777e-11
751 0 1 0 0
751 0 2 7.76024e-13 -3.79683e-15
751 0 3 0 0
751 1 0 0 0
751 1 1 -0.000186214 2.15777e-11
751 1 2 0 0
751 1 3 7.76024e-13 -3.79683e-15
751 2 0 7.89336e-13 3.60346e-15
751 2 1 0 0
751 2 2 -0.000186214 2.15941e-11
751 2 3 0 0
751 3 0 0 0
751 3 1 7.89336e-13 3.60346e-15
751 3 2 0 0
751 3 3 -0.000186214 2.15941e-11
752 0 0 -0.000188991 2.67075e-11
752 0 1 0 0
752 0 2 7.80622e-13 -4.69646e-15
752 0 3 0 0
752 1 0 0 0
752 1 1 -0.000188991 2.67075e-11
752 1 2 0 0
752 1 3 7.80622e-13 -4.69646e-15
752 2 0 7.97068e-13 4.45364e-15
752 2 1 0 0
752 2 2 -0.000188991 2.67278e-11
752 2 3 0 0
752 3 0 0 0
752 3 1 7.97068e-13 4.45364e-15
752 3 2 0 0
752 3 3 -0.000188991 2.67278e-11
753 0 0 -0.000191812 3.16808e-11
753 0 1 0 0
753 0 2 7.85267e-13 -5.56853e-15
753 0 3 0 0
753 1 0 0 0
753 1 1 -0.000191812 3.16808e-11
753 1 2 0 0
753 1 3 7.85267e-13 -5.56853e-15
753 2 0 8.0475e-13 5.27761e-15
753 2 1 0 0
753 2 2 -0.000191812 3.1705e-11
753 2 3 0 0
753 3 0 0 0
753 3 1 8.0475e-13 5.27761e-15
753 3 2 0 0
753 3 3 -0.000191812 3.1705e-11
754 0 0 -0.000194677 3.64369e-11
754 0 1 0 0
754 0 2 7.89974e-13 -6.4024e-15
754 0 3 0 0
754 1 0 0 0
754 1 1 -0.000194677 3.64369e-11
754 1 2 0 0
754 1 3 7.89974e-13 -6.4024e-15
754 2 0 8.12361e-13 6.06531e-15
754 2 1 0 0
754 2 2 -0.000194677 3.64648e-11
754 2 3 0 0
754 3 0 0 0
754 3 1 8.12361e-13 6.06531e-15
754 3 2 0 0
754 3 3 -0.000194677 3.64648e-11
755 0 0 -0.000197587 4.09154e-11
755 0 1 0 0
755 0 2 7.94757e-13 -7.18747e-15
755 0 3 0 0
755 1 0 0 0
755 1 1 -0.000197587 4.09154e-11
755 1 2 0 0
755 1 3 7.94757e-13 -7.18747e-15
755 2 0 8.19875e-13 6.80671e-15
755 2 1 0 0
755 2 2 -0.000197587 4.09468e-11
755 2 3 0 0
755 3 0 0 0
755 3 1 8.19875e-13 6.80671e-15
755 3 2 0 0
755 3 3 -0.000197587 4.09468e-11
756 0 0 -0.000200541 4.50568e-11
756 0 1 0 0
756 0 2 7.99628e-13 -7.91332e-15
756 0 3 0 0
756 1 0 0 0
756 1 1 -0.000200541 4.50568e-11
756 1 2 0 0
756 1 3 7.99628e-13 -7.91332e-15
756 2 0 8.2727e-13 7.49198e-15
756 2 1 0 0
756 2 2 -0.000200541 4.50914e-11
756 2 3 0 0
756 3 0 0 0
756 3 1 8.2727e-13 7.49198e-15
756 3 2 0 0
756 3 3 -0.000200541 4.50914e-11
757 0 0 -0.000203542 4.88033e-11
757 0 1 0 0
757 0 2 8.046e-13 -8.5698e-15
757 0 3 0 0
757 1 0 0 0
757 1 1 -0.000203542 4.88033e-11
757 1 2 0 0
757 1 3 8.046e-13 -8.5698e-15
757 2 0 8.34524e-13 8.11152e-15
757 2 1 0 0
757 2 2 -0.000203542 4.88409e-11
757 2 3 0 0
757 3 0 0 0
757 3 1 8.34524e-13 8.11152e-15
757 3 2 0 0
757 3 3 -0.000203542 4.88409e-11
758 0 0 -0.00020659 5.20996e-11
758 0 1 0 0
758 0 2 8.09686e-13 -9.14721e-15
758 0 3 0 0
758 1 0 0 0
758 1 1 -0.00020659 5.20996e-11
758 1 2 0 0
758 1 3 8.09686e-13 -9.14721e-15
758 2 0 8.41615e-13 8.65617e-15
758 2 1 0 0
758 2 2 -0.00020659 5.21397e-11
758 2 3 0 0
758 3 0 0 0
758 3 1 8.41615e-13 8.65617e-15
758 3 2 0 0
758 3 3 -0.00020659 5.21397e-11
759 0 0 -0.000209685 5.48934e-11
759 0 1 0 0
759 0 2 8.14896e-13 -9.63641e-15
759 0 3 0 0
759 1 0 0 0
759 1 1 -0.000209685 5.48934e-11
759 1 2 0 0
759 1 3 8.14896e-13 -9.63641e-15
759 2 0 8.48522e-13 9.1173e-15
759 2 1 0 0
759 2 2 -0.000209685 5.49357e-11
759 2 3 0 0
759 3 0 0 0
759 3 1 8.48522e-13 9.1173e-15
759 3 2 0 0
759 3 3 -0.000209685 5.49357e-11
760 0 0 -0.000212829 5.71366e-11
760 0 1 0 0
760 0 2 8.20243e-13 -1.00289e-14
760 0 3 0 0
760 1 0 0 0
760 1 1 -0.000212829 5.71366e-11
760 1 2 0 0
760 1 3 8.20243e-13 -1.00289e-14
760 2 0 8.55228e-13 9.48691e-15
760 2 1 0 0
760 2 2 -0.000212829 5.71806e-11
760 2 3 0 0
760 3 0 0 0
760 3 1 8.55228e-13 9.48691e-15
760 3 2 0 0
760 3 3 -0.000212829 5.71806e-11
761 0 0 -0.000216022 5.87854e-11
761 0 1 0 0
761 0 2 8.25735e-13 -1.03171e-14
761 0 3 0 0
761 1 0 0 0
761 1 1 -0.000216022 5.87854e-11
761 1 2 0 0
761 1 3 8.25735e-13 -1.03171e-14
761 2 0 8.61715e-13 9.75781e-15
761 2 1 0 0
761 2 2 -0.000216022 5.88308e-11
761 2 3 0 0
761 3 0 0 0
761 3 1 8.61715e-13 9.75781e-15
761 3 2 0 0
761 3 3 -0.000216022 5.88308e-11
762 0 0 -0.000219265 5.98018e-11
762 0 1 0 0
762 0 2 8.3138e-13 -1.04944e-14
762 0 3 0 0
762 1 0 0 0
762 1 1 -0.000219265 5.98018e-11
762 1 2 0 0
762 1 3 8.3138e-13 -1.04944e-14
762 2 0 8.67967e-13 9.92369e-15
762 2 1 0 0
762 2 2 -0.000219265 5.98481e-11
762 2 3 0 0
762 3 0 0 0
762 3 1 8.67967e-13 9.92369e-15
762 3 2 0 0
762 3 3 -0.000219265 5.98481e-11
763 0 0 -0.000222559 6.01537e-11
763 0 1 0 0
763 0 2 8.37186e-13 -1.0555e-14
763 0 3 0 0
763 1 0 0 0
763 1 1 -0.000222559 6.01537e-11
763 1 2 0 0
763 1 3 8.37186e-13 -1.0555e-14
763 2 0 8.73974e-13 9.97925e-15
763 2 1 0 0
763 2 2 -0.000222559 6.02002e-11
763 2 3 0 0
763 3 0 0 0
763 3 1 8.73974e-13 9.97925e-15
763 3 2 0 0
763 3 3 -0.000222559 6.02002e-11
764 0 0 -0.000225904 5.98157e-11
764 0 1 0 0
764 0 2 8.43158e-13 -1.04945e-14
764 0 3 0 0
764 1 0 0 0
764 1 1 -0.000225904 5.98157e-11
764 1 2 0 0
764 1 3 8.43158e-13 -1.04945e-14
764 2 0 8.79724e-13 9.92032e-15
764 2 1 0 0
764 2 2 -0.000225904 5.9862e-11
764 2 3 0 0
764 3 0 0 0
764 3 1 8.79724e-13 9.92032e-15
764 3 2 0 0
764 3 3 -0.000225904 5.9862e-11
765 0 0 -0.000229302 5.87697e-11
765 0 1 0 0
765 0 2 8.49299e-13 -1.03099e-14
765 0 3 0 0
765 1 0 0 0
765 1 1 -0.000229302 5.87697e-11
765 1 2 0 0
765 1 3 8.49299e-13 -1.03099e-14
765 2 0 8.8521e-13 9.74395e-15
765 2 1 0 0
765 2 2 -0.000229302 5.88153e-11
765 2 3 0 0
765 3 0 0 0
765 3 1 8.8521e-13 9.74395e-15
765 3 2 0 0
765 3 3 -0.000229302 5.88153e-11
766 0 0 -0.000232753 5.70058e-11
766 0 1 0 0
766 0 2 8.55611e-13 -9.99931e-15
766 0 3 0 0
766 1 0 0 0
766 1 1 -0.000232753 5.70058e-11
766 1 2 0 0
766 1 3 8.55611e-13 -9.99931e-15
766 2 0 8.90428e-13 9.44848e-15
766 2 1 0 0
766 2 2 -0.000232753 5.705e-11
766 2 3 0 0
766 3 0 0 0
766 3 1 8.90428e-13 9.44848e-15
766 3 2 0 0
766 3 3 -0.000232753 5.705e-11
767 0 0 -0.000236259 5.4522e-11
767 0 1 0 0
767 0 2 8.62095e-13 -9.56246e-15
767 0 3 0 0
767 1 0 0 0
767 1 1 -0.000236259 5.4522e-11
767 1 2 0 0
767 1 3 8.62095e-13 -9.56246e-15
767 2 0 8.95377e-13 9.03367e-15
767 2 1 0 0
767 2 2 -0.000236259 5.45644e-11
767 2 3 0 0
767 3 0 0 0
767 3 1 8.95377e-13 9.03367e-15
767 3 2 0 0
767 3 3 -0.000236259 5.45644e-11
768 0 0 -0.00023982 5.13255e-11
768 0 1 0 0
768 0 2 8.68747e-13 -9.0006e-15
768 0 3 0 0
768 1 0 0 0
768 1 1 -0.00023982 5.13255e-11
768 1 2 0 0
768 1 3 8.68747e-13 -9.0006e-15
768 2 0 9.00059e-13 8.5007e-15
768 2 1 0 0
768 2 2 -0.00023982 5.13654e-11
768 2 3 0 0
768 3 0 0 0
768 3 1 9.00059e-13 8.5007e-15
768 3 2 0 0
768 3 3 -0.00023982 5.13654e-11
769 0 0 -0.000243437 4.7432e-11
769 0 1 0 0
769 0 2 8.75563e-13 -8.31655e-15
769 0 3 0 0
769 1 0 0 0
769 1 1 -0.000243437 4.7432e-11
769 1 2 0 0
769 1 3 8.75563e-13 -8.31655e-15
769 2 0 9.0448e-13 7.85226e-15
769 2 1 0 0
769 2 2 -0.000243437 4.7469e-11
769 2 3 0 0
769 3 0 0 0
769 3 1 9.0448e-13 7.85226e-15
769 3 2 0 0
769 3 3 -0.000243437 4.7469e-11
770 0 0 -0.000247111 4.28671e-11
770 0 1 0 0
770 0 2 8.82538e-13 -7.51475e-15
770 0 3 0 0
770 1 0 0 0
770 1 1 -0.000247111 4.28671e-11
770 1 2 0 0
770 1 3 8.82538e-13 -7.51475e-15
770 2 0 9.08649e-13 7.09258e-15
770 2 1 0 0
770 2 2 -0.000247111 4.29005e-11
770 2 3 0 0
770 3 0 0 0
770 3 1 9.08649e-13 7.09258e-15
770 3 2 0 0
770 3 3 -0.000247111 4.29005e-11
771 0 0 -0.000250843 3.76651e-11
771 0 1 0 0
771 0 2 8.89661e-13 -6.60127e-15
771 0 3 0 0
771 1 0 0 0
771 1 1 -0.000250843 3.76651e-11
771 1 2 0 0
771 1 3 8.89661e-13 -6.60127e-15
771 2 0 9.12578e-13 6.22743e-15
771 2 1 0 0
771 2 2 -0.000250843 3.76946e-11
771 2 3 0 0
771 3 0 0 0
771 3 1 9.12578e-13 6.22743e-15
771 3 2 0 0
771 3 3 -0.000250843 3.76946e-11
772 0 0 -0.000254635 3.18699e-11
772 0 1 0 0
772 0 2 8.96923e-13 -5.58384e-15
772 0 3 0 0
772 1 0 0 0
772 1 1 -0.000254635 3.18699e-11
772 1 2 0 0
772 1 3 8.96923e-13 -5.58384e-15
772 2 0 9.16284e-13 5.26412e-15
772 2 1 0 0
772 2 2 -0.000254635 3.1895e-11
772 2 3 0 0
772 3 0 0 0
772 3 1 9.16284e-13 5.26412e-15
772 3 2 0 0
772 3 3 -0.000254635 3.1895e-11
773 0 0 -0.000258486 2.55347e-11
773 0 1 0 0
773 0 2 9.0431e-13 -4.47176e-15
773 0 3 0 0
773 1 0 0 0
773 1 1 -0.000258486 2.55347e-11
773 1 2 0 0
773 1 3 9.0431e-13 -4.47176e-15
773 2 0 9.19787e-13 4.21148e-15
773 2 1 0 0
773 2 2 -0.000258486 2.55549e-11
773 2 3 0 0
773 3 0 0 0
773 3 1 9.19787e-13 4.21148e-15
773 3 2 0 0
773 3 3 -0.000258486 2.55549e-11
774 0 0 -0.000262398 1.87213e-11
774 0 1 0 0
774 0 2 9.11808e-13 -3.27592e-15
774 0 3 0 0
774 1 0 0 0
774 1 1 -0.000262398 1.87213e-11
774 1 2 0 0
774 1 3 9.11808e-13 -3.27592e-15
774 2 0 9.23108e-13 3.07981e-15
774 2 1 0 0
774 2 2 -0.000262398 1.87363e-11
774 2 3 0 0
774 3 0 0 0
774 3 1 9.23108e-13 3.07981e-15
774 3 2 0 0
774 3 3 -0.000262398 1.87363e-11
775 0 0 -0.000266372 1.15001e-11
775 0 1 0 0
775 0 2 9.19398e-13 -2.00867e-15
775 0 3 0 0
775 1 0 0 0
775 1 1 -0.000266372 1.15001e-11
775 1 2 0 0
775 1 3 9.19398e-13 -2.00867e-15
775 2 0 9.26275e-13 1.88083e-15
775 2 1 0 0
775 2 2 -0.000266372 1.15095e-11
775 2 3 0 0
775 3 0 0 0
775 3 1 9.26275e-13 1.88083e-15
775 3 2 0 0
775 3 3 -0.000266372 1.15095e-11
776 0 0 -0.000270409 3.94954e-12
776 0 1 0 0
776 0 2 9.27062e-13 -6.83772e-16
776 0 3 0 0
776 1 0 0 0
776 1 1 -0.000270409 3.94954e-12
776 1 2 0 0
776 1 3 9.27062e-13 -6.83772e-16
776 2 0 9.29315e-13 6.27543e-16
776 2 1 0 0
776 2 2 -0.000270409 3.95309e-12
776 2 3 0 0
776 3 0 0 0
776 3 1 9.29315e-13 6.27543e-16
776 3 2 0 0
776 3 3 -0.000270409 3.95309e-12
777 0 0 -0.00027451 -3.84489e-12
777 0 1 0 0
777 0 2 9.34779e-13 6.83752e-16
777 0 3 0 0
777 1 0 0 0
777 1 1 -0.00027451 -3.84489e-12
777 1 2 0 0
777 1 3 9.34779e-13 6.83752e-16
777 2 0 9.32262e-13 -6.65818e-16
777 2 1 0 0
777 2 2 -0.00027451 -3.84736e-12
777 2 3 0 0
777 3 0 0 0
777 3 1 9.32262e-13 -6.65818e-16
777 3 2 0 0
777 3 3 -0.00027451 -3.84736e-12
778 0 0 -0.000278677 -1.17911e-11
778 0 1 0 0
778 0 2 9.42527e-13 2.07774e-15
778 0 3 0 0
778 1 0 0 0
778 1 1 -0.000278677 -1.17911e-11
778 1 2 0 0
778 1 3 9.42527e-13 2.07774e-15
778 2 0 9.35149e-13 -1.98396e-15
778 2 1 0 0
778 2 2 -0.000278677 -1.17997e-11
778 2 3 0 0
778 3 0 0 0
778 3 1 9.35149e-13 -1.98396e-15
778 3 2 0 0
778 3 3 -0.000278677 -1.17997e-11
779 0 0 -0.000282909 -1.97913e-11
779 0 1 0 0
779 0 2 9.50282e-13 3.48105e-15
779 0 3 0 0
779 1 0 0 0
779 1 1 -0.000282909 -1.97913e-11
779 1 2 0 0
779 1 3 9.50282e-13 3.48105e-15
779 2 0 9.38011e-13 -3.31068e-15
779 2 1 0 0
779 2 2 -0.000282909 -1.98061e-11
779 2 3 0 0
779 3 0 0 0
779 3 1 9.38011e-13 -3.31068e-15
779 3 2 0 0
779 3 3 -0.000282909 -1.98061e-11
780 0 0 -0.000287209 -2.77436e-11
780 0 1 0 0
780 0 2 9.58019e-13 4.87577e-15
780 0 3 0 0
780 1 0 0 0
780 1 1 -0.000287209 -2.77436e-11
780 1 2 0 0
780 1 3 9.58019e-13 4.87577e-15
780 2 0 9.40888e-13 -4.62902e-15
780 2 1 0 0
780 2 2 -0.000287209 -2.77645e-11
780 2 3 0 0
780 3 0 0 0
780 3 1 9.40888e-13 -4.62902e-15
780 3 2 0 0
780 3 3 -0.000287209 -2.77645e-11
781 0 0 -0.000291578 -3.55423e-11
781 0 1 0 0
781 0 2 9.65713e-13 6.2434e-15
781 0 3 0 0
781 1 0 0 0
781 1 1 -0.000291578 -3.55423e-11
781 1 2 0 0
781 1 3 9.65713e-13 6.2434e-15
781 2 0 9.43817e-13 -5.92149e-15
781 2 1 0 0
781 2 2 -0.000291578 -3.55694e-11
781 2 3 0 0
781 3 0 0 0
781 3 1 9.43817e-13 -5.92149e-15
781 3 2 0 0
781 3 3 -0.000291578 -3.55694e-11
782 0 0 -0.000296016 -4.30802e-11
782 0 1 0 0
782 0 2 9.73337e-13 7.5651e-15
782 0 3 0 0
782 1 0 0 0
782 1 1 -0.000296016 -4.30802e-11
782 1 2 0 0
782 1 3 9.73337e-13 7.5651e-15
782 2 0 9.46838e-13 -7.17027e-15
782 2 1 0 0
782 2 2 -0.000296016 -4.31131e-11
782 2 3 0 0
782 3 0 0 0
782 3 1 9.46838e-13 -7.17027e-15
782 3 2 0 0
782 3 3 -0.000296016 -4.31131e-11
783 0 0 -0.000300526 -5.02491e-11
783 0 1 0 0
783 0 2 9.80866e-13 8.82189e-15
783 0 3 0 0
783 1 0 0 0
783 1 1 -0.000300526 -5.02491e-11
783 1 2 0 0
783 1 3 9.80866e-13 8.82189e-15
783 2 0 9.49992e-13 -8.35744e-15
783 2 1 0 0
783 2 2 -0.000300526 -5.02875e-11
783 2 3 0 0
783 3 0 0 0
783 3 1 9.49992e-13 -8.35744e-15
783 3 2 0 0
783 3 3 -0.000300526 -5.02875e-11
784 0 0 -0.000305107 -5.69416e-11
784 0 1 0 0
784 0 2 9.88273e-13 9.99496e-15
784 0 3 0 0
784 1 0 0 0
784 1 1 -0.000305107 -5.69416e-11
784 1 2 0 0
784 1 3 9.88273e-13 9.99496e-15
784 2 0 9.53317e-13 -9.46519e-15
784 2 1 0 0
784 2 2 -0.000305107 -5.69852e-11
784 2 3 0 0
784 3 0 0 0
784 3 1 9.53317e-13 -9.46519e-15
784 3 2 0 0
784 3 3 -0.000305107 -5.69852e-11
785 0 0 -0.000309762 -6.30528e-11
785 0 1 0 0
785 0 2 9.95531e-13 1.10659e-14
785 0 3 0 0
785 1 0 0 0
785 1 1 -0.000309762 -6.30528e-11
785 1 2 0 0
785 1 3 9.95531e-13 1.10659e-14
785 2 0 9.56851e-13 -1.04761e-14
785 2 1 0 0
785 2 2 -0.000309762 -6.31012e-11
785 2 3 0 0
785 3 0 0 0
785 3 1 9.56851e-13 -1.04761e-14
785 3 2 0 0
785 3 3 -0.000309762 -6.31012e-11
786 0 0 -0.000314491 -6.84815e-11
786 0 1 0 0
786 0 2 1.00262e-12 1.2017e-14
786 0 3 0 0
786 1 0 0 0
786 1 1 -0.000314491 -6.84815e-11
786 1 2 0 0
786 1 3 1.00262e-12 1.2017e-14
786 2 0 9.60633e-13 -1.13736e-14
786 2 1 0 0
786 2 2 -0.000314491 -6.85342e-11
786 2 3 0 0
786 3 0 0 0
786 3 1 9.60633e-13 -1.13736e-14
786 3 2 0 0
786 3 3 -0.000314491 -6.85342e-11
787 0 0 -0.000319296 -7.31323e-11
787 0 1 0 0
787 0 2 1.00951e-12 1.28314e-14
787 0 3 0 0
787 1 0 0 0
787 1 1 -0.000319296 -7.31323e-11
787 1 2 0 0
787 1 3 1.00951e-12 1.28314e-14
787 2 0 9.64695e-13 -1.21416e-14
787 2 1 0 0
787 2 2 -0.000319296 -7.31886e-11
787 2 3 0 0
787 3 0 0 0
787 3 1 9.64695e-13 -1.21416e-14
787 3 2 0 0
787 3 3 -0.000319296 -7.31886e-11
788 0 0 -0.000324178 -7.69167e-11
788 0 1 0 0
788 0 2 1.01618e-12 1.34938e-14
788 0 3 0 0
788 1 0 0 0
788 1 1 -0.000324178 -7.69167e-11
788 1 2 0 0
788 1 3 1.01618e-12 1.34938e-14
788 2 0 9.69071e-13 -1.27656e-14
788 2 1 0 0
788 2 2 -0.000324178 -7.6976e-11
788 2 3 0 0
788 3 0 0 0
788 3 1 9.69071e-13 -1.27656e-14
788 3 2 0 0
788 3 3 -0.000324178 -7.6976e-11
789 0 0 -0.000329139 -7.97549e-11
789 0 1 0 0
789 0 2 1.02261e-12 1.39901e-14
789 0 3 0 0
789 1 0 0 0
789 1 1 -0.000329139 -7.97549e-11
789 1 2 0 0
789 1 3 1.02261e-12 1.39901e-14
789 2 0 9.73788e-13 -1.32325e-14
789 2 1 0 0
789 2 2 -0.000329139 -7.98165e-11
789 2 3 0 0
789 3 0 0 0
789 3 1 9.73788e-13 -1.32325e-14
789 3 2 0 0
789 3 3 -0.000329139 -7.98165e-11
790 0 0 -0.000334179 -8.15776e-11
790 0 1 0 0
790 0 2 1.02879e-12 1.43081e-14
790 0 3 0 0
790 1 0 0 0
790 1 1 -0.000334179 -8.15776e-11
790 1 2 0 0
790 1 3 1.02879e-12 1.43081e-14
790 2 0 9.78871e-13 -1.35307e-14
790 2 1 0 0
790 2 2 -0.000334179 -8.16406e-11
790 2 3 0 0
790 3 0 0 0
790 3 1 9.78871e-13 -1.35307e-14
790 3 2 0 0
790 3 3 -0.000334179 -8.16406e-11
791 0 0 -0.000339301 -8.2327e-11
791 0 1 0 0
791 0 2 1.03469e-12 1.44378e-14
791 0 3 0 0
791 1 0 0 0
791 1 1 -0.000339301 -8.2327e-11
791 1 2 0 0
791 1 3 1.03469e-12 1.44378e-14
791 2 0 9.84339e-13 -1.36507e-14
791 2 1 0 0
791 2 2 -0.000339301 -8.23906e-11
791 2 3 0 0
791 3 0 0 0
791 3 1 9.84339e-13 -1.36507e-14
791 3 2 0 0
791 3 3 -0.000339301 -8.23906e-11
792 0 0 -0.000344505 -8.19586e-11
792 0 1 0 0
792 0 2 1.04032e-12 1.43714e-14
792 0 3 0 0
792 1 0 0 0
792 1 1 -0.000344505 -8.19586e-11
792 1 2 0 0
792 1 3 1.04032e-12 1.43714e-14
792 2 0 9.90209e-13 -1.35853e-14
792 2 1 0 0
792 2 2 -0.000344505 -8.20221e-11
792 2 3 0 0
792 3 0 0 0
792 3 1 9.90209e-13 -1.35853e-14
792 3 2 0 0
792 3 3 -0.000344505 -8.20221e-11
793 0 0 -0.000349793 -8.04425e-11
793 0 1 0 0
793 0 2 1.04564e-12 1.41036e-14
793 0 3 0 0
793 1 0 0 0
793 1 1 -0.000349793 -8.04425e-11
793 1 2 0 0
793 1 3 1.04564e-12 1.41036e-14
793 2 0 9.96488e-13 -1.33294e-14
793 2 1 0 0
793 2 2 -0.000349793 -8.05049e-11
793 2 3 0 0
793 3 0 0 0
793 3 1 9.96488e-13 -1.33294e-14
793 3 2 0 0
793 3 3 -0.000349793 -8.05049e-11
794 0 0 -0.000355166 -7.77642e-11
794 0 1 0 0
794 0 2 1.05068e-12 1.36319e-14
794 0 3 0 0
794 1 0 0 0
794 1 1 -0.000355166 -7.77642e-11
794 1 2 0 0
794 1 3 1.05068e-12 1.36319e-14
794 2 0 1.00318e-12 -1.28807e-14
794 2 1 0 0
794 2 2 -0.000355166 -7.78245e-11
794 2 3 0 0
794 3 0 0 0
794 3 1 1.00318e-12 -1.28807e-14
794 3 2 0 0
794 3 3 -0.000355166 -7.78245e-11
795 0 0 -0.000360626 -7.39257e-11
795 0 1 0 0
795 0 2 1.05541e-12 1.29568e-14
795 0 3 0 0
795 1 0 0 0
795 1 1 -0.000360626 -7.39257e-11
795 1 2 0 0
795 1 3 1.05541e-12 1.29568e-14
795 2 0 1.01028e-12 -1.22397e-14
795 2 1 0 0
795 2 2 -0.000360626 -7.39832e-11
795 2 3 0 0
795 3 0 0 0
795 3 1 1.01028e-12 -1.22397e-14
795 3 2 0 0
795 3 3 -0.000360626 -7.39832e-11
796 0 0 -0.000366175 -6.89465e-11
796 0 1 0 0
796 0 2 1.05984e-12 1.20816e-14
796 0 3 0 0
796 1 0 0 0
796 1 1 -0.000366175 -6.89465e-11
796 1 2 0 0
796 1 3 1.05984e-12 1.20816e-14
796 2 0 1.01779e-12 -1.14097e-14
796 2 1 0 0
796 2 2 -0.000366175 -6.90002e-11
796 2 3 0 0
796 3 0 0 0
796 3 1 1.01779e-12 -1.14097e-14
796 3 2 0 0
796 3 3 -0.000366175 -6.90002e-11
797 0 0 -0.000371813 -6.28638e-11
797 0 1 0 0
797 0 2 1.06399e-12 1.10129e-14
797 0 3 0 0
797 1 0 0 0
797 1 1 -0.000371813 -6.28638e-11
797 1 2 0 0
797 1 3 1.06399e-12 1.10129e-14
797 2 0 1.02567e-12 -1.03968e-14
797 2 1 0 0
797 2 2 -0.000371813 -6.29128e-11
797 2 3 0 0
797 3 0 0 0
797 3 1 1.02567e-12 -1.03968e-14
797 3 2 0 0
797 3 3 -0.000371813 -6.29128e-11
798 0 0 -0.000377543 -5.5733e-11
798 0 1 0 0
798 0 2 1.06786e-12 9.7604e-15
798 0 3 0 0
798 1 0 0 0
798 1 1 -0.000377543 -5.5733e-11
798 1 2 0 0
798 1 3 1.06786e-12 9.7604e-15
798 2 0 1.03392e-12 -9.21039e-15
798 2 1 0 0
798 2 2 -0.000377543 -5.57766e-11
798 2 3 0 0
798 3 0 0 0
798 3 1 1.03392e-12 -9.21039e-15
798 3 2 0 0
798 3 3 -0.000377543 -5.57766e-11
799 0 0 -0.000383366 -4.76276e-11
799 0 1 0 0
799 0 2 1.07146e-12 8.33712e-15
799 0 3 0 0
799 1 0 0 0
799 1 1 -0.000383366 -4.76276e-11
799 1 2 0 0
799 1 3 1.07146e-12 8.33712e-15
799 2 0 1.0425e-12 -7.86264e-15
799 2 1 0 0
799 2 2 -0.000383366 -4.7665e-11
799 2 3 0 0
799 3 0 0 0
799 3 1 1.0425e-12 -7.86264e-15
799 3 2 0 0
799 3 3 -0.000383366 -4.7665e-11
800 0 0 -0.000389284 -3.86391e-11
800 0 1 0 0
800 0 2 1.07482e-12 6.75906e-15
800 0 3 0 0
800 1 0 0 0
800 1 1 -0.000389284 -3.86391e-11
800 1 2 0 0
800 1 3 1.07482e-12 6.75906e-15
800 2 0 1.05137e-12 -6.36881e-15
800 2 1 0 0
800 2 2 -0.000389284 -3.86695e-11
800 2 3 0 0
800 3 0 0 0
800 3 1 1.05137e-12 -6.36881e-15
800 3 2 0 0
800 3 3 -0.000389284 -3.86695e-11
801 0 0 -0.000395298 -2.88761e-11
801 0 1 0 0
801 0 2 1.07796e-12 5.04534e-15
801 0 3 0 0
801 1 0 0 0
801 1 1 -0.000395298 -2.88761e-11
801 1 2 0 0
801 1 3 1.07796e-12 5.04534e-15
801 2 0 1.06049e-12 -4.74699e-15
801 2 1 0 0
801 2 2 -0.000395298 -2.88991e-11
801 2 3 0 0
801 3 0 0 0
801 3 1 1.06049e-12 -4.74699e-15
801 3 2 0 0
801 3 3 -0.000395298 -2.88991e-11
802 0 0 -0.00040141 -1.8464e-11
802 0 1 0 0
802 0 2 1.0809e-12 3.21793e-15
802 0 3 0 0
802 1 0 0 0
802 1 1 -0.00040141 -1.8464e-11
802 1 2 0 0
802 1 3 1.0809e-12 3.21793e-15
802 2 0 1.06981e-12 -3.01799e-15
802 2 1 0 0
802 2 2 -0.00040141 -1.84789e-11
802 2 3 0 0
802 3 0 0 0
802 3 1 1.06981e-12 -3.01799e-15
802 3 2 0 0
802 3 3 -0.00040141 -1.84789e-11
803 0 0 -0.000407622 -7.54293e-12
803 0 1 0 0
803 0 2 1.08368e-12 1.30148e-15
803 0 3 0 0
803 1 0 0 0
803 1 1 -0.000407622 -7.54293e-12
803 1 2 0 0
803 1 3 1.08368e-12 1.30148e-15
803 2 0 1.07928e-12 -1.20515e-15
803 2 1 0 0
803 2 2 -0.000407622 -7.54942e-12
803 2 3 0 0
803 3 0 0 0
803 3 1 1.07928e-12 -1.20515e-15
803 3 2 0 0
803 3 3 -0.000407622 -7.54942e-12
804 0 0 -0.000413934 3.73277e-12
804 0 1 0 0
804 0 2 1.08633e-12 -6.7695e-16
804 0 3 0 0
804 1 0 0 0
804 1 1 -0.000413934 3.73277e-12
804 1 2 0 0
804 1 3 1.08633e-12 -6.7695e-16
804 2 0 1.08883e-12 6.65932e-16
804 2 1 0 0
804 2 2 -0.000413934 3.73499e-12
804 2 3 0 0
804 3 0 0 0
804 3 1 1.08883e-12 6.65932e-16
804 3 2 0 0
804 3 3 -0.000413934 3.73499e-12
805 0 0 -0.000420351 1.51971e-11
805 0 1 0 0
805 0 2 1.08889e-12 -2.68822e-15
805 0 3 0 0
805 1 0 0 0
805 1 1 -0.000420351 1.51971e-11
805 1 2 0 0
805 1 3 1.08889e-12 -2.68822e-15
805 2 0 1.0984e-12 2.56768e-15
805 2 1 0 0
805 2 2 -0.000420351 1.52082e-11
805 2 3 0 0
805 3 0 0 0
805 3 1 1.0984e-12 2.56768e-15
805 3 2 0 0
805 3 3 -0.000420351 1.52082e-11
806 0 0 -0.000426872 2.66744e-11
806 0 1 0 0
806 0 2 1.09139e-12 -4.7015e-15
806 0 3 0 0
806 1 0 0 0
806 1 1 -0.000426872 2.66744e-11
806 1 2 0 0
806 1 3 1.09139e-12 -4.7015e-15
806 2 0 1.10792e-12 4.47092e-15
806 2 1 0 0
806 2 2 -0.000426872 2.66944e-11
806 2 3 0 0
806 3 0 0 0
806 3 1 1.10792e-12 4.47092e-15
806 3 2 0 0
806 3 3 -0.000426872 2.66944e-11
807 0 0 -0.0004335 3.79814e-11
807 0 1 0 0
807 0 2 1.09388e-12 -6.68464e-15
807 0 3 0 0
807 1 0 0 0
807 1 1 -0.0004335 3.79814e-11
807 1 2 0 0
807 1 3 1.09388e-12 -6.68464e-15
807 2 0 1.11732e-12 6.34526e-15
807 2 1 0 0
807 2 2 -0.0004335 3.80101e-11
807 2 3 0 0
807 3 0 0 0
807 3 1 1.11732e-12 6.34526e-15
807 3 2 0 0
807 3 3 -0.0004335 3.80101e-11
808 0 0 -0.000440236 4.89305e-11
808 0 1 0 0
808 0 2 1.0964e-12 -8.60472e-15
808 0 3 0 0
808 1 0 0 0
808 1 1 -0.000440236 4.89305e-11
808 1 2 0 0
808 1 3 1.0964e-12 -8.60472e-15
808 2 0 1.12653e-12 8.15957e-15
808 2 1 0 0
808 2 2 -0.000440236 4.89677e-11
808 2 3 0 0
808 3 0 0 0
808 3 1 1.12653e-12 8.15957e-15
808 3 2 0 0
808 3 3 -0.000440236 4.89677e-11
809 0 0 -0.000447083 5.93322e-11
809 0 1 0 0
809 0 2 1.09899e-12 -1.04285e-14
809 0 3 0 0
809 1 0 0 0
809 1 1 -0.000447083 5.93322e-11
809 1 2 0 0
809 1 3 1.09899e-12 -1.04285e-14
809 2 0 1.13547e-12 9.88244e-15
809 2 1 0 0
809 2 2 -0.000447083 5.93775e-11
809 2 3 0 0
809 3 0 0 0
809 3 1 1.13547e-12 9.88244e-15
809 3 2 0 0
809 3 3 -0.000447083 5.93775e-11
810 0 0 -0.000454043 6.89985e-11
810 0 1 0 0
810 0 2 1.1017e-12 -1.21231e-14
810 0 3 0 0
810 1 0 0 0
810 1 1 -0.000454043 6.89985e-11
810 1 2 0 0
810 1 3 1.1017e-12 -1.21231e-14
810 2 0 1.14407e-12 1.14827e-14
810 2 1 0 0
810 2 2 -0.000454043 6.90514e-11
810 2 3 0 0
810 3 0 0 0
810 3 1 1.14407e-12 1.14827e-14
810 3 2 0 0
810 3 3 -0.000454043 6.90514e-11
811 0 0 -0.000461117 7.77464e-11
811 0 1 0 0
811 0 2 1.10455e-12 -1.36562e-14
811 0 3 0 0
811 1 0 0 0
811 1 1 -0.000461117 7.77464e-11
811 1 2 0 0
811 1 3 1.10455e-12 -1.36562e-14
811 2 0 1.15225e-12 1.293e-14
811 2 1 0 0
811 2 2 -0.000461117 7.78061e-11
811 2 3 0 0
811 3 0 0 0
811 3 1 1.15225e-12 1.293e-14
811 3 2 0 0
811 3 3 -0.000461117 7.78061e-11
812 0 0 -0.000468308 8.54008e-11
812 0 1 0 0
812 0 2 1.1076e-12 -1.49974e-14
812 0 3 0 0
812 1 0 0 0
812 1 1 -0.000468308 8.54008e-11
812 1 2 0 0
812 1 3 1.1076e-12 -1.49974e-14
812 2 0 1.15996e-12 1.41954e-14
812 2 1 0 0
812 2 2 -0.000468308 8.54665e-11
812 2 3 0 0
812 3 0 0 0
812 3 1 1.15996e-12 1.41954e-14
812 3 2 0 0
812 3 3 -0.000468308 8.54665e-11
813 0 0 -0.000475617 9.17984e-11
813 0 1 0 0
813 0 2 1.11088e-12 -1.61178e-14
813 0 3 0 0
813 1 0 0 0
813 1 1 -0.000475617 9.17984e-11
813 1 2 0 0
813 1 3 1.11088e-12 -1.61178e-14
813 2 0 1.16713e-12 1.52519e-14
813 2 1 0 0
813 2 2 -0.000475617 9.18691e-11
813 2 3 0 0
813 3 0 0 0
813 3 1 1.16713e-12 1.52519e-14
813 3 2 0 0
813 3 3 -0.000475617 9.18691e-11
814 0 0 -0.000483047 9.6791e-11
814 0 1 0 0
814 0 2 1.11442e-12 -1.69916e-14
814 0 3 0 0
814 1 0 0 0
814 1 1 -0.000483047 9.6791e-11
814 1 2 0 0
814 1 3 1.11442e-12 -1.69916e-14
814 2 0 1.1737e-12 1.60748e-14
814 2 1 0 0
814 2 2 -0.000483047 9.68656e-11
814 2 3 0 0
814 3 0 0 0
814 3 1 1.1737e-12 1.60748e-14
814 3 2 0 0
814 3 3 -0.000483047 9.68656e-11
815 0 0 -0.0004906 1.00249e-10
815 0 1 0 0
815 0 2 1.11825e-12 -1.7596e-14
815 0 3 0 0
815 1 0 0 0
815 1 1 -0.0004906 1.00249e-10
815 1 2 0 0
815 1 3 1.11825e-12 -1.7596e-14
815 2 0 1.17962e-12 1.66429e-14
815 2 1 0 0
815 2 2 -0.0004906 1.00326e-10
815 2 3 0 0
815 3 0 0 0
815 3 1 1.17962e-12 1.66429e-14
815 3 2 0 0
815 3 3 -0.0004906 1.00326e-10
816 0 0 -0.000498278 1.02065e-10
816 0 1 0 0
816 0 2 1.1224e-12 -1.79123e-14
816 0 3 0 0
816 1 0 0 0
816 1 1 -0.000498278 1.02065e-10
816 1 2 0 0
816 1 3 1.1224e-12 -1.79123e-14
816 2 0 1.18484e-12 1.69383e-14
816 2 1 0 0
816 2 2 -0.000498278 1.02144e-10
816 2 3 0 0
816 3 0 0 0
816 3 1 1.18484e-12 1.69383e-14
816 3 2 0 0
816 3 3 -0.000498278 1.02144e-10
817 0 0 -0.000506083 1.02156e-10
817 0 1 0 0
817 0 2 1.12688e-12 -1.79258e-14
817 0 3 0 0
817 1 0 0 0
817 1 1 -0.000506083 1.02156e-10
817 1 2 0 0
817 1 3 1.12688e-12 -1.79258e-14
817 2 0 1.18935e-12 1.69474e-14
817 2 1 0 0
817 2 2 -0.000506083 1.02235e-10
817 2 3 0 0
817 3 0 0 0
817 3 1 1.18935e-12 1.69474e-14
817 3 2 0 0
817 3 3 -0.000506083 1.02235e-10
818 0 0 -0.000514018 1.00467e-10
818 0 1 0 0
818 0 2 1.1317e-12 -1.76271e-14
818 0 3 0 0
818 1 0 0 0
818 1 1 -0.000514018 1.00467e-10
818 1 2 0 0
818 1 3 1.1317e-12 -1.76271e-14
818 2 0 1.1931e-12 1.66612e-14
818 2 1 0 0
818 2 2 -0.000514018 1.00545e-10
818 2 3 0 0
818 3 0 0 0
818 3 1 1.1931e-12 1.66612e-14
818 3 2 0 0
818 3 3 -0.000514018 1.00545e-10
819 0 0 -0.000522084 9.69734e-11
819 0 1 0 0
819 0 2 1.13687e-12 -1.70119e-14
819 0 3 0 0
819 1 0 0 0
819 1 1 -0.000522084 9.69734e-11
819 1 2 0 0
819 1 3 1.13687e-12 -1.70119e-14
819 2 0 1.19611e-12 1.60758e-14
819 2 1 0 0
819 2 2 -0.000522084 9.70486e-11
819 2 3 0 0
819 3 0 0 0
819 3 1 1.19611e-12 1.60758e-14
819 3 2 0 0
819 3 3 -0.000522084 9.70486e-11
820 0 0 -0.000530285 9.16834e-11
820 0 1 0 0
820 0 2 1.14239e-12 -1.60815e-14
820 0 3 0 0
820 1 0 0 0
820 1 1 -0.000530285 9.16834e-11
820 1 2 0 0
820 1 3 1.14239e-12 -1.60815e-14
820 2 0 1.19836e-12 1.51925e-14
820 2 1 0 0
820 2 2 -0.000530285 9.17547e-11
820 2 3 0 0
820 3 0 0 0
820 3 1 1.19836e-12 1.51925e-14
820 3 2 0 0
820 3 3 -0.000530285 9.17547e-11
821 0 0 -0.000538622 8.46385e-11
821 0 1 0 0
821 0 2 1.14824e-12 -1.48434e-14
821 0 3 0 0
821 1 0 0 0
821 1 1 -0.000538622 8.46385e-11
821 1 2 0 0
821 1 3 1.14824e-12 -1.48434e-14
821 2 0 1.19987e-12 1.40184e-14
821 2 1 0 0
821 2 2 -0.000538622 8.47044e-11
821 2 3 0 0
821 3 0 0 0
821 3 1 1.19987e-12 1.40184e-14
821 3 2 0 0
821 3 3 -0.000538622 8.47044e-11
822 0 0 -0.000547098 7.59153e-11
822 0 1 0 0
822 0 2 1.15441e-12 -1.3311e-14
822 0 3 0 0
822 1 0 0 0
822 1 1 -0.000547098 7.59153e-11
822 1 2 0 0
822 1 3 1.15441e-12 -1.3311e-14
822 2 0 1.20068e-12 1.25663e-14
822 2 1 0 0
822 2 2 -0.000547098 7.59745e-11
822 2 3 0 0
822 3 0 0 0
822 3 1 1.20068e-12 1.25663e-14
822 3 2 0 0
822 3 3 -0.000547098 7.59745e-11
823 0 0 -0.000555715 6.56255e-11
823 0 1 0 0
823 0 2 1.16086e-12 -1.1504e-14
823 0 3 0 0
823 1 0 0 0
823 1 1 -0.000555715 6.56255e-11
823 1 2 0 0
823 1 3 1.16086e-12 -1.1504e-14
823 2 0 1.20081e-12 1.08548e-14
823 2 1 0 0
823 2 2 -0.000555715 6.56769e-11
823 2 3 0 0
823 3 0 0 0
823 3 1 1.20081e-12 1.08548e-14
823 3 2 0 0
823 3 3 -0.000555715 6.56769e-11
824 0 0 -0.000564477 5.39163e-11
824 0 1 0 0
824 0 2 1.16757e-12 -9.44818e-15
824 0 3 0 0
824 1 0 0 0
824 1 1 -0.000564477 5.39163e-11
824 1 2 0 0
824 1 3 1.16757e-12 -9.44818e-15
824 2 0 1.20034e-12 8.90847e-15
824 2 1 0 0
824 2 2 -0.000564477 5.39586e-11
824 2 3 0 0
824 3 0 0 0
824 3 1 1.20034e-12 8.90847e-15
824 3 2 0 0
824 3 3 -0.000564477 5.39586e-11
825 0 0 -0.000573385 4.09684e-11
825 0 1 0 0
825 0 2 1.17448e-12 -7.17536e-15
825 0 3 0 0
825 1 0 0 0
825 1 1 -0.000573385 4.09684e-11
825 1 2 0 0
825 1 3 1.17448e-12 -7.17536e-15
825 2 0 1.19931e-12 6.75738e-15
825 2 1 0 0
825 2 2 -0.000573385 4.10008e-11
825 2 3 0 0
825 3 0 0 0
825 3 1 1.19931e-12 6.75738e-15
825 3 2 0 0
825 3 3 -0.000573385 4.10008e-11
826 0 0 -0.000582442 2.69951e-11
826 0 1 0 0
826 0 2 1.18156e-12 -4.72296e-15
826 0 3 0 0
826 1 0 0 0
826 1 1 -0.000582442 2.69951e-11
826 1 2 0 0
826 1 3 1.18156e-12 -4.72296e-15
826 2 0 1.19783e-12 4.43699e-15
826 2 1 0 0
826 2 2 -0.000582442 2.70167e-11
826 2 3 0 0
826 3 0 0 0
826 3 1 1.19783e-12 4.43699e-15
826 3 2 0 0
826 3 3 -0.000582442 2.70167e-11
827 0 0 -0.000591651 1.22392e-11
827 0 1 0 0
827 0 2 1.18873e-12 -2.13362e-15
827 0 3 0 0
827 1 0 0 0
827 1 1 -0.000591651 1.22392e-11
827 1 2 0 0
827 1 3 1.18873e-12 -2.13362e-15
827 2 0 1.19596e-12 1.98765e-15
827 2 1 0 0
827 2 2 -0.000591651 1.22495e-11
827 2 3 0 0
827 3 0 0 0
827 3 1 1.19596e-12 1.98765e-15
827 3 2 0 0
827 3 3 -0.000591651 1.22495e-11
828 0 0 -0.000601015 -3.02996e-12
828 0 1 0 0
828 0 2 1.19594e-12 5.45394e-16
828 0 3 0 0
828 1 0 0 0
828 1 1 -0.000601015 -3.02996e-12
828 1 2 0 0
828 1 3 1.19594e-12 5.45394e-16
828 2 0 1.19383e-12 -5.45894e-16
828 2 1 0 0
828 2 2 -0.000601015 -3.03151e-12
828 2 3 0 0
828 3 0 0 0
828 3 1 1.19383e-12 -5.45894e-16
828 3 2 0 0
828 3 3 -0.000601015 -3.03151e-12
829 0 0 -0.000610537 -1.85209e-11
829 0 1 0 0
829 0 2 1.20311e-12 3.26292e-15
829 0 3 0 0
829 1 0 0 0
829 1 1 -0.000610537 -1.85209e-11
829 1 2 0 0
829 1 3 1.20311e-12 3.26292e-15
829 2 0 1.19153e-12 -3.11525e-15
829 2 1 0 0
829 2 2 -0.000610537 -1.85344e-11
829 2 3 0 0
829 3 0 0 0
829 3 1 1.19153e-12 -3.11525e-15
829 3 2 0 0
829 3 3 -0.000610537 -1.85344e-11
830 0 0 -0.000620218 -3.39246e-11
830 0 1 0 0
830 0 2 1.21017e-12 5.96474e-15
830 0 3 0 0
830 1 0 0 0
830 1 1 -0.000620218 -3.39246e-11
830 1 2 0 0
830 1 3 1.21017e-12 5.96474e-15
830 2 0 1.18918e-12 -5.66912e-15
830 2 1 0 0
830 2 2 -0.000620218 -3.39501e-11
830 2 3 0 0
830 3 0 0 0
830 3 1 1.18918e-12 -5.66912e-15
830 3 2 0 0
830 3 3 -0.000620218 -3.39501e-11
831 0 0 -0.000630063 -4.89201e-11
831 0 1 0 0
831 0 2 1.21705e-12 8.59455e-15
831 0 3 0 0
831 1 0 0 0
831 1 1 -0.000630063 -4.89201e-11
831 1 2 0 0
831 1 3 1.21705e-12 8.59455e-15
831 2 0 1.1869e-12 -8.15428e-15
831 2 1 0 0
831 2 2 -0.000630063 -4.89572e-11
831 2 3 0 0
831 3 0 0 0
831 3 1 1.1869e-12 -8.15428e-15
831 3 2 0 0
831 3 3 -0.000630063 -4.89572e-11
832 0 0 -0.000640074 -6.31809e-11
832 0 1 0 0
832 0 2 1.22367e-12 1.1095e-14
832 0 3 0 0
832 1 0 0 0
832 1 1 -0.000640074 -6.31809e-11
832 1 2 0 0
832 1 3 1.22367e-12 1.1095e-14
832 2 0 1.18481e-12 -1.05165e-14
832 2 1 0 0
832 2 2 -0.000640074 -6.32291e-11
832 2 3 0 0
832 3 0 0 0
832 3 1 1.18481e-12 -1.05165e-14
832 3 2 0 0
832 3 3 -0.000640074 -6.32291e-11
833 0 0 -0.000650255 -7.63812e-11
833 0 1 0 0
833 0 2 1.22995e-12 1.34091e-14
833 0 3 0 0
833 1 0 0 0
833 1 1 -0.000650255 -7.63812e-11
833 1 2 0 0
833 1 3 1.22995e-12 1.34091e-14
833 2 0 1.18303e-12 -1.27019e-14
833 2 1 0 0
833 2 2 -0.000650255 -7.64397e-11
833 2 3 0 0
833 3 0 0 0
833 3 1 1.18303e-12 -1.27019e-14
833 3 2 0 0
833 3 3 -0.000650255 -7.64397e-11
834 0 0 -0.000660607 -8.82035e-11
834 0 1 0 0
834 0 2 1.2358e-12 1.54811e-14
834 0 3 0 0
834 1 0 0 0
834 1 1 -0.000660607 -8.82035e-11
834 1 2 0 0
834 1 3 1.2358e-12 1.54811e-14
834 2 0 1.18168e-12 -1.46578e-14
834 2 1 0 0
834 2 2 -0.000660607 -8.82712e-11
834 2 3 0 0
834 3 0 0 0
834 3 1 1.18168e-12 -1.46578e-14
834 3 2 0 0
834 3 3 -0.000660607 -8.82712e-11
835 0 0 -0.000671135 -9.83458e-11
835 0 1 0 0
835 0 2 1.24117e-12 1.72579e-14
835 0 3 0 0
835 1 0 0 0
835 1 1 -0.000671135 -9.83458e-11
835 1 2 0 0
835 1 3 1.24117e-12 1.72579e-14
835 2 0 1.18088e-12 -1.63342e-14
835 2 1 0 0
835 2 2 -0.000671135 -9.84214e-11
835 2 3 0 0
835 3 0 0 0
835 3 1 1.18088e-12 -1.63342e-14
835 3 2 0 0
835 3 3 -0.000671135 -9.84214e-11
836 0 0 -0.000681842 -1.06529e-10
836 0 1 0 0
836 0 2 1.24598e-12 1.86909e-14
836 0 3 0 0
836 1 0 0 0
836 1 1 -0.000681842 -1.06529e-10
836 1 2 0 0
836 1 3 1.24598e-12 1.86909e-14
836 2 0 1.18071e-12 -1.7685e-14
836 2 1 0 0
836 2 2 -0.000681842 -1.06611e-10
836 2 3 0 0
836 3 0 0 0
836 3 1 1.18071e-12 -1.7685e-14
836 3 2 0 0
836 3 3 -0.000681842 -1.06611e-10
837 0 0 -0.000692731 -1.12506e-10
837 0 1 0 0
837 0 2 1.25016e-12 1.97365e-14
837 0 3 0 0
837 1 0 0 0
837 1 1 -0.000692731 -1.12506e-10
837 1 2 0 0
837 1 3 1.25016e-12 1.97365e-14
837 2 0 1.18128e-12 -1.8669e-14
837 2 1 0 0
837 2 2 -0.000692731 -1.12593e-10
837 2 3 0 0
837 3 0 0 0
837 3 1 1.18128e-12 -1.8669e-14
837 3 2 0 0
837 3 3 -0.000692731 -1.12593e-10
838 0 0 -0.000703805 -1.16067e-10
838 0 1 0 0
838 0 2 1.25368e-12 2.03579e-14
838 0 3 0 0
838 1 0 0 0
838 1 1 -0.000703805 -1.16067e-10
838 1 2 0 0
838 1 3 1.25368e-12 2.03579e-14
838 2 0 1.18266e-12 -1.92519e-14
838 2 1 0 0
838 2 2 -0.000703805 -1.16157e-10
838 2 3 0 0
838 3 0 0 0
838 3 1 1.18266e-12 -1.92519e-14
838 3 2 0 0
838 3 3 -0.000703805 -1.16157e-10
839 0 0 -0.000715068 -1.17047e-10
839 0 1 0 0
839 0 2 1.25648e-12 2.05266e-14
839 0 3 0 0
839 1 0 0 0
839 1 1 -0.000715068 -1.17047e-10
839 1 2 0 0
839 1 3 1.25648e-12 2.05266e-14
839 2 0 1.1849e-12 -1.94064e-14
839 2 1 0 0
839 2 2 -0.000715068 -1.17138e-10
839 2 3 0 0
839 3 0 0 0
839 3 1 1.1849e-12 -1.94064e-14
839 3 2 0 0
839 3 3 -0.000715068 -1.17138e-10
840 0 0 -0.000726522 -1.15335e-10
840 0 1 0 0
840 0 2 1.25854e-12 2.02229e-14
840 0 3 0 0
840 1 0 0 0
840 1 1 -0.000726522 -1.15335e-10
840 1 2 0 0
840 1 3 1.25854e-12 2.02229e-14
840 2 0 1.18804e-12 -1.91141e-14
840 2 1 0 0
840 2 2 -0.000726522 -1.15424e-10
840 2 3 0 0
840 3 0 0 0
840 3 1 1.18804e-12 -1.91141e-14
840 3 2 0 0
840 3 3 -0.000726522 -1.15424e-10
841 0 0 -0.000738173 -1.10876e-10
841 0 1 0 0
841 0 2 1.25983e-12 1.94372e-14
841 0 3 0 0
841 1 0 0 0
841 1 1 -0.000738173 -1.10876e-10
841 1 2 0 0
841 1 3 1.25983e-12 1.94372e-14
841 2 0 1.19211e-12 -1.83662e-14
841 2 1 0 0
841 2 2 -0.000738173 -1.10962e-10
841 2 3 0 0
841 3 0 0 0
841 3 1 1.19211e-12 -1.83662e-14
841 3 2 0 0
841 3 3 -0.000738173 -1.10962e-10
842 0 0 -0.000750023 -1.03678e-10
842 0 1 0 0
842 0 2 1.26037e-12 1.81712e-14
842 0 3 0 0
842 1 0 0 0
842 1 1 -0.000750023 -1.03678e-10
842 1 2 0 0
842 1 3 1.26037e-12 1.81712e-14
842 2 0 1.19709e-12 -1.71643e-14
842 2 1 0 0
842 2 2 -0.000750023 -1.03758e-10
842 2 3 0 0
842 3 0 0 0
842 3 1 1.19709e-12 -1.71643e-14
842 3 2 0 0
842 3 3 -0.000750023 -1.03758e-10
843 0 0 -0.000762076 -9.38147e-11
843 0 1 0 0
843 0 2 1.26016e-12 1.64378e-14
843 0 3 0 0
843 1 0 0 0
843 1 1 -0.000762076 -9.38147e-11
843 1 2 0 0
843 1 3 1.26016e-12 1.64378e-14
843 2 0 1.20295e-12 -1.55207e-14
843 2 1 0 0
843 2 2 -0.000762076 -9.38878e-11
843 2 3 0 0
843 3 0 0 0
843 3 1 1.20295e-12 -1.55207e-14
843 3 2 0 0
843 3 3 -0.000762076 -9.38878e-11
844 0 0 -0.000774336 -8.14295e-11
844 0 1 0 0
844 0 2 1.25923e-12 1.42621e-14
844 0 3 0 0
844 1 0 0 0
844 1 1 -0.000774336 -8.14295e-11
844 1 2 0 0
844 1 3 1.25923e-12 1.42621e-14
844 2 0 1.20963e-12 -1.34594e-14
844 2 1 0 0
844 2 2 -0.000774336 -8.14932e-11
844 2 3 0 0
844 3 0 0 0
844 3 1 1.20963e-12 -1.34594e-14
844 3 2 0 0
844 3 3 -0.000774336 -8.14932e-11
845 0 0 -0.000786806 -6.67338e-11
845 0 1 0 0
845 0 2 1.25762e-12 1.16814e-14
845 0 3 0 0
845 1 0 0 0
845 1 1 -0.000786806 -6.67338e-11
845 1 2 0 0
845 1 3 1.25762e-12 1.16814e-14
845 2 0 1.21704e-12 -1.10157e-14
845 2 1 0 0
845 2 2 -0.000786806 -6.67862e-11
845 2 3 0 0
845 3 0 0 0
845 3 1 1.21704e-12 -1.10157e-14
845 3 2 0 0
845 3 3 -0.000786806 -6.67862e-11
846 0 0 -0.000799491 -5.00073e-11
846 0 1 0 0
846 0 2 1.2554e-12 8.74488e-15
846 0 3 0 0
846 1 0 0 0
846 1 1 -0.000799491 -5.00073e-11
846 1 2 0 0
846 1 3 1.2554e-12 8.74488e-15
846 2 0 1.22508e-12 -8.23613e-15
846 2 1 0 0
846 2 2 -0.000799491 -5.00468e-11
846 2 3 0 0
846 3 0 0 0
846 3 1 1.22508e-12 -8.23613e-15
846 3 2 0 0
846 3 3 -0.000799491 -5.00468e-11
847 0 0 -0.000812394 -3.15949e-11
847 0 1 0 0
847 0 2 1.25265e-12 5.51304e-15
847 0 3 0 0
847 1 0 0 0
847 1 1 -0.000812394 -3.15949e-11
847 1 2 0 0
847 1 3 1.25265e-12 5.51304e-15
847 2 0 1.2336e-12 -5.1781e-15
847 2 1 0 0
847 2 2 -0.000812394 -3.16202e-11
847 2 3 0 0
847 3 0 0 0
847 3 1 1.2336e-12 -5.1781e-15
847 3 2 0 0
847 3 3 -0.000812394 -3.16202e-11
848 0 0 -0.00082552 -1.19024e-11
848 0 1 0 0
848 0 2 1.24945e-12 2.05713e-15
848 0 3 0 0
848 1 0 0 0
848 1 1 -0.00082552 -1.19024e-11
848 1 2 0 0
848 1 3 1.24945e-12 2.05713e-15
848 2 0 1.24246e-12 -1.90903e-15
848 2 1 0 0
848 2 2 -0.00082552 -1.19125e-11
848 2 3 0 0
848 3 0 0 0
848 3 1 1.24246e-12 -1.90903e-15
848 3 2 0 0
848 3 3 -0.00082552 -1.19125e-11
849 0 0 -0.000838873 8.6108e-12
849 0 1 0 0
849 0 2 1.24591e-12 -1.54219e-15
849 0 3 0 0
849 1 0 0 0
849 1 1 -0.000838873 8.6108e-12
849 1 2 0 0
849 1 3 1.24591e-12 -1.54219e-15
849 2 0 1.25147e-12 1.49472e-15
849 2 1 0 0
849 2 2 -0.000838873 8.61653e-12
849 2 3 0 0
849 3 0 0 0
849 3 1 1.25147e-12 1.49472e-15
849 3 2 0 0
849 3 3 -0.000838873 8.61653e-12
850 0 0 -0.000852457 2.94397e-11
850 0 1 0 0
850 0 2 1.24214e-12 -5.19631e-15
850 0 3 0 0
850 1 0 0 0
850 1 1 -0.000852457 2.94397e-11
850 1 2 0 0
850 1 3 1.24214e-12 -5.19631e-15
850 2 0 1.26043e-12 4.94933e-15
850 2 1 0 0
850 2 2 -0.000852457 2.94616e-11
850 2 3 0 0
850 3 0 0 0
850 3 1 1.26043e-12 4.94933e-15
850 3 2 0 0
850 3 3 -0.000852457 2.94616e-11
851 0 0 -0.000866277 5.00446e-11
851 0 1 0 0
851 0 2 1.23826e-12 -8.8105e-15
851 0 3 0 0
851 1 0 0 0
851 1 1 -0.000866277 5.00446e-11
851 1 2 0 0
851 1 3 1.23826e-12 -8.8105e-15
851 2 0 1.26915e-12 8.36521e-15
851 2 1 0 0
851 2 2 -0.000866277 5.00824e-11
851 2 3 0 0
851 3 0 0 0
851 3 1 1.26915e-12 8.36521e-15
851 3 2 0 0
851 3 3 -0.000866277 5.00824e-11
852 0 0 -0.000880336 6.98631e-11
852 0 1 0 0
852 0 2 1.23441e-12 -1.22861e-14
852 0 3 0 0
852 1 0 0 0
852 1 1 -0.000880336 6.98631e-11
852 1 2 0 0
852 1 3 1.23441e-12 -1.22861e-14
852 2 0 1.2774e-12 1.16491e-14
852 2 1 0 0
852 2 2 -0.000880336 6.99163e-11
852 2 3 0 0
852 3 0 0 0
852 3 1 1.2774e-12 1.16491e-14
852 3 2 0 0
852 3 3 -0.000880336 6.99163e-11
853 0 0 -0.00089464 8.83238e-11
853 0 1 0 0
853 0 2 1.23071e-12 -1.55229e-14
853 0 3 0 0
853 1 0 0 0
853 1 1 -0.00089464 8.83238e-11
853 1 2 0 0
853 1 3 1.23071e-12 -1.55229e-14
853 2 0 1.28496e-12 1.47062e-14
853 2 1 0 0
853 2 2 -0.00089464 8.83914e-11
853 2 3 0 0
853 3 0 0 0
853 3 1 1.28496e-12 1.47062e-14
853 3 2 0 0
853 3 3 -0.00089464 8.83914e-11
854 0 0 -0.000909192 1.04862e-10
854 0 1 0 0
854 0 2 1.2273e-12 -1.84218e-14
854 0 3 0 0
854 1 0 0 0
854 1 1 -0.000909192 1.04862e-10
854 1 2 0 0
854 1 3 1.2273e-12 -1.84218e-14
854 2 0 1.29163e-12 1.74428e-14
854 2 1 0 0
854 2 2 -0.000909192 1.04942e-10
854 2 3 0 0
854 3 0 0 0
854 3 1 1.29163e-12 1.74428e-14
854 3 2 0 0
854 3 3 -0.000909192 1.04942e-10
855 0 0 -0.000923999 1.18935e-10
855 0 1 0 0
855 0 2 1.22428e-12 -2.08877e-14
855 0 3 0 0
855 1 0 0 0
855 1 1 -0.000923999 1.18935e-10
855 1 2 0 0
855 1 3 1.22428e-12 -2.08877e-14
855 2 0 1.29718e-12 1.97693e-14
855 2 1 0 0
855 2 2 -0.000923999 1.19026e-10
855 2 3 0 0
855 3 0 0 0
855 3 1 1.29718e-12 1.97693e-14
855 3 2 0 0
855 3 3 -0.000923999 1.19026e-10
856 0 0 -0.000939064 1.3004e-10
856 0 1 0 0
856 0 2 1.2218e-12 -2.28324e-14
856 0 3 0 0
856 1 0 0 0
856 1 1 -0.000939064 1.3004e-10
856 1 2 0 0
856 1 3 1.2218e-12 -2.28324e-14
856 2 0 1.30144e-12 2.16022e-14
856 2 1 0 0
856 2 2 -0.000939064 1.3014e-10
856 2 3 0 0
856 3 0 0 0
856 3 1 1.30144e-12 2.16022e-14
856 3 2 0 0
856 3 3 -0.000939064 1.3014e-10
857 0 0 -0.000954392 1.37729e-10
857 0 1 0 0
857 0 2 1.21993e-12 -2.41775e-14
857 0 3 0 0
857 1 0 0 0
857 1 1 -0.000954392 1.37729e-10
857 1 2 0 0
857 1 3 1.21993e-12 -2.41775e-14
857 2 0 1.30423e-12 2.28676e-14
857 2 1 0 0
857 2 2 -0.000954392 1.37836e-10
857 2 3 0 0
857 3 0 0 0
857 3 1 1.30423e-12 2.28676e-14
857 3 2 0 0
857 3 3 -0.000954392 1.37836e-10
858 0 0 -0.000969989 1.4163e-10
858 0 1 0 0
858 0 2 1.21878e-12 -2.48577e-14
858 0 3 0 0
858 1 0 0 0
858 1 1 -0.000969989 1.4163e-10
858 1 2 0 0
858 1 3 1.21878e-12 -2.48577e-14
858 2 0 1.3054e-12 2.35038e-14
858 2 1 0 0
858 2 2 -0.000969989 1.4174e-10
858 2 3 0 0
858 3 0 0 0
858 3 1 1.3054e-12 2.35038e-14
858 3 2 0 0
858 3 3 -0.000969989 1.4174e-10
859 0 0 -0.000985859 1.41457e-10
859 0 1 0 0
859 0 2 1.21841e-12 -2.4823e-14
859 0 3 0 0
859 1 0 0 0
859 1 1 -0.000985859 1.41457e-10
859 1 2 0 0
859 1 3 1.21841e-12 -2.4823e-14
859 2 0 1.30487e-12 2.34639e-14
859 2 1 0 0
859 2 2 -0.000985859 1.41567e-10
859 2 3 0 0
859 3 0 0 0
859 3 1 1.30487e-12 2.34639e-14
859 3 2 0 0
859 3 3 -0.000985859 1.41567e-10
860 0 0 -0.00100201 1.3703e-10
860 0 1 0 0
860 0 2 1.21885e-12 -2.40419e-14
860 0 3 0 0
860 1 0 0 0
860 1 1 -0.00100201 1.3703e-10
860 1 2 0 0
860 1 3 1.21885e-12 -2.40419e-14
860 2 0 1.30254e-12 2.27182e-14
860 2 1 0 0
860 2 2 -0.00100201 1.37137e-10
860 2 3 0 0
860 3 0 0 0
860 3 1 1.30254e-12 2.27182e-14
860 3 2 0 0
860 3 3 -0.00100201 1.37137e-10
861 0 0 -0.00101844 1.28284e-10
861 0 1 0 0
861 0 2 1.22013e-12 -2.25031e-14
861 0 3 0 0
861 1 0 0 0
861 1 1 -0.00101844 1.28284e-10
861 1 2 0 0
861 1 3 1.22013e-12 -2.25031e-14
861 2 0 1.29841e-12 2.12562e-14
861 2 1 0 0
861 2 2 -0.00101844 1.28384e-10
861 2 3 0 0
861 3 0 0 0
861 3 1 1.29841e-12 2.12562e-14
861 3 2 0 0
861 3 3 -0.00101844 1.28384e-10
862 0 0 -0.00103517 1.15281e-10
862 0 1 0 0
862 0 2 1.22222e-12 -2.02177e-14
862 0 3 0 0
862 1 0 0 0
862 1 1 -0.00103517 1.15281e-10
862 1 2 0 0
862 1 3 1.22222e-12 -2.02177e-14
862 2 0 1.2925e-12 1.90888e-14
862 2 1 0 0
862 2 2 -0.00103517 1.15371e-10
862 2 3 0 0
862 3 0 0 0
862 3 1 1.2925e-12 1.90888e-14
862 3 2 0 0
862 3 3 -0.00103517 1.15371e-10
863 0 0 -0.00105218 9.82173e-11
863 0 1 0 0
863 0 2 1.22509e-12 -1.72203e-14
863 0 3 0 0
863 1 0 0 0
863 1 1 -0.00105218 9.82173e-11
863 1 2 0 0
863 1 3 1.22509e-12 -1.72203e-14
863 2 0 1.28488e-12 1.62485e-14
863 2 1 0 0
863 2 2 -0.00105218 9.82941e-11
863 2 3 0 0
863 3 0 0 0
863 3 1 1.28488e-12 1.62485e-14
863 3 2 0 0
863 3 3 -0.00105218 9.82941e-11
864 0 0 -0.0010695 7.74251e-11
864 0 1 0 0
864 0 2 1.22865e-12 -1.35692e-14
864 0 3 0 0
864 1 0 0 0
864 1 1 -0.0010695 7.74251e-11
864 1 2 0 0
864 1 3 1.22865e-12 -1.35692e-14
864 2 0 1.27569e-12 1.27912e-14
864 2 1 0 0
864 2 2 -0.0010695 7.74859e-11
864 2 3 0 0
864 3 0 0 0
864 3 1 1.27569e-12 1.27912e-14
864 3 2 0 0
864 3 3 -0.0010695 7.74859e-11
865 0 0 -0.00108713 5.33738e-11
865 0 1 0 0
865 0 2 1.2328e-12 -9.34695e-15
865 0 3 0 0
865 1 0 0 0
865 1 1 -0.00108713 5.33738e-11
865 1 2 0 0
865 1 3 1.2328e-12 -9.34695e-15
865 2 0 1.2651e-12 8.79478e-15
865 2 1 0 0
865 2 2 -0.00108713 5.34162e-11
865 2 3 0 0
865 3 0 0 0
865 3 1 1.2651e-12 8.79478e-15
865 3 2 0 0
865 3 3 -0.00108713 5.34162e-11
866 0 0 -0.00110507 2.66642e-11
866 0 1 0 0
866 0 2 1.2374e-12 -4.65907e-15
866 0 3 0 0
866 1 0 0 0
866 1 1 -0.00110507 2.66642e-11
866 1 2 0 0
866 1 3 1.2374e-12 -4.65907e-15
866 2 0 1.25334e-12 4.35932e-15
866 2 1 0 0
866 2 2 -0.00110507 2.6686e-11
866 2 3 0 0
866 3 0 0 0
866 3 1 1.25334e-12 4.35932e-15
866 3 2 0 0
866 3 3 -0.00110507 2.6686e-11
867 0 0 -0.00112332 -1.98182e-12
867 0 1 0 0
867 0 2 1.24228e-12 3.67691e-16
867 0 3 0 0
867 1 0 0 0
867 1 1 -0.00112332 -1.98182e-12
867 1 2 0 0
867 1 3 1.24228e-12 3.67691e-16
867 2 0 1.24068e-12 -3.95181e-16
867 2 1 0 0
867 2 2 -0.00112332 -1.98214e-12
867 2 3 0 0
867 3 0 0 0
867 3 1 1.24068e-12 -3.95181e-16
867 3 2 0 0
867 3 3 -0.00112332 -1.98214e-12
868 0 0 -0.00114191 -3.17354e-11
868 0 1 0 0
868 0 2 1.24725e-12 5.58786e-15
868 0 3 0 0
868 1 0 0 0
868 1 1 -0.00114191 -3.17354e-11
868 1 2 0 0
868 1 3 1.24725e-12 5.58786e-15
868 2 0 1.22745e-12 -5.33106e-15
868 2 1 0 0
868 2 2 -0.00114191 -3.17587e-11
868 2 3 0 0
868 3 0 0 0
868 3 1 1.22745e-12 -5.33106e-15
868 3 2 0 0
868 3 3 -0.00114191 -3.17587e-11
869 0 0 -0.00116082 -6.16809e-11
869 0 1 0 0
869 0 2 1.25208e-12 1.08407e-14
869 0 3 0 0
869 1 0 0 0
869 1 1 -0.00116082 -6.16809e-11
869 1 2 0 0
869 1 3 1.25208e-12 1.08407e-14
869 2 0 1.21398e-12 -1.02963e-14
869 2 1 0 0
869 2 2 -0.00116082 -6.17274e-11
869 2 3 0 0
869 3 0 0 0
869 3 1 1.21398e-12 -1.02963e-14
869 3 2 0 0
869 3 3 -0.00116082 -6.17274e-11
870 0 0 -0.00118007 -9.08399e-11
870 0 1 0 0
870 0 2 1.25656e-12 1.59546e-14
870 0 3 0 0
870 1 0 0 0
870 1 1 -0.00118007 -9.08399e-11
870 1 2 0 0
870 1 3 1.25656e-12 1.59546e-14
870 2 0 1.20065e-12 -1.51285e-14
870 2 1 0 0
870 2 2 -0.00118007 -9.09091e-11
870 2 3 0 0
870 3 0 0 0
870 3 1 1.20065e-12 -1.51285e-14
870 3 2 0 0
870 3 3 -0.00118007 -9.09091e-11
871 0 0 -0.00119967 -1.182e-10
871 0 1 0 0
871 0 2 1.26044e-12 2.0752e-14
871 0 3 0 0
871 1 0 0 0
871 1 1 -0.00119967 -1.182e-10
871 1 2 0 0
871 1 3 1.26044e-12 2.0752e-14
871 2 0 1.18784e-12 -1.96598e-14
871 2 1 0 0
871 2 2 -0.00119967 -1.18291e-10
871 2 3 0 0
871 3 0 0 0
871 3 1 1.18784e-12 -1.96598e-14
871 3 2 0 0
871 3 3 -0.00119967 -1.18291e-10
872 0 0 -0.00121962 -1.42749e-10
872 0 1 0 0
872 0 2 1.2635e-12 2.5055e-14
872 0 3 0 0
872 1 0 0 0
872 1 1 -0.00121962 -1.42749e-10
872 1 2 0 0
872 1 3 1.2635e-12 2.5055e-14
872 2 0 1.17593e-12 -2.37223e-14
872 2 1 0 0
872 2 2 -0.00121962 -1.42858e-10
872 2 3 0 0
872 3 0 0 0
872 3 1 1.17593e-12 -2.37223e-14
872 3 2 0 0
872 3 3 -0.00121962 -1.42858e-10
873 0 0 -0.00123992 -1.63505e-10
873 0 1 0 0
873 0 2 1.26549e-12 2.8692e-14
873 0 3 0 0
873 1 0 0 0
873 1 1 -0.00123992 -1.63505e-10
873 1 2 0 0
873 1 3 1.26549e-12 2.8692e-14
873 2 0 1.16528e-12 -2.71536e-14
873 2 1 0 0
873 2 2 -0.00123992 -1.63631e-10
873 2 3 0 0
873 3 0 0 0
873 3 1 1.16528e-12 -2.71536e-14
873 3 2 0 0
873 3 3 -0.00123992 -1.63631e-10
874 0 0 -0.00126059 -1.79562e-10
874 0 1 0 0
874 0 2 1.2662e-12 3.15037e-14
874 0 3 0 0
874 1 0 0 0
874 1 1 -0.00126059 -1.79562e-10
874 1 2 0 0
874 1 3 1.2662e-12 3.15037e-14
874 2 0 1.15625e-12 -2.98033e-14
874 2 1 0 0
874 2 2 -0.00126059 -1.797e-10
874 2 3 0 0
874 3 0 0 0
874 3 1 1.15625e-12 -2.98033e-14
874 3 2 0 0
874 3 3 -0.00126059 -1.797e-10
875 0 0 -0.00128163 -1.90121e-10
875 0 1 0 0
875 0 2 1.26544e-12 3.33502e-14
875 0 3 0 0
875 1 0 0 0
875 1 1 -0.00128163 -1.90121e-10
875 1 2 0 0
875 1 3 1.26544e-12 3.33502e-14
875 2 0 1.14911e-12 -3.15396e-14
875 2 1 0 0
875 2 2 -0.00128163 -1.90268e-10
875 2 3 0 0
875 3 0 0 0
875 3 1 1.14911e-12 -3.15396e-14
875 3 2 0 0
875 3 3 -0.00128163 -1.90268e-10
876 0 0 -0.00130306 -1.94532e-10
876 0 1 0 0
876 0 2 1.26306e-12 3.41176e-14
876 0 3 0 0
876 1 0 0 0
876 1 1 -0.00130306 -1.94532e-10
876 1 2 0 0
876 1 3 1.26306e-12 3.41176e-14
876 2 0 1.14411e-12 -3.22548e-14
876 2 1 0 0
876 2 2 -0.00130306 -1.94682e-10
876 2 3 0 0
876 3 0 0 0
876 3 1 1.14411e-12 -3.22548e-14
876 3 2 0 0
876 3 3 -0.00130306 -1.94682e-10
877 0 0 -0.00132487 -1.92326e-10
877 0 1 0 0
877 0 2 1.25894e-12 3.37239e-14
877 0 3 0 0
877 1 0 0 0
877 1 1 -0.00132487 -1.92326e-10
877 1 2 0 0
877 1 3 1.25894e-12 3.37239e-14
877 2 0 1.14143e-12 -3.1872e-14
877 2 1 0 0
877 2 2 -0.00132487 -1.92475e-10
877 2 3 0 0
877 3 0 0 0
877 3 1 1.14143e-12 -3.1872e-14
877 3 2 0 0
877 3 3 -0.00132487 -1.92475e-10
878 0 0 -0.00134707 -1.83251e-10
878 0 1 0 0
878 0 2 1.25301e-12 3.21251e-14
878 0 3 0 0
878 1 0 0 0
878 1 1 -0.00134707 -1.83251e-10
878 1 2 0 0
878 1 3 1.25301e-12 3.21251e-14
878 2 0 1.14114e-12 -3.03497e-14
878 2 1 0 0
878 2 2 -0.00134707 -1.83393e-10
878 2 3 0 0
878 3 0 0 0
878 3 1 1.14114e-12 -3.03497e-14
878 3 2 0 0
878 3 3 -0.00134707 -1.83393e-10
879 0 0 -0.00136968 -1.67294e-10
879 0 1 0 0
879 0 2 1.24528e-12 2.93191e-14
879 0 3 0 0
879 1 0 0 0
879 1 1 -0.00136968 -1.67294e-10
879 1 2 0 0
879 1 3 1.24528e-12 2.93191e-14
879 2 0 1.14325e-12 -2.76864e-14
879 2 1 0 0
879 2 2 -0.00136968 -1.67424e-10
879 2 3 0 0
879 3 0 0 0
879 3 1 1.14325e-12 -2.76864e-14
879 3 2 0 0
879 3 3 -0.00136968 -1.67424e-10
880 0 0 -0.0013927 -1.44704e-10
880 0 1 0 0
880 0 2 1.23579e-12 2.53499e-14
880 0 3 0 0
880 1 0 0 0
880 1 1 -0.0013927 -1.44704e-10
880 1 2 0 0
880 1 3 1.23579e-12 2.53499e-14
880 2 0 1.14764e-12 -2.39242e-14
880 2 1 0 0
880 2 2 -0.0013927 -1.44817e-10
880 2 3 0 0
880 3 0 0 0
880 3 1 1.14764e-12 -2.39242e-14
880 3 2 0 0
880 3 3 -0.0013927 -1.44817e-10
881 0 0 -0.00141614 -1.16001e-10
881 0 1 0 0
881 0 2 1.22465e-12 2.03089e-14
881 0 3 0 0
881 1 0 0 0
881 1 1 -0.00141614 -1.16001e-10
881 1 2 0 0
881 1 3 1.22465e-12 2.03089e-14
881 2 0 1.15412e-12 -1.91499e-14
881 2 1 0 0
881 2 2 -0.00141614 -1.16092e-10
881 2 3 0 0
881 3 0 0 0
881 3 1 1.15412e-12 -1.91499e-14
881 3 2 0 0
881 3 3 -0.00141614 -1.16092e-10
882 0 0 -0.00144001 -8.19772e-11
882 0 1 0 0
882 0 2 1.21204e-12 1.43354e-14
882 0 3 0 0
882 1 0 0 0
882 1 1 -0.00144001 -8.19772e-11
882 1 2 0 0
882 1 3 1.21204e-12 1.43354e-14
882 2 0 1.16237e-12 -1.34953e-14
882 2 1 0 0
882 2 2 -0.00144001 -8.20421e-11
882 2 3 0 0
882 3 0 0 0
882 3 1 1.16237e-12 -1.34953e-14
882 3 2 0 0
882 3 3 -0.00144001 -8.20421e-11
883 0 0 -0.00146431 -4.36853e-11
883 0 1 0 0
883 0 2 1.19821e-12 7.61414e-15
883 0 3 0 0
883 1 0 0 0
883 1 1 -0.00146431 -4.36853e-11
883 1 2 0 0
883 1 3 1.19821e-12 7.61414e-15
883 2 0 1.17199e-12 -7.13587e-15
883 2 1 0 0
883 2 2 -0.00146431 -4.37207e-11
883 2 3 0 0
883 3 0 0 0
883 3 1 1.17199e-12 -7.13587e-15
883 3 2 0 0
883 3 3 -0.00146431 -4.37207e-11
884 0 0 -0.00148906 -2.41771e-12
884 0 1 0 0
884 0 2 1.18344e-12 3.72194e-16
884 0 3 0 0
884 1 0 0 0
884 1 1 -0.00148906 -2.41771e-12
884 1 2 0 0
884 1 3 1.18344e-12 3.72194e-16
884 2 0 1.18249e-12 -2.86259e-16
884 2 1 0 0
884 2 2 -0.00148906 -2.42121e-12
884 2 3 0 0
884 3 0 0 0
884 3 1 1.18249e-12 -2.86259e-16
884 3 2 0 0
884 3 3 -0.00148906 -2.42121e-12
885 0 0 -0.00151427 4.03294e-11
885 0 1 0 0
885 0 2 1.16809e-12 -7.12787e-15
885 0 3 0 0
885 1 0 0 0
885 1 1 -0.00151427 4.03294e-11
885 1 2 0 0
885 1 3 1.16809e-12 -7.12787e-15
885 2 0 1.19327e-12 6.80498e-15
885 2 1 0 0
885 2 2 -0.00151427 4.0359e-11
885 2 3 0 0
885 3 0 0 0
885 3 1 1.19327e-12 6.80498e-15
885 3 2 0 0
885 3 3 -0.00151427 4.0359e-11
886 0 0 -0.00153993 8.29032e-11
886 0 1 0 0
886 0 2 1.15253e-12 -1.4596e-14
886 0 3 0 0
886 1 0 0 0
886 1 1 -0.00153993 8.29032e-11
886 1 2 0 0
886 1 3 1.15253e-12 -1.4596e-14
886 2 0 1.20373e-12 1.38635e-14
886 2 1 0 0
886 2 2 -0.00153993 8.29657e-11
886 2 3 0 0
886 3 0 0 0
886 3 1 1.20373e-12 1.38635e-14
886 3 2 0 0
886 3 3 -0.00153993 8.29657e-11
887 0 0 -0.00156608 1.23553e-10
887 0 1 0 0
887 0 2 1.13718e-12 -2.1725e-14
887 0 3 0 0
887 1 0 0 0
887 1 1 -0.00156608 1.23553e-10
887 1 2 0 0
887 1 3 1.13718e-12 -2.1725e-14
887 2 0 1.21319e-12 2.05988e-14
887 2 1 0 0
887 2 2 -0.00156608 1.23647e-10
887 2 3 0 0
887 3 0 0 0
887 3 1 1.21319e-12 2.05988e-14
887 3 2 0 0
887 3 3 -0.00156608 1.23647e-10
888 0 0 -0.0015927 1.60499e-10
888 0 1 0 0
888 0 2 1.12243e-12 -2.82028e-14
888 0 3 0 0
888 1 0 0 0
888 1 1 -0.0015927 1.60499e-10
888 1 2 0 0
888 1 3 1.12243e-12 -2.82028e-14
888 2 0 1.22098e-12 2.67159e-14
888 2 1 0 0
888 2 2 -0.0015927 1.60622e-10
888 2 3 0 0
888 3 0 0 0
888 3 1 1.22098e-12 2.67159e-14
888 3 2 0 0
888 3 3 -0.0015927 1.60622e-10
889 0 0 -0.00161982 1.92012e-10
889 0 1 0 0
889 0 2 1.1087e-12 -3.37257e-14
889 0 3 0 0
889 1 0 0 0
889 1 1 -0.00161982 1.92012e-10
889 1 2 0 0
889 1 3 1.1087e-12 -3.37257e-14
889 2 0 1.22644e-12 3.1928e-14
889 2 1 0 0
889 2 2 -0.00161982 1.92159e-10
889 2 3 0 0
889 3 0 0 0
889 3 1 1.22644e-12 3.1928e-14
889 3 2 0 0
889 3 3 -0.00161982 1.92159e-10
890 0 0 -0.00164744 2.1649e-10
890 0 1 0 0
890 0 2 1.09636e-12 -3.80134e-14
890 0 3 0 0
890 1 0 0 0
890 1 1 -0.00164744 2.1649e-10
890 1 2 0 0
890 1 3 1.09636e-12 -3.80134e-14
890 2 0 1.22897e-12 3.59702e-14
890 2 1 0 0
890 2 2 -0.00164744 2.16657e-10
890 2 3 0 0
890 3 0 0 0
890 3 1 1.22897e-12 3.59702e-14
890 3 2 0 0
890 3 3 -0.00164744 2.16657e-10
891 0 0 -0.00167558 2.32551e-10
891 0 1 0 0
891 0 2 1.08573e-12 -4.08235e-14
891 0 3 0 0
891 1 0 0 0
891 1 1 -0.00167558 2.32551e-10
891 1 2 0 0
891 1 3 1.08573e-12 -4.08235e-14
891 2 0 1.22806e-12 3.86138e-14
891 2 1 0 0
891 2 2 -0.00167558 2.32731e-10
891 2 3 0 0
891 3 0 0 0
891 3 1 1.22806e-12 3.86138e-14
891 3 2 0 0
891 3 3 -0.00167558 2.32731e-10
892 0 0 -0.00170424 2.39112e-10
892 0 1 0 0
892 0 2 1.07708e-12 -4.1966e-14
892 0 3 0 0
892 1 0 0 0
892 1 1 -0.00170424 2.39112e-10
892 1 2 0 0
892 1 3 1.07708e-12 -4.1966e-14
892 2 0 1.22331e-12 3.96799e-14
892 2 1 0 0
892 2 2 -0.00170424 2.39297e-10
892 2 3 0 0
892 3 0 0 0
892 3 1 1.22331e-12 3.96799e-14
892 3 2 0 0
892 3 3 -0.00170424 2.39297e-10
893 0 0 -0.00173343 2.35465e-10
893 0 1 0 0
893 0 2 1.07057e-12 -4.13173e-14
893 0 3 0 0
893 1 0 0 0
893 1 1 -0.00173343 2.35465e-10
893 1 2 0 0
893 1 3 1.07057e-12 -4.13173e-14
893 2 0 1.21445e-12 3.9052e-14
893 2 1 0 0
893 2 2 -0.00173343 2.35648e-10
893 2 3 0 0
893 3 0 0 0
893 3 1 1.21445e-12 3.9052e-14
893 3 2 0 0
893 3 3 -0.00173343 2.35648e-10
894 0 0 -0.00176318 2.21346e-10
894 0 1 0 0
894 0 2 1.06627e-12 -3.88314e-14
894 0 3 0 0
894 1 0 0 0
894 1 1 -0.00176318 2.21346e-10
894 1 2 0 0
894 1 3 1.06627e-12 -3.88314e-14
894 2 0 1.20141e-12 3.66873e-14
894 2 1 0 0
894 2 2 -0.00176318 2.21518e-10
894 2 3 0 0
894 3 0 0 0
894 3 1 1.20141e-12 3.66873e-14
894 3 2 0 0
894 3 3 -0.00176318 2.21518e-10
895 0 0 -0.00179348 1.96983e-10
895 0 1 0 0
895 0 2 1.06414e-12 -3.45488e-14
895 0 3 0 0
895 1 0 0 0
895 1 1 -0.00179348 1.96983e-10
895 1 2 0 0
895 1 3 1.06414e-12 -3.45488e-14
895 2 0 1.18427e-12 3.26249e-14
895 2 1 0 0
895 2 2 -0.00179348 1.97137e-10
895 2 3 0 0
895 3 0 0 0
895 3 1 1.18427e-12 3.26249e-14
895 3 2 0 0
895 3 3 -0.00179348 1.97137e-10
896 0 0 -0.00182435 1.63128e-10
896 0 1 0 0
896 0 2 1.06401e-12 -2.86019e-14
896 0 3 0 0
896 1 0 0 0
896 1 1 -0.00182435 1.63128e-10
896 1 2 0 0
896 1 3 1.06401e-12 -2.86019e-14
896 2 0 1.16334e-12 2.69905e-14
896 2 1 0 0
896 2 2 -0.00182435 1.63256e-10
896 2 3 0 0
896 3 0 0 0
896 3 1 1.16334e-12 2.69905e-14
896 3 2 0 0
896 3 3 -0.00182435 1.63256e-10
897 0 0 -0.00185581 1.21063e-10
897 0 1 0 0
897 0 2 1.06558e-12 -2.12156e-14
897 0 3 0 0
897 1 0 0 0
897 1 1 -0.00185581 1.21063e-10
897 1 2 0 0
897 1 3 1.06558e-12 -2.12156e-14
897 2 0 1.13912e-12 1.99977e-14
897 2 1 0 0
897 2 2 -0.00185581 1.21158e-10
897 2 3 0 0
897 3 0 0 0
897 3 1 1.13912e-12 1.99977e-14
897 3 2 0 0
897 3 3 -0.00185581 1.21158e-10
898 0 0 -0.00188786 7.25728e-11
898 0 1 0 0
898 0 2 1.06846e-12 -1.2704e-14
898 0 3 0 0
898 1 0 0 0
898 1 1 -0.00188786 7.25728e-11
898 1 2 0 0
898 1 3 1.06846e-12 -1.2704e-14
898 2 0 1.1123e-12 1.19438e-14
898 2 1 0 0
898 2 2 -0.00188786 7.26306e-11
898 2 3 0 0
898 3 0 0 0
898 3 1 1.1123e-12 1.19438e-14
898 3 2 0 0
898 3 3 -0.00188786 7.26306e-11
899 0 0 -0.00192052 1.99005e-11
899 0 1 0 0
899 0 2 1.07213e-12 -3.46053e-15
899 0 3 0 0
899 1 0 0 0
899 1 1 -0.00192052 1.99005e-11
899 1 2 0 0
899 1 3 1.07213e-12 -3.46053e-15
899 2 0 1.08373e-12 3.20131e-15
899 2 1 0 0
899 2 2 -0.00192052 1.99177e-11
899 2 3 0 0
899 3 0 0 0
899 3 1 1.08373e-12 3.20131e-15
899 3 2 0 0
899 3 3 -0.00192052 1.99177e-11
900 0 0 -0.0019538 -3.43428e-11
900 0 1 0 0
900 0 2 1.07598e-12 6.05638e-15
900 0 3 0 0
900 1 0 0 0
900 1 1 -0.0019538 -3.43428e-11
900 1 2 0 0
900 1 3 1.07598e-12 6.05638e-15
900 2 0 1.05442e-12 -5.79601e-15
900 2 1 0 0
900 2 2 -0.0019538 -3.43675e-11
900 2 3 0 0
900 3 0 0 0
900 3 1 1.05442e-12 -5.79601e-15
900 3 2 0 0
900 3 3 -0.0019538 -3.43675e-11
901 0 0 -0.00198772 -8.72895e-11
901 0 1 0 0
901 0 2 1.07936e-12 1.53436e-14
901 0 3 0 0
901 1 0 0 0
901 1 1 -0.00198772 -8.72895e-11
901 1 2 0 0
901 1 3 1.07936e-12 1.53436e-14
901 2 0 1.02546e-12 -1.45723e-14
901 2 1 0 0
901 2 2 -0.00198772 -8.73554e-11
901 2 3 0 0
901 3 0 0 0
901 3 1 1.02546e-12 -1.45723e-14
901 3 2 0 0
901 3 3 -0.00198772 -8.73554e-11
902 0 0 -0.00202228 -1.35958e-10
902 0 1 0 0
902 0 2 1.08156e-12 2.38779e-14
902 0 3 0 0
902 1 0 0 0
902 1 1 -0.00202228 -1.35958e-10
902 1 2 0 0
902 1 3 1.08156e-12 2.38779e-14
902 2 0 9.97971e-13 -2.26331e-14
902 2 1 0 0
902 2 2 -0.00202228 -1.36062e-10
902 2 3 0 0
902 3 0 0 0
902 3 1 9.97971e-13 -2.26331e-14
902 3 2 0 0
902 3 3 -0.00202228 -1.36062e-10
903 0 0 -0.00205751 -1.77417e-10
903 0 1 0 0
903 0 2 1.08192e-12 3.11453e-14
903 0 3 0 0
903 1 0 0 0
903 1 1 -0.00205751 -1.77417e-10
903 1 2 0 0
903 1 3 1.08192e-12 3.11453e-14
903 2 0 9.73069e-13 -2.94926e-14
903 2 1 0 0
903 2 2 -0.00205751 -1.77553e-10
903 2 3 0 0
903 3 0 0 0
903 3 1 9.73069e-13 -2.94926e-14
903 3 2 0 0
903 3 3 -0.00205751 -1.77553e-10
904 0 0 -0.00209342 -2.08966e-10
904 0 1 0 0
904 0 2 1.07979e-12 3.66721e-14
904 0 3 0 0
904 1 0 0 0
904 1 1 -0.00209342 -2.08966e-10
904 1 2 0 0
904 1 3 1.07979e-12 3.66721e-14
904 2 0 9.51768e-13 -3.47036e-14
904 2 1 0 0
904 2 2 -0.00209342 -2.09127e-10
904 2 3 0 0
904 3 0 0 0
904 3 1 9.51768e-13 -3.47036e-14
904 3 2 0 0
904 3 3 -0.00209342 -2.09127e-10
905 0 0 -0.00213002 -2.2832e-10
905 0 1 0 0
905 0 2 1.07465e-12 4.00579e-14
905 0 3 0 0
905 1 0 0 0
905 1 1 -0.00213002 -2.2832e-10
905 1 2 0 0
905 1 3 1.07465e-12 4.00579e-14
905 2 0 9.34924e-13 -3.78882e-14
905 2 1 0 0
905 2 2 -0.00213002 -2.28496e-10
905 2 3 0 0
905 3 0 0 0
905 3 1 9.34924e-13 -3.78882e-14
905 3 2 0 0
905 3 3 -0.00213002 -2.28496e-10
906 0 0 -0.00216733 -2.33793e-10
906 0 1 0 0
906 0 2 1.0661e-12 4.10074e-14
906 0 3 0 0
906 1 0 0 0
906 1 1 -0.00216733 -2.33793e-10
906 1 2 0 0
906 1 3 1.0661e-12 4.10074e-14
906 2 0 9.23162e-13 -3.87681e-14
906 2 1 0 0
906 2 2 -0.00216733 -2.33974e-10
906 2 3 0 0
906 3 0 0 0
906 3 1 9.23162e-13 -3.87681e-14
906 3 2 0 0
906 3 3 -0.00216733 -2.33974e-10
907 0 0 -0.00220536 -2.24458e-10
907 0 1 0 0
907 0 2 1.0539e-12 3.93587e-14
907 0 3 0 0
907 1 0 0 0
907 1 1 -0.00220536 -2.24458e-10
907 1 2 0 0
907 1 3 1.0539e-12 3.93587e-14
907 2 0 9.16814e-13 -3.71915e-14
907 2 1 0 0
907 2 2 -0.00220536 -2.24632e-10
907 2 3 0 0
907 3 0 0 0
907 3 1 9.16814e-13 -3.71915e-14
907 3 2 0 0
907 3 3 -0.00220536 -2.24632e-10
908 0 0 -0.00224414 -2.00284e-10
908 0 1 0 0
908 0 2 1.03805e-12 3.5107e-14
908 0 3 0 0
908 1 0 0 0
908 1 1 -0.00224414 -2.00284e-10
908 1 2 0 0
908 1 3 1.03805e-12 3.5107e-14
908 2 0 9.15876e-13 -3.31547e-14
908 2 1 0 0
908 2 2 -0.00224414 -2.0044e-10
908 2 3 0 0
908 3 0 0 0
908 3 1 9.15876e-13 -3.31547e-14
908 3 2 0 0
908 3 3 -0.00224414 -2.0044e-10
909 0 0 -0.00228367 -1.6222e-10
909 0 1 0 0
909 0 2 1.01875e-12 2.84193e-14
909 0 3 0 0
909 1 0 0 0
909 1 1 -0.00228367 -1.6222e-10
909 1 2 0 0
909 1 3 1.01875e-12 2.84193e-14
909 2 0 9.19967e-13 -2.68171e-14
909 2 1 0 0
909 2 2 -0.00228367 -1.62347e-10
909 2 3 0 0
909 3 0 0 0
909 3 1 9.19967e-13 -2.68171e-14
909 3 2 0 0
909 3 3 -0.00228367 -1.62347e-10
910 0 0 -0.00232398 -1.12225e-10
910 0 1 0 0
910 0 2 9.96457e-13 1.964e-14
910 0 3 0 0
910 1 0 0 0
910 1 1 -0.00232398 -1.12225e-10
910 1 2 0 0
910 1 3 9.96457e-13 1.964e-14
910 2 0 9.28328e-13 -1.85054e-14
910 2 1 0 0
910 2 2 -0.00232398 -1.12313e-10
910 2 3 0 0
910 3 0 0 0
910 3 1 9.28328e-13 -1.85054e-14
910 3 2 0 0
910 3 3 -0.00232398 -1.12313e-10
911 0 0 -0.00236509 -5.32295e-11
911 0 1 0 0
911 0 2 9.71835e-13 9.28402e-15
911 0 3 0 0
911 1 0 0 0
911 1 1 -0.00236509 -5.32295e-11
911 1 2 0 0
911 1 3 9.71835e-13 9.28402e-15
911 2 0 9.39831e-13 -8.70726e-15
911 2 1 0 0
911 2 2 -0.00236509 -5.32723e-11
911 2 3 0 0
911 3 0 0 0
911 3 1 9.39831e-13 -8.70726e-15
911 3 2 0 0
911 3 3 -0.00236509 -5.32723e-11
912 0 0 -0.002407 1.09755e-11
912 0 1 0 0
912 0 2 9.45762e-13 -1.98314e-15
912 0 3 0 0
912 1 0 0 0
912 1 1 -0.002407 1.09755e-11
912 1 2 0 0
912 1 3 9.45762e-13 -1.98314e-15
912 2 0 9.5303e-13 1.94727e-15
912 2 1 0 0
912 2 2 -0.002407 1.09823e-11
912 2 3 0 0
912 3 0 0 0
912 3 1 9.5303e-13 1.94727e-15
912 3 2 0 0
912 3 3 -0.002407 1.09823e-11
913 0 0 -0.00244975 7.59331e-11
913 0 1 0 0
913 0 2 9.19272e-13 -1.33792e-14
913 0 3 0 0
913 1 0 0 0
913 1 1 -0.00244975 7.59331e-11
913 1 2 0 0
913 1 3 9.19272e-13 -1.33792e-14
913 2 0 9.66229e-13 1.27182e-14
913 2 1 0 0
913 2 2 -0.00244975 7.59901e-11
913 2 3 0 0
913 3 0 0 0
913 3 1 9.66229e-13 1.27182e-14
913 3 2 0 0
913 3 3 -0.00244975 7.59901e-11
914 0 0 -0.00249335 1.36786e-10
914 0 1 0 0
914 0 2 8.93498e-13 -2.40518e-14
914 0 3 0 0
914 1 0 0 0
914 1 1 -0.00249335 1.36786e-10
914 1 2 0 0
914 1 3 8.93498e-13 -2.40518e-14
914 2 0 9.77589e-13 2.27995e-14
914 2 1 0 0
914 2 2 -0.00249335 1.3689e-10
914 2 3 0 0
914 3 0 0 0
914 3 1 9.77589e-13 2.27995e-14
914 3 2 0 0
914 3 3 -0.00249335 1.3689e-10
915 0 0 -0.00253783 1.88607e-10
915 0 1 0 0
915 0 2 8.69589e-13 -3.31368e-14
915 0 3 0 0
915 1 0 0 0
915 1 1 -0.00253783 1.88607e-10
915 1 2 0 0
915 1 3 8.69589e-13 -3.31368e-14
915 2 0 9.85253e-13 3.13747e-14
915 2 1 0 0
915 2 2 -0.00253783 1.88752e-10
915 2 3 0 0
915 3 0 0 0
915 3 1 9.85253e-13 3.13747e-14
915 3 2 0 0
915 3 3 -0.00253783 1.88752e-10
916 0 0 -0.00258319 2.26783e-10
916 0 1 0 0
916 0 2 8.48632e-13 -3.98251e-14
916 0 3 0 0
916 1 0 0 0
916 1 1 -0.00258319 2.26783e-10
916 1 2 0 0
916 1 3 8.48632e-13 -3.98251e-14
916 2 0 9.87492e-13 3.76795e-14
916 2 1 0 0
916 2 2 -0.00258319 2.26958e-10
916 2 3 0 0
916 3 0 0 0
916 3 1 9.87492e-13 3.76795e-14
916 3 2 0 0
916 3 3 -0.00258319 2.26958e-10
917 0 0 -0.00262947 2.47419e-10
917 0 1 0 0
917 0 2 8.31547e-13 -4.34338e-14
917 0 3 0 0
917 1 0 0 0
917 1 1 -0.00262947 2.47419e-10
917 1 2 0 0
917 1 3 8.31547e-13 -4.34338e-14
917 2 0 9.82855e-13 4.10696e-14
917 2 1 0 0
917 2 2 -0.00262947 2.4761e-10
917 2 3 0 0
917 3 0 0 0
917 3 1 9.82855e-13 4.10696e-14
917 3 2 0 0
917 3 3 -0.00262947 2.4761e-10
918 0 0 -0.00267669 2.47734e-10
918 0 1 0 0
918 0 2 8.19004e-13 -4.34761e-14
918 0 3 0 0
918 1 0 0 0
918 1 1 -0.00267669 2.47734e-10
918 1 2 0 0
918 1 3 8.19004e-13 -4.34761e-14
918 2 0 9.70324e-13 4.10864e-14
918 2 1 0 0
918 2 2 -0.00267669 2.47926e-10
918 2 3 0 0
918 3 0 0 0
918 3 1 9.70324e-13 4.10864e-14
918 3 2 0 0
918 3 3 -0.00267669 2.47926e-10
919 0 0 -0.00272487 2.26426e-10
919 0 1 0 0
919 0 2 8.11331e-13 -3.97243e-14
919 0 3 0 0
919 1 0 0 0
919 1 1 -0.00272487 2.26426e-10
919 1 2 0 0
919 1 3 8.11331e-13 -3.97243e-14
919 2 0 9.49447e-13 3.75164e-14
919 2 1 0 0
919 2 2 -0.00272487 2.26602e-10
919 2 3 0 0
919 3 0 0 0
919 3 1 9.49447e-13 3.75164e-14
919 3 2 0 0
919 3 3 -0.00272487 2.26602e-10
920 0 0 -0.00277404 1.83943e-10
920 0 1 0 0
920 0 2 8.08452e-13 -3.22584e-14
920 0 3 0 0
920 1 0 0 0
920 1 1 -0.00277404 1.83943e-10
920 1 2 0 0
920 1 3 8.08452e-13 -3.22584e-14
920 2 0 9.20436e-13 3.04373e-14
920 2 1 0 0
920 2 2 -0.00277404 1.84086e-10
920 2 3 0 0
920 3 0 0 0
920 3 1 9.20436e-13 3.04373e-14
920 3 2 0 0
920 3 3 -0.00277404 1.84086e-10
921 0 0 -0.00282421 1.22647e-10
921 0 1 0 0
921 0 2 8.09848e-13 -2.14938e-14
921 0 3 0 0
921 1 0 0 0
921 1 1 -0.00282421 1.22647e-10
921 1 2 0 0
921 1 3 8.09848e-13 -2.14938e-14
921 2 0 8.84233e-13 2.02439e-14
921 2 1 0 0
921 2 2 -0.00282421 1.22743e-10
921 2 3 0 0
921 3 0 0 0
921 3 1 8.84233e-13 2.02439e-14
921 3 2 0 0
921 3 3 -0.00282421 1.22743e-10
922 0 0 -0.00287543 4.68145e-11
922 0 1 0 0
922 0 2 8.14554e-13 -8.1819e-15
922 0 3 0 0
922 1 0 0 0
922 1 1 -0.00287543 4.68145e-11
922 1 2 0 0
922 1 3 8.14554e-13 -8.1819e-15
922 2 0 8.425e-13 7.64846e-15
922 2 1 0 0
922 2 2 -0.00287543 4.68528e-11
922 2 3 0 0
922 3 0 0 0
922 3 1 8.425e-13 7.64846e-15
922 3 2 0 0
922 3 3 -0.00287543 4.68528e-11
923 0 0 -0.0029277 -3.75352e-11
923 0 1 0 0
923 0 2 8.21196e-13 6.62045e-15
923 0 3 0 0
923 1 0 0 0
923 1 1 -0.0029277 -3.75352e-11
923 1 2 0 0
923 1 3 8.21196e-13 6.62045e-15
923 2 0 7.97556e-13 -6.34852e-15
923 2 1 0 0
923 2 2 -0.0029277 -3.75621e-11
923 2 3 0 0
923 3 0 0 0
923 3 1 7.97556e-13 -6.34852e-15
923 3 2 0 0
923 3 3 -0.0029277 -3.75621e-11
924 0 0 -0.00298107 -1.23015e-10
924 0 1 0 0
924 0 2 8.28079e-13 2.16164e-14
924 0 3 0 0
924 1 0 0 0
924 1 1 -0.00298107 -1.23015e-10
924 1 2 0 0
924 1 3 8.28079e-13 2.16164e-14
924 2 0 7.52227e-13 -2.05202e-14
924 2 1 0 0
924 2 2 -0.00298107 -1.23108e-10
924 2 3 0 0
924 3 0 0 0
924 3 1 7.52227e-13 -2.05202e-14
924 3 2 0 0
924 3 3 -0.00298107 -1.23108e-10
925 0 0 -0.00303556 -2.01427e-10
925 0 1 0 0
925 0 2 8.33313e-13 3.53678e-14
925 0 3 0 0
925 1 0 0 0
925 1 1 -0.00303556 -2.01427e-10
925 1 2 0 0
925 1 3 8.33313e-13 3.53678e-14
925 2 0 7.09632e-13 -3.35066e-14
925 2 1 0 0
925 2 2 -0.00303556 -2.01581e-10
925 2 3 0 0
925 3 0 0 0
925 3 1 7.09632e-13 -3.35066e-14
925 3 2 0 0
925 3 3 -0.00303556 -2.01581e-10
926 0 0 -0.00309121 -2.64495e-10
926 0 1 0 0
926 0 2 8.34978e-13 4.64226e-14
926 0 3 0 0
926 1 0 0 0
926 1 1 -0.00309121 -2.64495e-10
926 1 2 0 0
926 1 3 8.34978e-13 4.64226e-14
926 2 0 6.72909e-13 -4.3936e-14
926 2 1 0 0
926 2 2 -0.00309121 -2.64699e-10
926 2 3 0 0
926 3 0 0 0
926 3 1 6.72909e-13 -4.3936e-14
926 3 2 0 0
926 3 3 -0.00309121 -2.64699e-10
927 0 0 -0.00314803 -3.04712e-10
927 0 1 0 0
927 0 2 8.31329e-13 5.34644e-14
927 0 3 0 0
927 1 0 0 0
927 1 1 -0.00314803 -3.04712e-10
927 1 2 0 0
927 1 3 8.31329e-13 5.34644e-14
927 2 0 6.44887e-13 -5.05653e-14
927 2 1 0 0
927 2 2 -0.00314803 -3.04947e-10
927 2 3 0 0
927 3 0 0 0
927 3 1 6.44887e-13 -5.05653e-14
927 3 2 0 0
927 3 3 -0.00314803 -3.04947e-10
928 0 0 -0.00320607 -3.16232e-10
928 0 1 0 0
928 0 2 8.20994e-13 5.54686e-14
928 0 3 0 0
928 1 0 0 0
928 1 1 -0.00320607 -3.16232e-10
928 1 2 0 0
928 1 3 8.20994e-13 5.54686e-14
928 2 0 6.27749e-13 -5.24285e-14
928 2 1 0 0
928 2 2 -0.00320607 -3.16476e-10
928 2 3 0 0
928 3 0 0 0
928 3 1 6.27749e-13 -5.24285e-14
928 3 2 0 0
928 3 3 -0.00320607 -3.16476e-10
929 0 0 -0.00326536 -2.95725e-10
929 0 1 0 0
929 0 2 8.03181e-13 5.1853e-14
929 0 3 0 0
929 1 0 0 0
929 1 1 -0.00326536 -2.95725e-10
929 1 2 0 0
929 1 3 8.03181e-13 5.1853e-14
929 2 0 6.22714e-13 -4.8978e-14
929 2 1 0 0
929 2 2 -0.00326536 -2.95955e-10
929 2 3 0 0
929 3 0 0 0
929 3 1 6.22714e-13 -4.8978e-14
929 3 2 0 0
929 3 3 -0.00326536 -2.95955e-10
930 0 0 -0.00332594 -2.4308e-10
930 0 1 0 0
930 0 2 7.7784e-13 4.25994e-14
930 0 3 0 0
930 1 0 0 0
930 1 1 -0.00332594 -2.4308e-10
930 1 2 0 0
930 1 3 7.7784e-13 4.25994e-14
930 2 0 6.29774e-13 -4.02004e-14
930 2 1 0 0
930 2 2 -0.00332594 -2.43269e-10
930 2 3 0 0
930 3 0 0 0
930 3 1 6.29774e-13 -4.02004e-14
930 3 2 0 0
930 3 3 -0.00332594 -2.43269e-10
931 0 0 -0.00338784 -1.61837e-10
931 0 1 0 0
931 0 2 7.45768e-13 2.83312e-14
931 0 3 0 0
931 1 0 0 0
931 1 1 -0.00338784 -1.61837e-10
931 1 2 0 0
931 1 3 7.45768e-13 2.83312e-14
931 2 0 6.47535e-13 -2.66886e-14
931 2 1 0 0
931 2 2 -0.00338784 -1.61964e-10
931 2 3 0 0
931 3 0 0 0
931 3 1 6.47535e-13 -2.66886e-14
931 3 2 0 0
931 3 3 -0.00338784 -1.61964e-10
932 0 0 -0.00345111 -5.92615e-11
932 0 1 0 0
932 0 2 7.08632e-13 1.03248e-14
932 0 3 0 0
932 1 0 0 0
932 1 1 -0.00345111 -5.92615e-11
932 1 2 0 0
932 1 3 7.08632e-13 1.03248e-14
932 2 0 6.73197e-13 -9.65239e-15
932 2 1 0 0
932 2 2 -0.00345111 -5.93098e-11
932 2 3 0 0
932 3 0 0 0
932 3 1 6.73197e-13 -9.65239e-15
932 3 2 0 0
932 3 3 -0.00345111 -5.93098e-11
933 0 0 -0.00351578 5.40388e-11
933 0 1 0 0
933 0 2 6.68881e-13 -9.55727e-15
933 0 3 0 0
933 1 0 0 0
933 1 1 -0.00351578 5.40388e-11
933 1 2 0 0
933 1 3 6.68881e-13 -9.55727e-15
933 2 0 7.02709e-13 9.14492e-15
933 2 1 0 0
933 2 2 -0.00351578 5.4078e-11
933 2 3 0 0
933 3 0 0 0
933 3 1 7.02709e-13 9.14492e-15
933 3 2 0 0
933 3 3 -0.00351578 5.4078e-11
934 0 0 -0.00358189 1.64985e-10
934 0 1 0 0
934 0 2 6.2955e-13 -2.90194e-14
934 0 3 0 0
934 1 0 0 0
934 1 1 -0.00358189 1.64985e-10
934 1 2 0 0
934 1 3 6.2955e-13 -2.90194e-14
934 2 0 7.31104e-13 2.7532e-14
934 2 1 0 0
934 2 2 -0.00358189 1.6511e-10
934 2 3 0 0
934 3 0 0 0
934 3 1 7.31104e-13 2.7532e-14
934 3 2 0 0
934 3 3 -0.00358189 1.6511e-10
935 0 0 -0.0036495 2.59372e-10
935 0 1 0 0
935 0 2 5.93954e-13 -4.55692e-14
935 0 3 0 0
935 1 0 0 0
935 1 1 -0.0036495 2.59372e-10
935 1 2 0 0
935 1 3 5.93954e-13 -4.55692e-14
935 2 0 7.53017e-13 4.3153e-14
935 2 1 0 0
935 2 2 -0.0036495 2.59571e-10
935 2 3 0 0
935 3 0 0 0
935 3 1 7.53017e-13 4.3153e-14
935 3 2 0 0
935 3 3 -0.0036495 2.59571e-10
936 0 0 -0.00371864 3.23601e-10
936 0 1 0 0
936 0 2 5.65284e-13 -5.68217e-14
936 0 3 0 0
936 1 0 0 0
936 1 1 -0.00371864 3.23601e-10
936 1 2 0 0
936 1 3 5.65284e-13 -5.68217e-14
936 2 0 7.63345e-13 5.37554e-14
936 2 1 0 0
936 2 2 -0.00371864 3.23851e-10
936 2 3 0 0
936 3 0 0 0
936 3 1 7.63345e-13 5.37554e-14
936 3 2 0 0
936 3 3 -0.00371864 3.23851e-10
937 0 0 -0.00378938 3.46638e-10
937 0 1 0 0
937 0 2 5.46154e-13 -6.08424e-14
937 0 3 0 0
937 1 0 0 0
937 1 1 -0.00378938 3.46638e-10
937 1 2 0 0
937 1 3 5.46154e-13 -6.08424e-14
937 2 0 7.57986e-13 5.75143e-14
937 2 1 0 0
937 2 2 -0.00378938 3.46906e-10
937 2 3 0 0
937 3 0 0 0
937 3 1 7.57986e-13 5.75143e-14
937 3 2 0 0
937 3 3 -0.00378938 3.46906e-10
938 0 0 -0.00386175 3.21948e-10
938 0 1 0 0
938 0 2 5.38153e-13 -5.64874e-14
938 0 3 0 0
938 1 0 0 0
938 1 1 -0.00386175 3.21948e-10
938 1 2 0 0
938 1 3 5.38153e-13 -5.64874e-14
938 2 0 7.34575e-13 5.33536e-14
938 2 1 0 0
938 2 2 -0.00386175 3.22198e-10
938 2 3 0 0
938 3 0 0 0
938 3 1 7.34575e-13 5.33536e-14
938 3 2 0 0
938 3 3 -0.00386175 3.22198e-10
939 0 0 -0.00393582 2.49123e-10
939 0 1 0 0
939 0 2 5.41454e-13 -4.36884e-14
939 0 3 0 0
939 1 0 0 0
939 1 1 -0.00393582 2.49123e-10
939 1 2 0 0
939 1 3 5.41454e-13 -4.36884e-14
939 2 0 6.93083e-13 4.12149e-14
939 2 1 0 0
939 2 2 -0.00393582 2.49318e-10
939 2 3 0 0
939 3 0 0 0
939 3 1 6.93083e-13 4.12149e-14
939 3 2 0 0
939 3 3 -0.00393582 2.49318e-10
940 0 0 -0.00401164 1.34875e-10
940 0 1 0 0
940 0 2 5.54584e-13 -2.36261e-14
940 0 3 0 0
940 1 0 0 0
940 1 1 -0.00401164 1.34875e-10
940 1 2 0 0
940 1 3 5.54584e-13 -2.36261e-14
940 2 0 6.36185e-13 2.22206e-14
940 2 1 0 0
940 2 2 -0.00401164 1.34982e-10
940 2 3 0 0
940 3 0 0 0
940 3 1 6.36185e-13 2.22206e-14
940 3 2 0 0
940 3 3 -0.00401164 1.34982e-10
941 0 0 -0.00408928 -6.91601e-12
941 0 1 0 0
941 0 2 5.744e-13 1.26137e-15
941 0 3 0 0
941 1 0 0 0
941 1 1 -0.00408928 -6.91601e-12
941 1 2 0 0
941 1 3 5.744e-13 1.26137e-15
941 2 0 5.69259e-13 -1.31885e-15
941 2 1 0 0
941 2 2 -0.00408928 -6.91838e-12
941 2 3 0 0
941 3 0 0 0
941 3 1 5.69259e-13 -1.31885e-15
941 3 2 0 0
941 3 3 -0.00408928 -6.91838e-12
942 0 0 -0.00416879 -1.56312e-10
942 0 1 0 0
942 0 2 5.96334e-13 2.74734e-14
942 0 3 0 0
942 1 0 0 0
942 1 1 -0.00416879 -1.56312e-10
942 1 2 0 0
942 1 3 5.96334e-13 2.74734e-14
942 2 0 4.9995e-13 -2.60907e-14
942 2 1 0 0
942 2 2 -0.00416879 -1.5643e-10
942 2 3 0 0
942 3 0 0 0
942 3 1 4.9995e-13 -2.60907e-14
942 3 2 0 0
942 3 3 -0.00416879 -1.5643e-10
943 0 0 -0.00425026 -2.89664e-10
943 0 1 0 0
943 0 2 6.14934e-13 5.086e-14
943 0 3 0 0
943 1 0 0 0
943 1 1 -0.00425026 -2.89664e-10
943 1 2 0 0
943 1 3 6.14934e-13 5.086e-14
943 2 0 4.37259e-13 -4.81712e-14
943 2 1 0 0
943 2 2 -0.00425026 -2.89886e-10
943 2 3 0 0
943 3 0 0 0
943 3 1 4.37259e-13 -4.81712e-14
943 3 2 0 0
943 3 3 -0.00425026 -2.89886e-10
944 0 0 -0.00433374 -3.83082e-10
944 0 1 0 0
944 0 2 6.24656e-13 6.72303e-14
944 0 3 0 0
944 1 0 0 0
944 1 1 -0.00433374 -3.83082e-10
944 1 2 0 0
944 1 3 6.24656e-13 6.72303e-14
944 2 0 3.90224e-13 -6.36011e-14
944 2 1 0 0
944 2 2 -0.00433374 -3.83377e-10
944 2 3 0 0
944 3 0 0 0
944 3 1 3.90224e-13 -6.36011e-14
944 3 2 0 0
944 3 3 -0.00433374 -3.83377e-10
945 0 0 -0.00441932 -4.16641e-10
945 0 1 0 0
945 0 2 6.20845e-13 7.3091e-14
945 0 3 0 0
945 1 0 0 0
945 1 1 -0.00441932 -4.16641e-10
945 1 2 0 0
945 1 3 6.20845e-13 7.3091e-14
945 2 0 3.66316e-13 -6.90844e-14
945 2 1 0 0
945 2 2 -0.00441932 -4.16963e-10
945 2 3 0 0
945 3 0 0 0
945 3 1 3.66316e-13 -6.90844e-14
945 3 2 0 0
945 3 3 -0.00441932 -4.16963e-10
946 0 0 -0.00450707 -3.78714e-10
946 0 1 0 0
946 0 2 6.00738e-13 6.64062e-14
946 0 3 0 0
946 1 0 0 0
946 1 1 -0.00450707 -3.78714e-10
946 1 2 0 0
946 1 3 6.00738e-13 6.64062e-14
946 2 0 3.69813e-13 -6.27056e-14
946 2 1 0 0
946 2 2 -0.00450707 -3.79008e-10
946 2 3 0 0
946 3 0 0 0
946 3 1 3.69813e-13 -6.27056e-14
946 3 2 0 0
946 3 3 -0.00450707 -3.79008e-10
947 0 0 -0.00459709 -2.69592e-10
947 0 1 0 0
947 0 2 5.64323e-13 4.72321e-14
947 0 3 0 0
947 1 0 0 0
947 1 1 -0.00459709 -2.69592e-10
947 1 2 0 0
947 1 3 5.64323e-13 4.72321e-14
947 2 0 4.00443e-13 -4.45289e-14
947 2 1 0 0
947 2 2 -0.00459709 -2.69803e-10
947 2 3 0 0
947 3 0 0 0
947 3 1 4.00443e-13 -4.45289e-14
947 3 2 0 0
947 3 3 -0.00459709 -2.69803e-10
948 0 0 -0.00468947 -1.03474e-10
948 0 1 0 0
948 0 2 5.14809e-13 1.80657e-14
948 0 3 0 0
948 1 0 0 0
948 1 1 -0.00468947 -1.03474e-10
948 1 2 0 0
948 1 3 5.14809e-13 1.80657e-14
948 2 0 4.52663e-13 -1.69252e-14
948 2 1 0 0
948 2 2 -0.00468947 -1.03558e-10
948 2 3 0 0
948 3 0 0 0
948 3 1 4.52663e-13 -1.69252e-14
948 3 2 0 0
948 3 3 -0.00468947 -1.03558e-10
949 0 0 -0.0047843 9.20285e-11
949 0 1 0 0
949 0 2 4.58545e-13 -1.6244e-14
949 0 3 0 0
949 1 0 0 0
949 1 1 -0.0047843 9.20285e-11
949 1 2 0 0
949 1 3 4.58545e-13 -1.6244e-14
949 2 0 5.15888e-13 1.55129e-14
949 2 1 0 0
949 2 2 -0.0047843 9.2096e-11
949 2 3 0 0
949 3 0 0 0
949 3 1 5.15888e-13 1.55129e-14
949 3 2 0 0
949 3 3 -0.0047843 9.2096e-11
950 0 0 -0.00488169 2.79414e-10
950 0 1 0 0
950 0 2 4.04213e-13 -4.91143e-14
950 0 3 0 0
950 1 0 0 0
950 1 1 -0.00488169 2.79414e-10
950 1 2 0 0
950 1 3 4.04213e-13 -4.91143e-14
950 2 0 5.75863e-13 4.65591e-14
950 2 1 0 0
950 2 2 -0.00488169 2.79627e-10
950 2 3 0 0
950 3 0 0 0
950 3 1 5.75863e-13 4.65591e-14
950 3 2 0 0
950 3 3 -0.00488169 2.79627e-10
951 0 0 -0.00498175 4.1785e-10
951 0 1 0 0
951 0 2 3.61334e-13 -7.33808e-14
951 0 3 0 0
951 1 0 0 0
951 1 1 -0.00498175 4.1785e-10
951 1 2 0 0
951 1 3 3.61334e-13 -7.33808e-14
951 2 0 6.17179e-13 6.94435e-14
951 2 1 0 0
951 2 2 -0.00498175 4.18171e-10
951 2 3 0 0
951 3 0 0 0
951 3 1 6.17179e-13 6.94435e-14
951 3 2 0 0
951 3 3 -0.00498175 4.18171e-10
952 0 0 -0.00508461 4.72017e-10
952 0 1 0 0
952 0 2 3.3822e-13 -8.28503e-14
952 0 3 0 0
952 1 0 0 0
952 1 1 -0.00508461 4.72017e-10
952 1 2 0 0
952 1 3 3.3822e-13 -8.28503e-14
952 2 0 6.2664e-13 7.83212e-14
952 2 1 0 0
952 2 2 -0.00508461 4.72382e-10
952 2 3 0 0
952 3 0 0 0
952 3 1 6.2664e-13 7.83212e-14
952 3 2 0 0
952 3 3 -0.00508461 4.72382e-10
953 0 0 -0.00519038 4.21678e-10
953 0 1 0 0
953 0 2 3.39746e-13 -7.39788e-14
953 0 3 0 0
953 1 0 0 0
953 1 1 -0.00519038 4.21678e-10
953 1 2 0 0
953 1 3 3.39746e-13 -7.39788e-14
953 2 0 5.9687e-13 6.98578e-14
953 2 1 0 0
953 2 2 -0.00519038 4.22006e-10
953 2 3 0 0
953 3 0 0 0
953 3 1 5.9687e-13 6.98578e-14
953 3 2 0 0
953 3 3 -0.00519038 4.22006e-10
954 0 0 -0.00529922 2.69674e-10
954 0 1 0 0
954 0 2 3.65475e-13 -4.72734e-14
954 0 3 0 0
954 1 0 0 0
954 1 1 -0.00529922 2.69674e-10
954 1 2 0 0
954 1 3 3.65475e-13 -4.72734e-14
954 2 0 5.29303e-13 4.45517e-14
954 2 1 0 0
954 2 2 -0.00529922 2.69885e-10
954 2 3 0 0
954 3 0 0 0
954 3 1 5.29303e-13 4.45517e-14
954 3 2 0 0
954 3 3 -0.00529922 2.69885e-10
955 0 0 -0.00541126 4.56951e-11
955 0 1 0 0
955 0 2 4.08737e-13 -7.95264e-15
955 0 3 0 0
955 1 0 0 0
955 1 1 -0.00541126 4.56951e-11
955 1 2 0 0
955 1 3 4.08737e-13 -7.95264e-15
955 2 0 4.35534e-13 7.35373e-15
955 2 1 0 0
955 2 2 -0.00541126 4.57342e-11
955 2 3 0 0
955 3 0 0 0
955 3 1 4.35534e-13 7.35373e-15
955 3 2 0 0
955 3 3 -0.00541126 4.57342e-11
956 0 0 -0.00552667 -1.965e-10
956 0 1 0 0
956 0 2 4.57228e-13 3.45442e-14
956 0 3 0 0
956 1 0 0 0
956 1 1 -0.00552667 -1.965e-10
956 1 2 0 0
956 1 3 4.57228e-13 3.45442e-14
956 2 0 3.36181e-13 -3.28018e-14
956 2 1 0 0
956 2 2 -0.00552667 -1.96648e-10
956 2 3 0 0
956 3 0 0 0
956 3 1 3.36181e-13 -3.28018e-14
956 3 2 0 0
956 3 3 -0.00552667 -1.96648e-10
957 0 0 -0.00564563 -3.89622e-10
957 0 1 0 0
957 0 2 4.95404e-13 6.84085e-14
957 0 3 0 0
957 1 0 0 0
957 1 1 -0.00564563 -3.89622e-10
957 1 2 0 0
957 1 3 4.95404e-13 6.84085e-14
957 2 0 2.56807e-13 -6.47517e-14
957 2 1 0 0
957 2 2 -0.00564563 -3.89921e-10
957 2 3 0 0
957 3 0 0 0
957 3 1 2.56807e-13 -6.47517e-14
957 3 2 0 0
957 3 3 -0.00564563 -3.89921e-10
958 0 0 -0.00576831 -4.70303e-10
958 0 1 0 0
958 0 2 5.08499e-13 8.25254e-14
958 0 3 0 0
958 1 0 0 0
958 1 1 -0.00576831 -4.70303e-10
958 1 2 0 0
958 1 3 5.08499e-13 8.25254e-14
958 2 0 2.21261e-13 -7.80028e-14
958 2 1 0 0
958 2 2 -0.00576831 -4.70667e-10
958 2 3 0 0
958 3 0 0 0
958 3 1 2.21261e-13 -7.80028e-14
958 3 2 0 0
958 3 3 -0.00576831 -4.70667e-10
959 0 0 -0.00589493 -3.99997e-10
959 0 1 0 0
959 0 2 4.8738e-13 7.01417e-14
959 0 3 0 0
959 1 0 0 0
959 1 1 -0.00589493 -3.99997e-10
959 1 2 0 0
959 1 3 4.8738e-13 7.01417e-14
959 2 0 2.43774e-13 -6.61974e-14
959 2 1 0 0
959 2 2 -0.00589493 -4.00308e-10
959 2 3 0 0
959 3 0 0 0
959 3 1 2.43774e-13 -6.61974e-14
959 3 2 0 0
959 3 3 -0.00589493 -4.00308e-10
960 0 0 -0.0060257 -1.83314e-10
960 0 1 0 0
960 0 2 4.32846e-13 3.20811e-14
960 0 3 0 0
960 1 0 0 0
960 1 1 -0.0060257 -1.83314e-10
960 1 2 0 0
960 1 3 4.32846e-13 3.20811e-14
960 2 0 3.22098e-13 -3.01467e-14
960 2 1 0 0
960 2 2 -0.0060257 -1.83459e-10
960 2 3 0 0
960 3 0 0 0
960 3 1 3.22098e-13 -3.01467e-14
960 3 2 0 0
960 3 3 -0.0060257 -1.83459e-10
961 0 0 -0.00616086 1.23665e-10
961 0 1 0 0
961 0 2 3.57645e-13 -2.18015e-14
961 0 3 0 0
961 1 0 0 0
961 1 1 -0.00616086 1.23665e-10
961 1 2 0 0
961 1 3 3.57645e-13 -2.18015e-14
961 2 0 4.34519e-13 2.08039e-14
961 2 1 0 0
961 2 2 -0.00616086 1.23757e-10
961 2 3 0 0
961 3 0 0 0
961 3 1 4.34519e-13 2.08039e-14
961 3 2 0 0
961 3 3 -0.00616086 1.23757e-10
962 0 0 -0.00630068 4.21751e-10
962 0 1 0 0
962 0 2 2.84648e-13 -7.40921e-14
962 0 3 0 0
962 1 0 0 0
962 1 1 -0.00630068 4.21751e-10
962 1 2 0 0
962 1 3 2.84648e-13 -7.40921e-14
962 2 0 5.43224e-13 7.01784e-14
962 2 1 0 0
962 2 2 -0.00630068 4.22074e-10
962 2 3 0 0
962 3 0 0 0
962 3 1 5.43224e-13 7.01784e-14
962 3 2 0 0
962 3 3 -0.00630068 4.22074e-10
963 0 0 -0.00644543 5.96327e-10
963 0 1 0 0
963 0 2 2.40533e-13 -1.0468e-13
963 0 3 0 0
963 1 0 0 0
963 1 1 -0.00644543 5.96327e-10
963 1 2 0 0
963 1 3 2.40533e-13 -1.0468e-13
963 2 0 6.04955e-13 9.89766e-14
963 2 1 0 0
963 2 2 -0.00644543 5.96788e-10
963 2 3 0 0
963 3 0 0 0
963 3 1 6.04955e-13 9.89766e-14
963 3 2 0 0
963 3 3 -0.00644543 5.96788e-10
964 0 0 -0.00659544 5.59896e-10
964 0 1 0 0
964 0 2 2.45953e-13 -9.82236e-14
964 0 3 0 0
964 1 0 0 0
964 1 1 -0.00659544 5.59896e-10
964 1 2 0 0
964 1 3 2.45953e-13 -9.82236e-14
964 2 0 5.87179e-13 9.27342e-14
964 2 1 0 0
964 2 2 -0.00659544 5.60331e-10
964 2 3 0 0
964 3 0 0 0
964 3 1 5.87179e-13 9.27342e-14
964 3 2 0 0
964 3 3 -0.00659544 5.60331e-10
965 0 0 -0.00675104 2.96311e-10
965 0 1 0 0
965 0 2 3.05219e-13 -5.19133e-14
965 0 3 0 0
965 1 0 0 0
965 1 1 -0.00675104 2.96311e-10
965 1 2 0 0
965 1 3 3.05219e-13 -5.19133e-14
965 2 0 4.84727e-13 4.885e-14
965 2 1 0 0
965 2 2 -0.00675104 2.96545e-10
965 2 3 0 0
965 3 0 0 0
965 3 1 4.84727e-13 4.885e-14
965 3 2 0 0
965 3 3 -0.00675104 2.96545e-10
966 0 0 -0.00691262 -1.13264e-10
966 0 1 0 0
966 0 2 4.0011e-13 1.99839e-14
966 0 3 0 0
966 1 0 0 0
966 1 1 -0.00691262 -1.13264e-10
966 1 2 0 0
966 1 3 4.0011e-13 1.99839e-14
966 2 0 3.29308e-13 -1.91364e-14
966 2 1 0 0
966 2 2 -0.00691262 -1.13346e-10
966 2 3 0 0
966 3 0 0 0
966 3 1 3.29308e-13 -1.91364e-14
966 3 2 0 0
966 3 3 -0.00691262 -1.13346e-10
967 0 0 -0.00708059 -5.02812e-10
967 0 1 0 0
967 0 2 4.92506e-13 8.83199e-14
967 0 3 0 0
967 1 0 0 0
967 1 1 -0.00708059 -5.02812e-10
967 1 2 0 0
967 1 3 4.92506e-13 8.83199e-14
967 2 0 1.84358e-13 -8.36472e-14
967 2 1 0 0
967 2 2 -0.00708059 -5.03197e-10
967 2 3 0 0
967 3 0 0 0
967 3 1 1.84358e-13 -8.36472e-14
967 3 2 0 0
967 3 3 -0.00708059 -5.03197e-10
968 0 0 -0.0072554 -6.81671e-10
968 0 1 0 0
968 0 2 5.38136e-13 1.19641e-13
968 0 3 0 0
968 1 0 0 0
968 1 1 -0.0072554 -6.81671e-10
968 1 2 0 0
968 1 3 5.38136e-13 1.19641e-13
968 2 0 1.21868e-13 -1.13084e-13
968 2 1 0 0
968 2 2 -0.0072554 -6.82198e-10
968 2 3 0 0
968 3 0 0 0
968 3 1 1.21868e-13 -1.13084e-13
968 3 2 0 0
968 3 3 -0.0072554 -6.82198e-10
969 0 0 -0.00743757 -5.29376e-10
969 0 1 0 0
969 0 2 5.08495e-13 9.28338e-14
969 0 3 0 0
969 1 0 0 0
969 1 1 -0.00743757 -5.29376e-10
969 1 2 0 0
969 1 3 5.08495e-13 9.28338e-14
969 2 0 1.86384e-13 -8.7567e-14
969 2 1 0 0
969 2 2 -0.00743757 -5.29789e-10
969 2 3 0 0
969 3 0 0 0
969 3 1 1.86384e-13 -8.7567e-14
969 3 2 0 0
969 3 3 -0.00743757 -5.29789e-10
970 0 0 -0.00762768 -8.43201e-11
970 0 1 0 0
970 0 2 4.11612e-13 1.46767e-14
970 0 3 0 0
970 1 0 0 0
970 1 1 -0.00762768 -8.43201e-11
970 1 2 0 0
970 1 3 4.11612e-13 1.46767e-14
970 2 0 3.61831e-13 -1.3601e-14
970 2 1 0 0
970 2 2 -0.00762768 -8.43908e-11
970 2 3 0 0
970 3 0 0 0
970 3 1 3.61831e-13 -1.3601e-14
970 3 2 0 0
970 3 3 -0.00762768 -8.43908e-11
971 0 0 -0.00782635 4.32359e-10
971 0 1 0 0
971 0 2 2.98057e-13 -7.59884e-14
971 0 3 0 0
971 1 0 0 0
971 1 1 -0.00782635 4.32359e-10
971 1 2 0 0
971 1 3 2.98057e-13 -7.59884e-14
971 2 0 5.63304e-13 7.20305e-14
971 2 1 0 0
971 2 2 -0.00782635 4.32689e-10
971 2 3 0 0
971 3 0 0 0
971 3 1 5.63304e-13 7.20305e-14
971 3 2 0 0
971 3 3 -0.00782635 4.32689e-10
972 0 0 -0.00803429 7.04055e-10
972 0 1 0 0
972 0 2 2.41253e-13 -1.23595e-13
972 0 3 0 0
972 1 0 0 0
972 1 1 -0.00803429 7.04055e-10
972 1 2 0 0
972 1 3 2.41253e-13 -1.23595e-13
972 2 0 6.71046e-13 1.16823e-13
972 2 1 0 0
972 2 2 -0.00803429 7.046e-10
972 2 3 0 0
972 3 0 0 0
972 3 1 6.71046e-13 1.16823e-13
972 3 2 0 0
972 3 3 -0.00803429 7.046e-10
973 0 0 -0.00825232 5.08253e-10
973 0 1 0 0
973 0 2 2.9381e-13 -8.91312e-14
973 0 3 0 0
973 1 0 0 0
973 1 1 -0.00825232 5.08253e-10
973 1 2 0 0
973 1 3 2.9381e-13 -8.91312e-14
973 2 0 6.02615e-13 8.4021e-14
973 2 1 0 0
973 2 2 -0.00825232 5.0865e-10
973 2 3 0 0
973 3 0 0 0
973 3 1 6.02615e-13 8.4021e-14
973 3 2 0 0
973 3 3 -0.00825232 5.0865e-10
974 0 0 -0.00848135 -8.64968e-11
974 0 1 0 0
974 0 2 4.41501e-13 1.53079e-14
974 0 3 0 0
974 1 0 0 0
974 1 1 -0.00848135 -8.64968e-11
974 1 2 0 0
974 1 3 4.41501e-13 1.53079e-14
974 2 0 3.86739e-13 -1.47719e-14
974 2 1 0 0
974 2 2 -0.00848135 -8.65575e-11
974 2 3 0 0
974 3 0 0 0
974 3 1 3.86739e-13 -1.47719e-14
974 3 2 0 0
974 3 3 -0.00848135 -8.65575e-11
975 0 0 -0.00872239 -6.75745e-10
975 0 1 0 0
975 0 2 5.91841e-13 1.18691e-13
975 0 3 0 0
975 1 0 0 0
975 1 1 -0.00872239 -6.75745e-10
975 1 2 0 0
975 1 3 5.91841e-13 1.18691e-13
975 2 0 1.78445e-13 -1.12322e-13
975 2 1 0 0
975 2 2 -0.00872239 -6.76265e-10
975 2 3 0 0
975 3 0 0 0
975 3 1 1.78445e-13 -1.12322e-13
975 3 2 0 0
975 3 3 -0.00872239 -6.76265e-10
976 0 0 -0.00897665 -7.4915e-10
976 0 1 0 0
976 0 2 6.26234e-13 1.31464e-13
976 0 3 0 0
976 1 0 0 0
976 1 1 -0.00897665 -7.4915e-10
976 1 2 0 0
976 1 3 6.26234e-13 1.31464e-13
976 2 0 1.7006e-13 -1.24077e-13
976 2 1 0 0
976 2 2 -0.00897665 -7.49732e-10
976 2 3 0 0
976 3 0 0 0
976 3 1 1.7006e-13 -1.24077e-13
976 3 2 0 0
976 3 3 -0.00897665 -7.49732e-10
977 0 0 -0.00924547 -1.28372e-10
977 0 1 0 0
977 0 2 5.01215e-13 2.24098e-14
977 0 3 0 0
977 1 0 0 0
977 1 1 -0.00924547 -1.28372e-10
977 1 2 0 0
977 1 3 5.01215e-13 2.24098e-14
977 2 0 4.2526e-13 -2.08019e-14
977 2 1 0 0
977 2 2 -0.00924547 -1.28479e-10
977 2 3 0 0
977 3 0 0 0
977 3 1 4.2526e-13 -2.08019e-14
977 3 2 0 0
977 3 3 -0.00924547 -1.28479e-10
978 0 0 -0.00953043 7.22877e-10
978 0 1 0 0
978 0 2 3.21799e-13 -1.26986e-13
978 0 3 0 0
978 1 0 0 0
978 1 1 -0.00953043 7.22877e-10
978 1 2 0 0
978 1 3 3.21799e-13 -1.26986e-13
978 2 0 7.64516e-13 1.20243e-13
978 2 1 0 0
978 2 2 -0.00953043 7.23431e-10
978 2 3 0 0
978 3 0 0 0
978 3 1 7.64516e-13 1.20243e-13
978 3 2 0 0
978 3 3 -0.00953043 7.23431e-10
979 0 0 -0.00983335 9.47194e-10
979 0 1 0 0
979 0 2 2.86581e-13 -1.66226e-13
979 0 3 0 0
979 1 0 0 0
979 1 1 -0.00983335 9.47194e-10
979 1 2 0 0
979 1 3 2.86581e-13 -1.66226e-13
979 2 0 8.63584e-13 1.56887e-13
979 2 1 0 0
979 2 2 -0.00983335 9.4793e-10
979 2 3 0 0
979 3 0 0 0
979 3 1 8.63584e-13 1.56887e-13
979 3 2 0 0
979 3 3 -0.00983335 9.4793e-10
980 0 0 -0.0101564 1.49817e-10
980 0 1 0 0
980 0 2 4.90594e-13 -2.61414e-14
980 0 3 0 0
980 1 0 0 0
980 1 1 -0.0101564 1.49817e-10
980 1 2 0 0
980 1 3 4.90594e-13 -2.61414e-14
980 2 0 5.79298e-13 2.42091e-14
980 2 1 0 0
980 2 2 -0.0101564 1.49942e-10
980 2 3 0 0
980 3 0 0 0
980 3 1 5.79298e-13 2.42091e-14
980 3 2 0 0
980 3 3 -0.0101564 1.49942e-10
981 0 0 -0.0105021 -8.89188e-10
981 0 1 0 0
981 0 2 7.57556e-13 1.56199e-13
981 0 3 0 0
981 1 0 0 0
981 1 1 -0.0105021 -8.89188e-10
981 1 2 0 0
981 1 3 7.57556e-13 1.56199e-13
981 2 0 2.13767e-13 -1.47832e-13
981 2 1 0 0
981 2 2 -0.0105021 -8.8987e-10
981 2 3 0 0
981 3 0 0 0
981 3 1 2.13767e-13 -1.47832e-13
981 3 2 0 0
981 3 3 -0.0105021 -8.8987e-10
982 0 0 -0.0108736 -8.02302e-10
982 0 1 0 0
982 0 2 7.70282e-13 1.40781e-13
982 0 3 0 0
982 1 0 0 0
982 1 1 -0.0108736 -8.02302e-10
982 1 2 0 0
982 1 3 7.70282e-13 1.40781e-13
982 2 0 2.82671e-13 -1.32648e-13
982 2 1 0 0
982 2 2 -0.0108736 -8.02929e-10
982 2 3 0 0
982 3 0 0 0
982 3 1 2.82671e-13 -1.32648e-13
982 3 2 0 0
982 3 3 -0.0108736 -8.02929e-10
983 0 0 -0.0112744 4.92888e-10
983 0 1 0 0
983 0 2 5.02943e-13 -8.66364e-14
983 0 3 0 0
983 1 0 0 0
983 1 1 -0.0112744 4.92888e-10
983 1 2 0 0
983 1 3 5.02943e-13 -8.66364e-14
983 2 0 8.05611e-13 8.23454e-14
983 2 1 0 0
983 2 2 -0.0112744 4.93261e-10
983 2 3 0 0
983 3 0 0 0
983 3 1 8.05611e-13 8.23454e-14
983 3 2 0 0
983 3 3 -0.0112744 4.93261e-10
984 0 0 -0.0117092 1.03441e-09
984 0 1 0 0
984 0 2 4.0558e-13 -1.81523e-13
984 0 3 0 0
984 1 0 0 0
984 1 1 -0.0117092 1.03441e-09
984 1 2 0 0
984 1 3 4.0558e-13 -1.81523e-13
984 2 0 1.0346e-12 1.71263e-13
984 2 1 0 0
984 2 2 -0.0117092 1.03522e-09
984 2 3 0 0
984 3 0 0 0
984 3 1 1.0346e-12 1.71263e-13
984 3 2 0 0
984 3 3 -0.0117092 1.03522e-09
985 0 0 -0.0121835 -4.29838e-10
985 0 1 0 0
985 0 2 7.76221e-13 7.5652e-14
985 0 3 0 0
985 1 0 0 0
985 1 1 -0.0121835 -4.29838e-10
985 1 2 0 0
985 1 3 7.76221e-13 7.5652e-14
985 2 0 5.10736e-13 -7.2161e-14
985 2 1 0 0
985 2 2 -0.0121835 -4.30159e-10
985 2 3 0 0
985 3 0 0 0
985 3 1 5.10736e-13 -7.2161e-14
985 3 2 0 0
985 3 3 -0.0121835 -4.30159e-10
986 0 0 -0.0127044 -1.38514e-09
986 0 1 0 0
986 0 2 1.04321e-12 2.43136e-13
986 0 3 0 0
986 1 0 0 0
986 1 1 -0.0127044 -1.38514e-09
986 1 2 0 0
986 1 3 1.04321e-12 2.43136e-13
986 2 0 2.00249e-13 -2.29523e-13
986 2 1 0 0
986 2 2 -0.0127044 -1.38621e-09
986 2 3 0 0
986 3 0 0 0
986 3 1 2.00249e-13 -2.29523e-13
986 3 2 0 0
986 3 3 -0.0127044 -1.38621e-09
987 0 0 -0.0132809 4.88415e-10
987 0 1 0 0
987 0 2 6.59455e-13 -8.59668e-14
987 0 3 0 0
987 1 0 0 0
987 1 1 -0.0132809 4.88415e-10
987 1 2 0 0
987 1 3 6.59455e-13 -8.59668e-14
987 2 0 9.60519e-13 8.19194e-14
987 2 1 0 0
987 2 2 -0.0132809 4.88779e-10
987 2 3 0 0
987 3 0 0 0
987 3 1 9.60519e-13 8.19194e-14
987 3 2 0 0
987 3 3 -0.0132809 4.88779e-10
988 0 0 -0.0139248 1.04704e-09
988 0 1 0 0
988 0 2 5.69398e-13 -1.83705e-13
988 0 3 0 0
988 1 0 0 0
988 1 1 -0.0139248 1.04704e-09
988 1 2 0 0
988 1 3 5.69398e-13 -1.83705e-13
988 2 0 1.20426e-12 1.72973e-13
988 2 1 0 0
988 2 2 -0.0139248 1.04786e-09
988 2 3 0 0
988 3 0 0 0
988 3 1 1.20426e-12 1.72973e-13
988 3 2 0 0
988 3 3 -0.0139248 1.04786e-09
989 0 0 -0.0146519 -1.57237e-09
989 0 1 0 0
989 0 2 1.22795e-12 2.76278e-13
989 0 3 0 0
989 1 0 0 0
989 1 1 -0.0146519 -1.57237e-09
989 1 2 0 0
989 1 3 1.22795e-12 2.76278e-13
989 2 0 2.68877e-13 -2.61298e-13
989 2 1 0 0
989 2 2 -0.0146519 -1.57358e-09
989 2 3 0 0
989 3 0 0 0
989 3 1 2.68877e-13 -2.61298e-13
989 3 2 0 0
989 3 3 -0.0146519 -1.57358e-09
990 0 0 -0.0154838 3.86357e-10
990 0 1 0 0
990 0 2 8.4792e-13 -6.81224e-14
990 0 3 0 0
990 1 0 0 0
990 1 1 -0.0154838 3.86357e-10
990 1 2 0 0
990 1 3 8.4792e-13 -6.81224e-14
990 2 0 1.08787e-12 6.5393e-14
990 2 1 0 0
990 2 2 -0.0154838 3.86636e-10
990 2 3 0 0
990 3 0 0 0
990 3 1 1.08787e-12 6.5393e-14
990 3 2 0 0
990 3 3 -0.0154838 3.86636e-10
991 0 0 -0.0164511 9.50694e-10
991 0 1 0 0
991 0 2 7.67882e-13 -1.66769e-13
991 0 3 0 0
991 1 0 0 0
991 1 1 -0.0164511 9.50694e-10
991 1 2 0 0
991 1 3 7.67882e-13 -1.66769e-13
991 2 0 1.34231e-12 1.56283e-13
991 2 1 0 0
991 2 2 -0.0164511 9.51444e-10
991 2 3 0 0
991 3 0 0 0
991 3 1 1.34231e-12 1.56283e-13
991 3 2 0 0
991 3 3 -0.0164511 9.51444e-10
992 0 0 -0.0175983 -1.68173e-09
992 0 1 0 0
992 0 2 1.4652e-12 2.95498e-13
992 0 3 0 0
992 1 0 0 0
992 1 1 -0.0175983 -1.68173e-09
992 1 2 0 0
992 1 3 1.4652e-12 2.95498e-13
992 2 0 4.47048e-13 -2.77656e-13
992 2 1 0 0
992 2 2 -0.0175983 -1.68304e-09
992 2 3 0 0
992 3 0 0 0
992 3 1 4.47048e-13 -2.77656e-13
992 3 2 0 0
992 3 3 -0.0175983 -1.68304e-09
993 0 0 -0.0189929 2.05447e-09
993 0 1 0 0
993 0 2 6.8388e-13 -3.60891e-13
993 0 3 0 0
993 1 0 0 0
993 1 1 -0.0189929 2.05447e-09
993 1 2 0 0
993 1 3 6.8388e-13 -3.60891e-13
993 2 0 1.92594e-12 3.39431e-13
993 2 1 0 0
993 2 2 -0.0189929 2.05607e-09
993 2 3 0 0
993 3 0 0 0
993 3 1 1.92594e-12 3.39431e-13
993 3 2 0 0
993 3 3 -0.0189929 2.05607e-09
994 0 0 -0.0207418 -1.4395e-09
994 0 1 0 0
994 0 2 1.60946e-12 2.52822e-13
994 0 3 0 0
994 1 0 0 0
994 1 1 -0.0207418 -1.4395e-09
994 1 2 0 0
994 1 3 1.60946e-12 2.52822e-13
994 2 0 7.44788e-13 -2.3651e-13
994 2 1 0 0
994 2 2 -0.0207418 -1.44065e-09
994 2 3 0 0
994 3 0 0 0
994 3 1 7.44788e-13 -2.3651e-13
994 3 2 0 0
994 3 3 -0.0207418 -1.44065e-09
995 0 0 -0.0230226 -1.72428e-09
995 0 1 0 0
995 0 2 1.77323e-12 3.0287e-13
995 0 3 0 0
995 1 0 0 0
995 1 1 -0.0230226 -1.72428e-09
995 1 2 0 0
995 1 3 1.77323e-12 3.0287e-13
995 2 0 7.20041e-13 -2.8976e-13
995 2 1 0 0
995 2 2 -0.0230226 -1.72558e-09
995 2 3 0 0
995 3 0 0 0
995 3 1 7.20041e-13 -2.8976e-13
995 3 2 0 0
995 3 3 -0.0230226 -1.72558e-09
996 0 0 -0.026148 2.19691e-09
996 0 1 0 0
996 0 2 1.04867e-12 -3.86598e-13
996 0 3 0 0
996 1 0 0 0
996 1 1 -0.026148 2.19691e-09
996 1 2 0 0
996 1 3 1.04867e-12 -3.86598e-13
996 2 0 2.35016e-12 3.6208e-13
996 2 1 0 0
996 2 2 -0.026148 2.19865e-09
996 2 3 0 0
996 3 0 0 0
996 3 1 2.35016e-12 3.6208e-13
996 3 2 0 0
996 3 3 -0.026148 2.19865e-09
997 0 0 -0.0307034 1.28014e-09
997 0 1 0 0
997 0 2 1.44819e-12 -2.27004e-13
997 0 3 0 0
997 1 0 0 0
997 1 1 -0.0307034 1.28014e-09
997 1 2 0 0
997 1 3 1.44819e-12 -2.27004e-13
997 2 0 2.1726e-12 2.09902e-13
997 2 1 0 0
997 2 2 -0.0307034 1.28121e-09
997 2 3 0 0
997 3 0 0 0
997 3 1 2.1726e-12 2.09902e-13
997 3 2 0 0
997 3 3 -0.0307034 1.28121e-09
998 0 0 -0.037865 -2.404e-09
998 0 1 0 0
998 0 2 2.6663e-12 4.20777e-13
998 0 3 0 0
998 1 0 0 0
998 1 1 -0.037865 -2.404e-09
998 1 2 0 0
998 1 3 2.6663e-12 4.20777e-13
998 2 0 1.23752e-12 -4.00042e-13
998 2 1 0 0
998 2 2 -0.037865 -2.40599e-09
998 2 3 0 0
998 3 0 0 0
998 3 1 1.23752e-12 -4.00042e-13
998 3 2 0 0
998 3 3 -0.037865 -2.40599e-09
999 0 0 -0.0501928 3.47285e-09
999 0 1 0 0
999 0 2 1.76069e-12 -6.38763e-13
999 0 3 0 0
999 1 0 0 0
999 1 1 -0.0501928 3.47285e-09
999 1 2 0 0
999 1 3 1.76069e-12 -6.38763e-13
999 2 0 4.19053e-12 5.61858e-13
999 2 1 0 0
999 2 2 -0.0501928 3.4757e-09
999 2 3 0 0
999 3 0 0 0
999 3 1 4.19053e-12 5.61858e-13
999 3 2 0 0
999 3 3 -0.0501928 3.4757e-09
1000 0 0 -0.0738431 -1.78483e-05
1000 0 1 0 0
1000 0 2 3.99458e-09 3.78496e-09
1000 0 3 0 0
1000 1 0 0 0
1000 1 1 -0.0738431 -1.78483e-05
1000 1 2 0 0
1000 1 3 3.99458e-09 3.78496e-09
1000 2 0 -1.7917e-08 1.79582e-09
1000 2 1 0 0
1000 2 2 -0.0738432 -1.78673e-05
1000 2 3 0 0
1000 3 0 0 0
1000 3 1 -1.7917e-08 1.79582e-09
1000 3 2 0 0
1000 3 3 -0.0738432 -1.78673e-05
